cleanliness_score,odor_score,waste_level,complaints,footfall,hours_since_cleaning,odor_x_waste,crowding_index,complaint_rate,hours_norm,location_Bangalore,location_Chennai,location_Delhi,location_Kolkata,location_Mumbai,location_Pune,facility_type_Bus Stand,facility_type_Hospital,facility_type_Market,facility_type_Park,facility_type_Public Toilet,facility_type_Railway Station
-1.0608922302501365,-0.520215449491624,-1.3781522951583622,0.856585053147239,0.967979904265569,0.8131806688345444,-1.1493639792695933,1.2096533567619652,-0.1228424738606663,0.8131806688345444,False,False,True,False,False,False,False,False,False,True,False,False
-0.9529911685643149,-0.3223208419817337,-1.4264590792737422,0.11091797750219957,0.7269601069842295,-0.11225288689700975,-1.1324388682490836,0.9078578005225845,-0.12829624719448843,-0.11225288689700963,False,False,False,False,True,False,False,False,False,True,False,False
1.1510795343092026,0.07346837303804642,-0.12217590815848194,0.11091797750219957,-1.3597639273726303,-0.720394937806317,-0.035014669679230295,-1.1128938073257502,-0.0866472368517644,-0.7203949378063168,False,False,False,False,True,False,False,False,False,True,False,False
0.2339205099797206,0.4197839361803542,-0.46032339696614205,0.4837515153247193,-0.3703142332702895,0.16537717982245645,-0.1203172292225996,-0.4353239120211821,-0.11322018171687419,0.1653771798224567,False,True,False,False,False,False,True,False,False,False,False,False
0.2878710408226311,2.1513617518918924,-0.5086301810815221,-1.3804161737878793,-0.3512863545375522,2.359976754842999,0.6907340908802283,-0.4371474675436204,-0.14260122643074316,2.359976754842999,False,False,False,False,True,False,True,False,False,False,False,False
-1.6003975386792433,-1.4107411832861296,-0.46032339696614205,0.856585053147239,-0.6874455454825783,-0.6278515822331614,-1.0471363087057144,0.03510527365295045,-0.09929437148262946,-0.6278515822331613,False,True,False,False,False,False,True,False,False,False,False,False
0.9352774109375596,-0.7181100570015141,-0.9433912381199421,0.11091797750219957,-1.3787918061053677,-0.2576781599405399,-0.9604797402807044,-1.107085623945618,-0.08512121895415589,-0.2576781599405398,False,False,False,False,False,True,False,False,True,False,False,False
-1.114842761093047,-0.47074179761415125,-0.8467776698891822,0.4837515153247193,1.6339556599113754,0.892503545040106,-0.8095077499777573,1.8588075057751587,-0.12909096826316924,0.8925035450401059,False,False,True,False,False,False,False,False,True,False,False,False
0.17996997913680962,1.1618887143424421,0.7956529900337379,0.11091797750219957,0.7903863694266873,0.5487710814826718,1.6107831259551388,0.2909868391317698,-0.12861272903599846,0.5487710814826721,False,True,False,False,False,False,False,False,False,False,True,False
-1.0069416994072253,1.1124150624649694,0.45750550122607775,0.4837515153247193,-0.8333259491002311,0.0728338242493009,1.2079654836670062,-0.3966678206311131,-0.10227724159385157,0.07283382424930089,False,True,False,False,False,False,True,False,False,False,False,False
0.3418215716655421,-0.2728471901042614,0.11935801241841809,-0.26191556032032015,0.5937649558550683,0.9453854625104807,-0.08105097165501707,0.10812682688344227,-0.13133732947868035,0.945385462510481,False,False,True,False,False,False,False,False,False,False,False,True
-0.4134858601352079,1.2608360180973874,1.133800478841398,-0.26191556032032015,0.7079322282514923,1.0379288180836361,2.0704691412721843,0.5290511046992907,-0.13179917491179455,1.0379288180836361,True,False,False,False,False,False,True,False,False,False,False,False
-1.654348069522154,-0.6686364051240415,0.8439597741491182,0.11091797750219957,0.08001223007116051,-0.07259144879422899,0.05976595203562429,0.9236192344705791,-0.12400475342361199,-0.07259144879422888,True,False,False,False,False,False,False,False,True,False,False,False
-0.8990406377214044,0.8650468030776067,-0.26709626050462226,1.6022521287922782,0.31468940110825416,-0.48242630918963153,0.29739451076358103,0.5218948814058298,-0.10905851649745617,-0.48242630918963136,False,False,True,False,False,False,False,False,True,False,False,False
2.0142880277957738,-0.02547893071689873,0.022744444187657992,-1.3804161737878793,0.06732697758266896,-0.08581192816182258,0.013052645619017256,-0.5587244070774352,-0.14260122643074316,-0.08581192816182245,False,True,False,False,False,False,False,False,False,True,False,False
-0.6832385143497613,-0.7675837088789867,0.264278364764558,0.4837515153247193,0.3083467748640084,0.5884325195854528,-0.33560464140348406,0.38446286588367823,-0.12158127688810817,0.5884325195854527,False,False,True,False,False,False,False,False,True,False,False,False
1.205030065152113,-0.02547893071689873,-0.9916980222353221,0.856585053147239,1.3231669739433325,-0.7997178140118787,-0.7404532970140775,0.20140564682785742,-0.12490682114410714,-0.7997178140118786,False,False,False,True,False,False,False,True,False,False,False,False
1.2589805959950235,1.7060988849946404,0.988880126495258,-1.3804161737878793,1.6656687911326042,0.2447000560280182,2.3182527666124475,0.35054534923237823,-0.14260122643074316,0.2447000560280182,True,False,False,False,False,False,False,False,False,False,False,True
-0.1437332059206544,-1.163372923898767,-0.9433912381199421,-1.3804161737878793,-0.45276837444548457,-1.0376864426285641,-1.1249918194000592,-0.38727075974070946,-0.14260122643074316,-1.037686442628564,True,False,False,False,False,False,False,False,True,False,False,False
0.8813268800946491,1.359783321852332,-1.0883115904660823,0.11091797750219957,-1.3914770585938592,-0.08581192816182258,-0.35726878350973656,-1.1097094100481633,-0.08405677437125612,-0.08581192816182245,False,True,False,False,False,False,True,False,False,False,False,False
-0.0358321442348329,0.22188932867046393,-1.0883115904660823,-1.3804161737878793,1.6085851549343924,0.35046389096876734,-0.730975234842592,0.9189207040253776,-0.14260122643074316,0.35046389096876757,False,False,False,False,True,False,False,False,False,False,True,False
1.6905848427383097,0.4197839361803542,-0.0738691240431021,0.856585053147239,0.1053827350481436,-1.3549779474508112,0.21547697342431418,-0.4893282623917746,-0.11503087400738007,-1.354977947450811,False,False,False,False,False,True,False,True,False,False,False,False
0.7194752875659166,-2.350740568958108,-2.1027540568890624,0.11091797750219957,-1.537357462211512,0.7867397100993573,-1.6611793365298086,-1.176459972309771,-0.06821533440221846,0.7867397100993573,False,False,True,False,False,False,False,False,False,True,False,False
-1.654348069522154,-0.47074179761415125,-1.233231942812222,0.856585053147239,0.08635485631540628,0.5487710814826718,-1.0478133131465346,0.9306670301383818,-0.11478831958723319,0.5487710814826721,False,True,False,False,False,False,False,False,False,False,True,False
-0.4134858601352079,0.22188932867046393,-1.6679929998506422,-0.6347490981428399,0.31468940110825416,-1.2359936331424686,-1.2021703256535838,0.24670556748455152,-0.1342155489474214,-1.2359936331424684,False,False,False,True,False,False,True,False,False,False,False,False
2.0142880277957738,0.02399472116057406,-1.0883115904660823,-0.6347490981428399,1.0060356617310438,-0.7336154171739105,-0.7959676611613494,-0.1604598809768794,-0.1360962873130224,-0.7336154171739103,True,False,False,False,False,False,False,False,False,True,False,False
-0.3055847984493864,-0.2728471901042614,-0.5569369651969022,-1.3804161737878793,-0.15466494096593317,-0.24445768057294606,-0.5359979558863195,-0.13134110511736938,-0.14260122643074316,-0.2444576805729458,False,False,False,False,False,True,False,False,False,True,False,False
-0.7911395760355829,0.02399472116057406,1.133800478841398,1.975085666614798,2.4521544454190805,-0.9715840457905959,0.885711369836501,2.1732663146030315,-0.12267643392310262,-0.9715840457905958,False,False,False,False,True,False,True,False,False,False,False,False
-1.654348069522154,-0.37179449385920654,0.264278364764558,0.4837515153247193,-1.6642099870964275,0.15215670045486288,-0.05397079402220155,-1.0145245741751436,-0.021008902922577757,0.1521567004548631,False,False,True,False,False,False,False,False,False,False,False,True
0.1260194482938991,-0.17389988634931625,0.16766479653379793,0.4837515153247193,-1.283652412441681,-0.13869384563219714,0.01914568558640076,-0.976184565742297,-0.07937321820649715,-0.13869384563219714,False,False,False,True,False,False,True,False,False,False,False,False
-1.4385459461505112,-0.6686364051240415,-0.46032339696614205,0.11091797750219957,0.8474700056248993,0.0992747829844883,-0.6713988440503976,1.4944906835625926,-0.12888582334522342,0.09927478298448841,False,False,False,False,True,False,False,False,True,False,False,False
0.5036731641942741,1.7060988849946404,-0.5086301810815221,0.856585053147239,-1.404162311082351,-0.9980250045257831,0.47138465205442187,-1.08654960795098,-0.05312762988699881,-0.998025004525783,False,False,False,False,False,True,False,False,False,False,False,True
-0.4134858601352079,-2.5981088283454703,-0.1704826922738622,-0.6347490981428399,-1.4358754423035798,0.932164983142887,-1.644254225509299,-1.0101874691488033,-0.11130023226032434,0.932164983142887,False,True,False,False,False,False,False,False,True,False,False,False
-0.5753374526639399,-0.520215449491624,-0.46032339696614205,1.2294185909697588,0.4922829359471359,1.81793710077166,-0.5962513511193342,0.46323903358992363,-0.11528048213631588,1.8179371007716598,False,False,False,False,False,True,False,True,False,False,False,False
0.5036731641942741,0.5682048918127718,0.40919871711069794,1.6022521287922782,1.6910392961095873,-0.9848045251581895,0.7469254594683207,0.6750555140890527,-0.12131233477274789,-0.9848045251581893,False,True,False,False,False,False,False,True,False,False,False,False
-0.3055847984493864,0.02399472116057406,-0.5569369651969022,0.4837515153247193,-0.06586817354649231,0.08605430361689471,-0.39382702331403735,-0.06948880880889254,-0.11766904653159253,0.08605430361689484,True,False,False,False,False,False,False,False,True,False,False,False
0.8813268800946491,0.7166258474451892,0.3125851488799378,-0.6347490981428399,-0.7001307979710698,0.8792830656725126,0.7665585882521119,-0.747183471090855,-0.12803256094128557,0.8792830656725127,True,False,False,False,False,False,False,False,False,False,True,False
-0.08978267507774389,1.062941410587497,-0.9433912381199421,-1.3804161737878793,0.3844582897949577,-0.3898829536164762,-0.30243142380328475,0.1478653873737126,-0.14260122643074316,-0.3898829536164761,False,False,False,False,False,True,False,False,False,True,False,False
-1.654348069522154,-1.8560040501833823,-2.1027540568890624,0.856585053147239,0.5303386934126105,-0.7600563759090977,-1.6408692033051968,1.424012726884566,-0.11952531102043441,-0.7600563759090975,False,True,False,False,False,False,False,True,False,False,False,False
0.17996997913680962,0.6671521955677169,1.230414047072158,0.4837515153247193,1.1899718228141711,-0.1915757631025717,1.5925040060529887,0.5363614093555298,-0.12725462249281938,-0.1915757631025715,True,False,False,False,False,False,False,False,True,False,False,False
-0.7911395760355829,-0.6686364051240415,-0.7984708857738022,0.4837515153247193,-0.5986487780631374,0.23147957666042462,-0.860960087480107,-0.2815538247236701,-0.10868062116022491,0.2314795766604246,False,True,False,False,False,False,False,False,True,False,False,False
-0.7911395760355829,1.5576779293622223,-0.5569369651969022,0.856585053147239,-0.7064734242153156,-0.9980250045257831,0.34072279497608626,-0.3683146196686886,-0.09869288738612789,-0.998025004525783,True,False,False,False,False,False,True,False,False,False,False,False
0.17996997913680962,-0.5696891013690965,-0.025562339927722267,-1.3804161737878793,-0.11026655725621275,0.257920535395612,-0.36539283679958107,-0.26207965248368903,-0.14260122643074316,0.2579205353956121,True,False,False,False,False,False,False,False,True,False,False,False
-0.9529911685643149,0.32083663242540905,-0.4120166128507622,0.856585053147239,0.035613846361440084,0.05961334488170732,-0.12979529139408535,0.3212249174825766,-0.11412014164504677,0.05961334488170732,False,False,False,False,False,True,False,False,False,False,True,False
-0.1437332059206544,-0.8170573607564591,-0.701857317543042,-0.26191556032032015,-0.7635570604135276,-1.7648128078462137,-0.8717921585332331,-0.5944759523741068,-0.11969252779876997,-1.7648128078462135,False,False,False,False,True,False,False,False,False,False,False,True
-0.7911395760355829,-0.9654783163888768,1.8100954564567182,0.4837515153247193,0.0039007151402112093,0.2843614941307992,0.2601592665184597,0.20328591173378657,-0.11850518671113722,0.2843614941307993,False,False,False,True,False,False,False,False,False,False,False,True
1.0971290034662922,1.805046188749585,1.3270276153029181,0.856585053147239,-1.404162311082351,-1.7119308903758392,2.835484159399226,-1.131381573312258,-0.05312762988699881,-1.7119308903758388,True,False,False,False,False,False,False,False,False,False,False,True
0.018118386608077613,0.07346837303804642,-0.5086301810815221,-1.0075826359653597,-0.2244338296526367,0.8131806688345444,-0.3328966236402023,-0.28560872086130984,-0.13718786956222895,0.8131806688345444,True,False,False,False,False,False,False,False,False,False,False,True
0.6655247567230062,-0.17389988634931625,0.5541190694568379,0.11091797750219957,1.0187209142195353,1.1040312149216043,0.289947461914557,0.23036488648825262,-0.12964466736839766,1.1040312149216043,False,False,True,False,False,False,False,False,False,True,False,False
-0.3055847984493864,0.9639941068325519,1.230414047072158,-1.0075826359653597,-0.8650390803214599,0.8131806688345444,1.8849699244873974,-0.6261594755851837,-0.13432530912390467,0.8131806688345444,False,False,False,True,False,False,False,False,False,False,False,True
2.0142880277957738,0.12294202491551877,0.16766479653379793,0.856585053147239,0.2829762698870253,-1.8705766427869628,0.22224701783251793,-0.4672312051354157,-0.11710606182419235,-1.8705766427869626,False,False,False,True,False,False,True,False,False,False,False,False
-1.0069416994072253,-1.4107411832861296,-1.5230726475045022,0.11091797750219957,-1.3026802911744184,-0.27089863930813346,-1.4194887511569292,-0.802307615733531,-0.09077499018136119,-0.27089863930813335,False,False,True,False,False,False,False,False,False,False,False,True
0.4497226333513631,0.8650468030776067,0.8439597741491182,0.11091797750219957,-0.9411505952524093,-1.0905683600989384,1.4029427626232789,-0.8150980597232468,-0.10727831680825935,-1.0905683600989384,False,False,True,False,False,False,False,False,False,False,True,False
-0.4674363909781184,0.02399472116057406,1.085493694726018,0.856585053147239,-1.4993017047460375,-1.077347880731345,0.8491531300321999,-1.0493230652849188,-0.038379234852315675,-1.0773478807313448,False,False,False,False,False,True,False,False,False,True,False,False
0.4497226333513631,-0.4212681457366789,-2.006140488658302,-1.3804161737878793,-1.7149509970503938,0.61487347832064,-1.5210394172799877,-1.2609363930790574,-0.14260122643074316,0.61487347832064,True,False,False,False,False,False,True,False,False,False,False,False
1.2589805959950235,-0.7181100570015141,-0.12217590815848194,-0.26191556032032015,-0.07221079979073809,1.897259976977222,-0.5116257960167855,-0.4943091564454619,-0.12759457890916578,1.897259976977222,False,True,False,False,False,False,False,False,False,False,False,True
-1.8161996620508862,-0.6191627532465692,1.037186910610638,-0.6347490981428399,-0.31323059707207757,-1.0905683600989384,0.21412296454267293,0.6368281646038415,-0.13122928250551907,-1.0905683600989384,False,False,False,False,False,True,True,False,False,False,False,False
-0.4674363909781184,0.02399472116057406,-1.3781522951583622,-1.3804161737878793,-0.7191586767038072,-0.05937096942663541,-1.015317099987156,-0.4804338087244755,-0.14260122643074316,-0.05937096942663529,False,False,False,False,True,False,False,False,False,True,False,False
0.018118386608077613,-0.520215449491624,-0.36370982873538216,-1.3804161737878793,-0.4781388794224677,0.19181813855764362,-0.5380289692087807,-0.4478045663669046,-0.14260122643074316,0.19181813855764385,False,True,False,False,False,False,False,False,False,False,False,True
-0.5753374526639399,0.6176785436902441,-0.6535505334276622,1.6022521287922782,1.3548801051645614,0.257920535395612,-0.19884974435776517,1.1125456280171593,-0.11922673170828624,0.2579205353956121,True,False,False,False,False,False,False,False,False,True,False,False
0.6115742258800956,-0.2728471901042614,-0.0738691240431021,-1.0075826359653597,-0.002441911104034566,0.8131806688345444,-0.21103582429253218,-0.3167928030626832,-0.13776728084784973,0.8131806688345444,False,False,True,False,False,False,False,False,False,False,True,False
-0.6292879835068509,-0.17389988634931625,-1.233231942812222,0.11091797750219957,1.1582586915929423,1.1172516942891981,-0.9625107536031656,1.0043800405655638,-0.13020357775932237,1.1172516942891981,True,False,False,False,False,False,True,False,False,False,False,False
0.6655247567230062,-0.07495258259437108,0.988880126495258,-1.0075826359653597,-0.47179625317822194,0.16537717982245645,0.6853180553536653,-0.5880085634083585,-0.1363533995311141,0.1653771798224567,False,False,False,False,False,True,False,False,False,False,False,True
2.0142880277957738,-0.8665310126339316,-0.6052437493122822,-0.26191556032032015,-0.5415651418649254,0.12571574171967548,-0.8447119809004175,-0.8170581537372552,-0.12300576933645205,0.1257157417196756,False,False,False,False,True,False,False,True,False,False,False,False
0.018118386608077613,0.17241567679299158,0.5058122853414581,-1.0075826359653597,0.06732697758266896,-1.2095526744072813,0.5262220117608735,-0.09908349852987595,-0.13792459860350603,-1.2095526744072809,False,True,False,False,False,False,False,True,False,False,False,False
-0.4674363909781184,-0.37179449385920654,-0.12217590815848194,-0.6347490981428399,-2.0701380667281573,2.1748900436966885,-0.3031084282441053,-1.4655834969145116,3.018799184781557,2.174890043696689,False,False,True,False,False,False,False,False,False,False,True,False
0.5576236950371846,-0.520215449491624,-2.1027540568890624,-0.6347490981428399,1.3865932363857902,-0.9054816489526277,-1.5860318435987453,0.4780796697843092,-0.1368111157874972,-0.9054816489526276,False,False,True,False,False,False,False,False,False,True,False,False
0.39577210250845263,-0.7181100570015141,-0.26709626050462226,1.2294185909697588,-0.1990633246756536,-0.46920582982203796,-0.5908353155927712,-0.3740561428635796,-0.10521980264951662,-0.4692058298220378,True,False,False,False,False,False,False,False,False,False,False,True
0.5576236950371846,-0.520215449491624,0.6507326376875979,-0.6347490981428399,-0.5035093843994508,-0.15191432499979074,0.07330604085203181,-0.58469395164,-0.12985364412746778,-0.15191432499979074,True,False,False,False,False,False,False,False,False,False,True,False
-0.3055847984493864,0.07346837303804642,-1.5713794316198824,-0.26191556032032015,-0.7445291816807902,-0.42954439171925696,-1.152071997032875,-0.5422170734522509,-0.12001979492208387,-0.42954439171925685,True,False,False,False,False,False,False,False,True,False,False,False
-1.5464470078363326,0.9145204549550795,-0.46032339696614205,-1.3804161737878793,0.543023945901102,0.3636843703363607,0.13017441388094486,1.3061223266231399,-0.14260122643074316,0.3636843703363608,False,False,True,False,False,False,False,False,False,False,True,False
0.7734258184088276,-1.4107411832861296,2.148242945264378,0.11091797750219957,1.0504340454407641,-0.5220877472924125,-0.1331803135981871,0.20838948790702308,-0.12977607263272167,-0.5220877472924123,False,False,False,True,False,False,False,True,False,False,False,False
1.5287332502095772,-2.6475824802229426,0.45750550122607775,0.11091797750219957,0.04195647260568586,-0.5220877472924125,-1.6733654164645757,-0.48963824731166455,-0.12367068504623838,-0.5220877472924123,False,False,False,False,False,True,False,False,True,False,False,False
0.4497226333513631,1.805046188749585,-0.5569369651969022,0.11091797750219957,-1.2329114024877148,1.7253937451985049,0.45919857211965465,-0.9832010378737983,-0.0950613706230394,1.7253937451985049,False,True,False,False,False,False,False,False,True,False,False,False
2.0142880277957738,0.8650468030776067,-0.1704826922738622,0.11091797750219957,-0.9284653427639177,0.9057240244076997,0.3935291413600766,-0.9812077219273491,-0.10766862520187796,0.9057240244076998,False,False,True,False,False,False,False,False,False,False,True,False
0.2878710408226311,1.7555725368721127,0.5541190694568379,-0.6347490981428399,1.8749754571927149,-1.3681984268184049,1.8213315070502802,0.8948859136710765,-0.1375267474400332,-1.3681984268184046,False,True,False,False,False,False,False,False,False,True,False,False
-1.114842761093047,-0.520215449491624,-1.0400048063507021,0.856585053147239,0.22589263368881332,0.8660625863049187,-0.9455856425826558,0.5950835287253182,-0.11647395030502167,0.8660625863049187,False,True,False,False,False,False,False,False,True,False,False,False
0.1260194482938991,0.12294202491551877,-0.8950844540045623,-1.3804161737878793,-0.43374049571274725,0.892503545040106,-0.6118224532582034,-0.44731797883038793,-0.14260122643074316,0.8925035450401059,False,True,False,False,False,False,False,False,False,True,False,False
-1.2766943536217792,-0.5696891013690965,1.8100954564567182,-0.26191556032032015,0.49862556219138165,0.535550602115078,0.7151062507497623,0.9810084277655433,-0.13092117565040215,0.5355506021150781,False,False,True,False,False,False,False,False,False,False,False,True
-0.4674363909781184,-0.07495258259437108,0.3125851488799378,-0.6347490981428399,-0.9601784739851466,1.3155588848031026,0.19245882243642065,-0.6561882131903035,-0.12463872409430964,1.3155588848031023,False,False,False,True,False,False,False,False,False,False,True,False
1.7984859044241306,-0.12442623447184388,1.6651751041105778,0.856585053147239,0.6508485920532803,-1.8705766427869628,1.1233399285644574,-0.26759121066481567,-0.12054494449205269,-1.8705766427869626,False,True,False,False,False,False,False,False,False,False,False,True
-0.2516342676064759,-1.1138992720212944,0.8439597741491182,-0.6347490981428399,0.46056980472590703,0.17859765919005005,-0.33018860587692056,0.2712835589830832,-0.1346977254027124,0.17859765919005027,True,False,False,False,False,False,False,True,False,False,False,False
0.17996997913680962,0.37031028430288143,-1.5230726475045022,2.7207527422598377,-0.18003544594291626,0.31080245286598635,-1.0539063531139183,-0.3049228314116473,-0.08444837605727275,0.31080245286598646,False,False,True,False,False,False,False,False,True,False,False,False
-0.4134858601352079,0.5187312399352993,0.5058122853414581,2.7207527422598377,-0.7698996866577733,0.046392865514113736,0.7963467836482094,-0.5320216399948096,-0.05819490477216233,0.04639286551411373,False,False,False,True,False,False,False,False,False,True,False,False
0.39577210250845263,-0.9160046645114042,2.0033225929182383,0.856585053147239,-1.5183295834787747,-0.7071744584387232,0.4118082612622276,-1.1436754297876266,-0.034826212412142024,-0.707174458438723,False,True,False,False,False,False,True,False,False,False,False,False
0.5036731641942741,-0.2233735382267886,0.45750550122607775,0.4837515153247193,0.1307532400251267,0.3636843703363607,0.18433476914657615,-0.2129667400540786,-0.1198900165800801,0.3636843703363608,False,True,False,False,False,False,False,False,False,False,True,False
-1.2766943536217792,1.7060988849946404,0.45750550122607775,-1.0075826359653597,1.9193738409024352,-1.7251513697434329,1.6629124678983092,2.334185195983648,-0.1400921784853366,-1.7251513697434329,False,False,False,True,False,False,False,False,False,False,False,True
-1.3306448844646899,-1.7075830945509647,1.085493694726018,0.856585053147239,-1.6324968558751987,-0.3898829536164762,-0.7858125945490436,-1.040072833470928,-0.007112637378787432,-0.3898829536164761,False,False,False,False,True,False,False,False,True,False,False,False
-0.6292879835068509,0.02399472116057406,-0.0738691240431021,-1.3804161737878793,0.3083467748640084,-1.3417574680832176,-0.02824462527102653,0.35413423698534746,-0.14260122643074316,-1.3417574680832174,False,False,False,False,True,False,False,False,False,False,True,False
0.39577210250845263,-0.9654783163888768,-0.8950844540045623,0.11091797750219957,0.0039007151402112093,-0.7997178140118787,-1.0288571888035638,-0.2556531756444954,-0.12332439465505841,-0.7997178140118786,True,False,False,False,False,False,False,False,False,True,False,False
-1.2227438227788685,2.2997827075243102,-0.6535505334276622,-1.0075826359653597,-0.5542503943534169,-0.07259144879422899,0.5607492382427132,-0.05066803864645608,-0.13601497557405087,-0.07259144879422888,False,False,False,True,False,False,True,False,False,False,False,False
1.3668816576808456,-1.3612675314086569,2.2448565134951384,1.6022521287922782,-1.0806883726258163,-1.249214112510062,-0.036368678560871046,-0.9943880151242789,-0.06205599302406035,-1.249214112510062,False,False,True,False,False,False,False,False,True,False,False,False
-0.6832385143497613,0.17241567679299158,2.1965497293797576,-0.26191556032032015,-0.2244338296526367,-0.40310343298406975,1.8768458711975524,-0.029947519383116274,-0.12636115582520052,-0.4031034329840697,False,False,True,False,False,False,False,False,False,True,False,False
0.9352774109375596,-1.7570567464284372,-1.1366183745814622,-1.0075826359653597,-1.0553178676488333,-0.4559853504544443,-1.393085577964934,-0.9393480870519153,-0.1327832127313261,-0.4559853504544442,False,False,False,True,False,False,False,False,False,False,False,True
-0.4134858601352079,-0.4212681457366789,2.5830040023027983,-1.0075826359653597,0.6762190970302634,-0.7071744584387232,1.3731545672271819,0.5062813033110052,-0.13895906005837877,-0.707174458438723,False,False,False,True,False,False,True,False,False,False,False,False
1.3129311268379342,-0.47074179761415125,0.022744444187657992,-0.26191556032032015,0.2829762698870253,-1.3020960299804367,-0.27332023284800777,-0.333431413453681,-0.12985364412746778,-1.3020960299804363,False,True,False,False,False,False,False,False,False,True,False,False
-0.35953532929229737,0.9145204549550795,0.8439597741491182,-1.3804161737878793,-1.454903321036317,-1.0509069219961575,1.4462710468357844,-1.0305422916019675,-0.14260122643074316,-1.0509069219961573,False,False,True,False,False,False,True,False,False,False,False,False
0.5576236950371846,-0.02547893071689873,-1.6679929998506422,1.6022521287922782,0.6635338445417718,0.5619915608502651,-1.2427905921028073,0.07151526427299637,-0.11332900040099965,0.5619915608502652,False,False,False,False,False,True,False,False,False,False,False,True
1.1510795343092026,-0.8665310126339316,0.7956529900337379,1.2294185909697588,-0.5035093843994508,-1.8705766427869628,-0.13791934468392988,-0.6877767707678684,-0.09798468836927925,-1.8705766427869626,False,False,False,False,True,False,True,False,False,False,False,False
-0.4134858601352079,0.8650468030776067,-0.5569369651969022,-1.3804161737878793,-0.8460112015887227,0.0067314274113327455,0.008990618974094759,-0.5866691633266946,-0.14260122643074316,0.00673142741133298,False,False,True,False,False,False,True,False,False,False,False,False
1.0971290034662922,-0.7675837088789867,-1.0400048063507021,1.2294185909697588,-0.8333259491002311,0.7602987513641697,-1.0302111976852046,-0.8449227816531835,-0.08614764765909494,0.7602987513641697,False,False,True,False,False,False,False,False,False,False,False,True
0.8273763492517381,0.5682048918127718,-0.0738691240431021,2.347919204437318,-0.2498043346296198,-0.1915757631025717,0.30687257293506676,-0.5001956675998199,-0.08771580262497405,-0.1915757631025715,False,False,False,False,False,True,False,False,False,False,False,True
-1.7622491312079753,1.3103096699748598,1.7617886723413383,-1.3804161737878793,-0.5542503943534169,-0.3898829536164762,2.821944070582818,0.3030608259205579,-0.14260122643074316,-0.3898829536164761,False,False,False,False,False,True,True,False,False,False,False,False
-0.1437332059206544,1.9534671443820029,1.3270276153029181,0.4837515153247193,-0.5098520106436966,-0.3766624742488824,2.9857791452613527,-0.42532885634684364,-0.11060324656017333,-0.37666247424888216,False,False,False,False,False,True,False,False,False,True,False,False
-1.0069416994072253,1.1124150624649694,-0.9916980222353221,-1.3804161737878793,0.44154192599316966,-0.48242630918963153,-0.33560464140348406,0.7051375687686977,-0.14260122643074316,-0.48242630918963136,True,False,False,False,False,False,False,False,False,False,True,False
0.9352774109375596,-0.6686364051240415,-0.025562339927722267,-1.3804161737878793,-1.4866164522575458,-0.07259144879422899,-0.42767724535505713,-1.1629981362435189,-0.14260122643074316,-0.07259144879422888,False,False,True,False,False,False,True,False,False,False,False,False
-0.5753374526639399,-1.0149519682663493,-1.8129133521967822,-1.3804161737878793,-2.0701380667281573,2.4128586723133734,-1.4722950975409197,-1.4655834969145116,-0.14260122643074316,2.4128586723133734,False,False,False,False,True,False,False,False,False,False,True,False
-2.4636060321658144,-1.9549513539383274,-0.025562339927722267,-1.3804161737878793,-0.7825849391462649,0.33724341160117355,-1.2373745565762444,0.7599537572960513,-0.14260122643074316,0.3372434116011736,True,False,False,False,False,False,False,False,False,False,True,False
-0.35953532929229737,-1.5096884870410747,-0.0738691240431021,-1.0075826359653597,0.24492051242155066,0.19181813855764362,-0.9726658202154714,0.17142722410691705,-0.13828237340996133,0.19181813855764385,False,False,False,False,False,True,False,False,False,True,False,False
-0.4134858601352079,0.22188932867046393,-0.26709626050462226,-1.3804161737878793,0.6762190970302634,-0.5749696647627869,-0.06344885619368705,0.5062813033110052,-0.14260122643074316,-0.5749696647627867,False,False,False,True,False,False,False,True,False,False,False,False
-0.6832385143497613,0.22188932867046393,-0.4120166128507622,1.2294185909697588,-1.004576857694867,-0.9980250045257831,-0.1812476288964349,-0.6367627263809226,-0.07712843684942333,-0.998025004525783,False,False,False,False,False,True,False,False,False,True,False,False
-1.6003975386792433,0.22188932867046393,-2.247674409235202,0.4837515153247193,1.3865932363857902,0.4165662878067355,-1.6733654164645757,2.286138429504143,-0.12812594982262823,0.4165662878067355,False,False,False,True,False,False,False,False,False,True,False,False
1.7984859044241306,-0.5696891013690965,-1.0883115904660823,-0.6347490981428399,-0.3956847382472726,0.8396216275697316,-0.990944940117622,-0.7283574746070065,-0.1306714135582439,0.8396216275697316,False,False,False,False,False,True,False,False,False,True,False,False
1.3668816576808456,-1.0644256201438218,2.5830040023027983,0.4837515153247193,0.9172388943116028,-0.4956467885572251,0.49304879416067415,-0.04293559997092417,-0.1258565208628814,-0.49564678855722494,True,False,False,False,False,False,False,False,False,False,True,False
0.2878710408226311,-1.8065303983059098,0.16766479653379793,2.347919204437318,1.1836291965699253,-0.13869384563219714,-1.0979116417672437,0.48123452178389137,-0.11184830414268576,-0.13869384563219714,False,False,False,False,False,True,True,False,False,False,False,False
0.39577210250845263,-0.12442623447184388,-0.8467776698891822,-1.3804161737878793,0.7777011169381958,-0.5353082266600061,-0.672075848491218,0.19575813687826288,-0.14260122643074316,-0.5353082266600059,False,False,True,False,False,False,False,False,True,False,False,False
-2.355704970479993,-1.3117938795311843,-1.3298455110429823,-0.26191556032032015,-0.3956847382472726,0.19181813855764362,-1.3260621383237154,1.2291047225543004,-0.1247065071219943,0.19181813855764385,True,False,False,False,False,False,False,True,False,False,False,False
-0.0358321442348329,0.32083663242540905,0.988880126495258,-0.26191556032032015,0.206864754956076,1.6989527864633176,1.0481924356333947,0.010342379184488633,-0.12942872471735858,1.6989527864633176,True,False,False,False,False,False,False,False,False,False,True,False
0.9892279417804701,1.2608360180973874,-0.0738691240431021,0.11091797750219957,0.19417950246758445,1.2362360085975406,0.7333853706519131,-0.3043236261119554,-0.12493977161950126,1.2362360085975406,False,False,False,True,False,False,False,False,False,False,False,True
-1.0069416994072253,0.5682048918127718,-1.233231942812222,-0.26191556032032015,0.39080091603920347,-0.9583635664230022,-0.7492543547447426,0.6612846179468147,-0.13041073641321502,-0.9583635664230019,False,False,False,False,False,True,True,False,False,False,False,False
-0.08978267507774389,-0.02547893071689873,1.4236411835336777,-0.26191556032032015,0.8157568744036704,-0.31056007741091424,1.0536084711599571,0.43136544972926616,-0.13220188297280797,-0.31056007741091407,False,False,True,False,False,False,True,False,False,False,False,False
-0.1437332059206544,-0.7675837088789867,-1.474765863389122,0.856585053147239,1.3041390952105951,1.474204637214226,-1.2617467164457783,0.7840728802480873,-0.12480722786857262,1.4742046372142261,False,False,True,False,False,False,False,False,False,False,True,False
-1.0069416994072253,0.5682048918127718,-0.6052437493122822,0.856585053147239,1.4246489938512648,0.7206373132613891,-0.17718560225151264,1.554788490942681,-0.1254197024567633,0.7206373132613894,False,True,False,False,False,False,False,False,False,False,True,False
-0.7371890451926719,-1.8065303983059098,0.9405733423798778,0.856585053147239,-1.651524734607936,-0.13869384563219714,-0.9137664338640975,-1.1344565546916492,-0.0010459841376550948,-0.13869384563219714,False,False,True,False,False,False,True,False,False,False,False,False
-0.08978267507774389,-0.8665310126339316,-0.3154030446200021,0.11091797750219957,-0.3322584758048149,-0.5881901441303806,-0.6984790216832132,-0.3232450103641927,-0.11960922344010826,-0.5881901441303806,True,False,False,False,False,False,False,False,False,False,False,True
0.9892279417804701,-0.7181100570015141,-0.3154030446200021,0.11091797750219957,-0.8586964540772142,-0.9848045251581895,-0.6172384887847664,-0.8442932018912953,-0.1096699721472817,-0.9848045251581893,True,False,False,False,False,False,False,False,True,False,False,False
0.5576236950371846,1.2608360180973874,-1.7646065680814023,-1.0075826359653597,0.05464172509417741,1.2230155292299467,-1.1385319082164673,-0.270854761420741,-0.13789676153310582,1.223015529229947,False,False,False,True,False,False,False,False,True,False,False,False
1.3129311268379342,-0.37179449385920654,0.6990394218029777,1.2294185909697588,1.0377487929522726,-0.05937096942663541,0.22630904447743996,0.029711707656396642,-0.12006578561762085,-0.05937096942663529,False,False,False,False,False,True,False,False,False,True,False,False
-1.0069416994072253,-1.4602148351636022,0.3125851488799378,1.6022521287922782,-0.4781388794224677,0.03317238614652015,-0.812215767741039,-0.0896971648779319,-0.09242026752261141,0.03317238614652015,False,False,True,False,False,False,False,False,True,False,False,False
0.39577210250845263,1.2608360180973874,-2.1027540568890624,3.8392533557273967,0.5366813196568563,-1.7515923284786201,-1.5129153639901431,0.05515461330560046,-0.0888881126480099,-1.75159232847862,True,False,False,False,False,False,False,False,True,False,False,False
0.3418215716655421,-0.8665310126339316,-1.9578337045429224,0.11091797750219957,0.31468940110825416,0.8131806688345444,-1.5271324572473712,-0.056738064181105316,-0.12582987146409966,0.8131806688345444,False,False,True,False,False,False,False,False,False,False,False,True
0.3418215716655421,0.5682048918127718,0.5541190694568379,0.11091797750219957,0.9426093992885859,0.654534916423421,0.8789413254282965,0.31420794071412667,-0.12931803142564946,0.654534916423421,False,False,True,False,False,False,False,False,False,False,False,True
-0.6292879835068509,1.062941410587497,-0.6052437493122822,-1.0075826359653597,1.2851112164778578,-1.3681984268184049,0.05299590762742029,1.1014316530402226,-0.13961877321261834,-1.3681984268184046,False,False,True,False,False,False,False,False,False,False,True,False
-1.6003975386792433,1.50820427748475,-0.21878947638924204,0.11091797750219957,-0.7825849391462649,-1.4607417823915603,0.7151062507497623,-0.06815312799159975,-0.1116071047521912,-1.46074178239156,False,True,False,False,False,False,False,True,False,False,False,False
1.0431784726233806,1.1124150624649694,0.5541190694568379,-1.3804161737878793,-2.0701380667281573,0.12571574171967548,1.3108701586717058,-1.4655834969145116,-0.14260122643074316,0.1257157417196756,True,False,False,False,False,False,False,False,False,True,False,False
-0.1976837367635649,-0.37179449385920654,-0.701857317543042,-0.26191556032032015,-0.6176766567958747,1.2891179260679149,-0.6768148795769608,-0.4831820660025454,-0.1219833976619673,1.2891179260679149,False,False,False,False,False,True,False,False,True,False,False,False
0.17996997913680962,0.7660994993226621,0.892266558264498,1.975085666614798,-0.027812416081017664,0.6809758751586081,1.362999500614876,-0.21144680465973859,-0.09855694825595879,0.6809758751586082,False,False,True,False,False,False,False,False,True,False,False,False
-0.08978267507774389,0.22188932867046393,1.8584022405720981,-1.0075826359653597,0.3844582897949577,-0.8129382933794723,1.6642664767799498,0.1478653873737126,-0.13852725682866546,-0.8129382933794722,False,False,False,False,True,False,False,False,False,True,False,False
0.9352774109375596,-1.163372923898767,0.6990394218029777,1.2294185909697588,0.4098287947719408,0.7999601894669506,-0.43444728976326114,-0.17959571406279212,-0.11437443704491906,0.7999601894669508,True,False,False,False,False,False,False,False,False,False,True,False
-0.6292879835068509,-0.7181100570015141,0.21597158064917776,-1.3804161737878793,-1.0236047364276044,0.5487710814826718,-0.32680358367281903,-0.6649076939985736,-0.14260122643074316,0.5487710814826721,True,False,False,False,False,False,False,False,True,False,False,False
-0.4134858601352079,0.12294202491551877,1.5685615358798182,1.975085666614798,-1.511986957234529,1.8840394976096282,1.3217022297248324,-1.0648349924806884,0.017244861776620334,1.8840394976096286,False,False,False,True,False,False,False,False,False,False,True,False
0.9352774109375596,0.7166258474451892,-0.9916980222353221,0.11091797750219957,-0.8142980703674938,-0.2312372012053525,-0.47642156509412514,-0.8143671772095488,-0.11082835797634819,-0.23123720120535224,True,False,False,False,False,False,True,False,False,False,False,False
-0.8990406377214044,1.3103096699748598,-0.21878947638924204,-1.3804161737878793,-0.9538358477409008,-1.5004032204943412,0.6013695046919367,-0.5352744687645646,-0.14260122643074316,-1.500403220494341,False,False,False,True,False,False,False,False,True,False,False,False
0.7734258184088276,-0.2728471901042614,-1.233231942812222,-1.3804161737878793,1.2851112164778578,-1.8573561634193692,-0.990944940117622,0.3342777001801874,-0.14260122643074316,-1.857356163419369,True,False,False,False,False,False,False,False,True,False,False,False
0.7194752875659166,0.6671521955677169,-0.8950844540045623,-0.26191556032032015,-0.3956847382472726,-0.7336154171739105,-0.4033050854855231,-0.5569095624424704,-0.1247065071219943,-0.7336154171739103,False,False,False,False,False,True,False,False,False,True,False,False
0.6115742258800956,-0.07495258259437108,0.6507326376875979,-0.26191556032032015,-0.36397160702604375,-0.931922607687815,0.4388884388950431,-0.5176549795950581,-0.12503789081289704,-0.9319226076878148,False,False,False,False,True,False,False,False,False,True,False,False
-0.8450901068784934,0.32083663242540905,-0.8467776698891822,0.856585053147239,0.6698764707860175,-0.3634419948812888,-0.49537768943709615,0.7778411451312932,-0.12069775937846394,-0.3634419948812886,False,False,True,False,False,False,False,False,False,True,False,False
0.8273763492517381,0.4197839361803542,-1.1849251586968421,0.11091797750219957,1.2280275802796459,-0.9980250045257831,-0.7499313591855628,0.28355124609468596,-0.13046533233779767,-0.998025004525783,False,False,False,False,False,True,False,False,False,True,False,False
-0.5753374526639399,1.7555725368721127,-1.1849251586968421,-1.3804161737878793,1.4373342463397563,-0.3898829536164762,-0.3477907213382508,1.174611699543292,-0.14260122643074316,-0.3898829536164761,False,False,False,False,True,False,False,False,False,False,True,False
2.0142880277957738,1.8545198406270573,-0.6052437493122822,-0.6347490981428399,0.657191218297526,1.1040312149216043,0.4212863234337126,-0.3084635900007346,-0.13526619067387008,1.1040312149216043,False,True,False,False,False,False,False,False,False,False,True,False
-0.2516342676064759,-2.6475824802229426,-0.0738691240431021,1.2294185909697588,-0.15466494096593317,0.11249526235208189,-1.6733654164645757,-0.15096231676144486,-0.10608339989858788,0.112495262352082,False,False,False,True,False,False,False,False,True,False,False,False
-1.492496476993422,-0.5696891013690965,1.7134818882259577,-0.6347490981428399,-0.6747602929940867,-1.2359936331424686,0.6582378777208493,-0.018436119792372075,-0.12829624719448843,-1.2359936331424684,False,False,True,False,False,False,True,False,False,False,False,False
0.5576236950371846,0.9145204549550795,-0.46032339696614205,-1.3804161737878793,-2.0701380667281573,-0.48242630918963153,0.13017441388094486,-1.4655834969145116,-0.14260122643074316,-0.48242630918963136,False,False,False,False,True,False,False,True,False,False,False,False
-0.8450901068784934,-0.8170573607564591,1.278720831187538,1.6022521287922782,-0.16100756721017895,0.046392865514113736,0.15522357819129937,0.09754339488129236,-0.10072837330210344,0.04639286551411373,True,False,False,False,False,False,False,False,False,True,False,False
1.0431784726233806,2.0524144481369477,0.16766479653379793,-1.3804161737878793,-0.8396685753444768,-1.5268441792295284,1.5424056774322796,-0.8413939414660788,-0.14260122643074316,-1.5268441792295282,False,False,False,False,True,False,False,False,True,False,False,False
-0.6832385143497613,0.2713629805479367,0.07105122830303782,-0.6347490981428399,-0.45276837444548457,1.0247083387160423,0.24391115993877044,-0.2075519702117425,-0.13025200607444512,1.0247083387160425,False,False,True,False,False,False,True,False,False,False,False,False
0.0720689174509886,-0.6191627532465692,-0.4120166128507622,-1.0075826359653597,0.7586732382054584,0.5091096433798908,-0.6185924976664072,0.3184612118595265,-0.1390649843600359,0.509109643379891,True,False,False,False,False,False,False,False,False,False,False,True
1.3129311268379342,1.4587306256072776,0.45750550122607775,-1.3804161737878793,-0.8079554441232479,-0.5485287060275996,1.4733512244686,-0.8583105464867345,-0.14260122643074316,-0.5485287060275995,True,False,False,False,False,False,False,False,False,True,False,False
-0.6832385143497613,1.3103096699748598,0.8439597741491182,0.856585053147239,-0.2498043346296198,0.4562277259095165,1.7928973205358243,-0.04968134725296356,-0.1096699721472817,0.4562277259095166,False,True,False,False,False,False,False,False,False,True,False,False
-0.7911395760355829,2.250309055646838,-2.247674409235202,1.2294185909697588,-0.28786009209509444,0.3636843703363607,-1.6733654164645757,-0.031478592235087116,-0.1033639872844912,0.3636843703363608,False,False,False,False,True,False,False,False,False,False,False,True
0.7734258184088276,0.17241567679299158,0.5541190694568379,0.11091797750219957,1.7227524273308161,-0.05937096942663541,0.5648112648876357,0.569042204149061,-0.13204563240332312,-0.05937096942663529,False,False,False,False,True,False,False,True,False,False,False,False
1.0971290034662922,0.6176785436902441,1.085493694726018,0.856585053147239,0.2322352599330591,0.5884325195854528,1.409712807031483,-0.31019970388957757,-0.1165457285361363,0.5884325195854527,True,False,False,False,False,False,False,False,False,True,False,False
-0.1976837367635649,-0.9160046645114042,1.4236411835336777,0.11091797750219957,-2.0701380667281573,0.03317238614652015,0.1274663961176631,-1.4655834969145116,6.180199595993858,0.03317238614652015,False,True,False,False,False,False,False,True,False,False,False,False
-0.1437332059206544,-0.12442623447184388,0.022744444187657992,0.11091797750219957,-0.7762423129020191,-0.9187021283202214,-0.05058577181809954,-0.60293330717547,-0.11175829558964755,-0.9187021283202212,False,False,False,False,False,True,True,False,False,False,False,False
-1.6003975386792433,1.9534671443820029,1.3270276153029181,1.6022521287922782,0.7206174807399838,-0.08581192816182258,2.9857791452613527,1.5633296179922926,-0.1139263927689536,-0.08581192816182245,False,False,False,False,False,True,False,False,True,False,False,False
-0.2516342676064759,-1.7075830945509647,0.3125851488799378,-1.3804161737878793,0.4542271784816612,0.892503545040106,-0.9916219445584424,0.26693050871767565,-0.14260122643074316,0.8925035450401059,False,True,False,False,False,False,True,False,False,False,False,False
-1.9241007237367074,1.4587306256072776,0.6507326376875979,-0.26191556032032015,0.3400599060852373,-0.6542925409683488,1.6981166988209697,1.5744926884403514,-0.1301547681188837,-0.6542925409683487,False,False,False,True,False,False,False,False,False,True,False,False
-0.9529911685643149,0.2713629805479367,-0.6052437493122822,-0.26191556032032015,-0.8079554441232479,0.3240229322335802,-0.315294508178872,-0.3945748388873414,-0.1188907233466509,0.3240229322335804,False,False,False,True,False,False,False,False,False,False,True,False
0.018118386608077613,1.3103096699748598,-0.46032339696614205,0.11091797750219957,-1.1885130187779944,1.2494564879651344,0.3305677283637805,-0.9019529337825699,-0.0974383634134246,1.2494564879651344,False,False,True,False,False,False,False,False,True,False,False,False
1.205030065152113,1.2113623662199144,-1.6196862157352623,-1.0075826359653597,0.8918683893346196,-1.3681984268184049,-0.9868829134726996,-0.010473347143135405,-0.13922366188884966,-1.3681984268184046,False,True,False,False,False,False,False,False,False,False,False,True
0.9352774109375596,-0.47074179761415125,0.7473462059183581,1.2294185909697588,-0.6113340305516289,-0.5881901441303806,0.17350269809345012,-0.7091200952370295,-0.09470122020025376,-0.5881901441303806,True,False,False,False,False,False,True,False,False,False,False,False
0.2878710408226311,0.02399472116057406,1.133800478841398,-1.0075826359653597,0.9552946517770774,-0.4559853504544443,0.885711369836501,0.34461571345417874,-0.1392943222349144,-0.4559853504544442,False,False,False,False,False,True,True,False,False,False,False,False
-1.7082986003650646,0.7166258474451892,1.085493694726018,-0.26191556032032015,-0.7952701916347564,0.48266868464470364,1.503139419864697,-0.014425179168419082,-0.11912548080292905,0.48266868464470375,True,False,False,False,False,False,False,True,False,False,False,False
0.5036731641942741,-2.6475824802229426,0.11935801241841809,-0.26191556032032015,1.4373342463397563,-0.7600563759090977,-1.6733654164645757,0.530661651626755,-0.13404147802493369,-0.7600563759090975,False,False,False,False,False,True,False,False,True,False,False,False
0.39577210250845263,-0.02547893071689873,0.11935801241841809,-1.0075826359653597,-0.7762423129020191,-0.7600563759090977,0.08481511634597881,-0.7107645808928501,-0.13489049372046924,-0.7600563759090975,False,True,False,False,False,False,False,False,False,False,False,True
-0.7911395760355829,0.4197839361803542,1.9550158088028577,0.856585053147239,-1.0426326151603416,0.575212040217859,1.978396537320611,-0.6388041568502171,-0.08441594278879898,0.5752120402178592,False,True,False,False,False,False,False,False,False,False,True,False
-0.4134858601352079,1.359783321852332,-0.36370982873538216,-0.6347490981428399,-0.46545362693397613,-0.7732768552766913,0.4652916120870379,-0.31343154666726974,-0.1301547681188837,-0.7732768552766911,False,False,False,False,True,False,False,False,False,False,False,True
0.2339205099797206,-0.8170573607564591,1.375334399418298,-1.3804161737878793,1.6022425286901465,0.61487347832064,0.20532190681200818,0.7602385167169731,-0.14260122643074316,0.61487347832064,False,True,False,False,False,False,False,False,False,False,True,False
0.6115742258800956,-0.02547893071689873,-0.701857317543042,1.2294185909697588,-0.28786009209509444,-0.6675130203359424,-0.5251658848331932,-0.47536820558824244,-0.1033639872844912,-0.6675130203359423,False,True,False,False,False,False,False,False,True,False,False,False
2.0142880277957738,0.2713629805479367,0.6024258535722181,0.856585053147239,1.025063540463781,-0.07259144879422899,0.683287042031204,-0.15238695139376002,-0.12320613188342844,-0.07259144879422888,False,False,True,False,False,False,False,False,False,False,False,True
-1.3306448844646899,-1.5096884870410747,-0.26709626050462226,-1.3804161737878793,0.6254780870762972,-0.2576781599405399,-1.0349502287709476,1.1553155170495908,-0.14260122643074316,-0.2576781599405398,False,True,False,False,False,False,False,False,False,True,False,False
0.2339205099797206,-0.2233735382267886,-1.5713794316198824,-0.26191556032032015,0.9235815205558485,0.8396216275697316,-1.2089403700617878,0.34890353319612855,-0.1325756437313384,0.8396216275697316,True,False,False,False,False,False,False,False,True,False,False,False
1.0431784726233806,1.2608360180973874,0.11935801241841809,0.856585053147239,1.1392308128602049,0.11249526235208189,0.9473187739511568,0.16245730234789568,-0.12389471512179463,0.112495262352082,False,True,False,False,False,False,True,False,False,False,False,False
-1.3306448844646899,0.6176785436902441,0.7473462059183581,0.11091797750219957,-0.5288798893764339,0.6809758751586081,1.0969367553724627,0.03295405695202218,-0.11668810830605217,0.6809758751586082,False,False,False,False,True,False,False,True,False,False,False,False
1.1510795343092026,0.02399472116057406,0.5058122853414581,1.6022521287922782,0.34640253232948304,0.20503861792523723,0.4104542523805868,-0.2658087492956004,-0.10949755720338925,0.20503861792523745,False,False,True,False,False,False,False,False,False,False,True,False
0.39577210250845263,-1.5096884870410747,1.037186910610638,0.11091797750219957,-0.5796208993304001,0.2843614941307992,-0.614530471021485,-0.5960617063993624,-0.11580969752216436,0.2843614941307993,False,False,False,False,True,False,False,False,True,False,False,False
0.17996997913680962,-0.02547893071689873,1.133800478841398,0.4837515153247193,0.6381633395647887,0.7999601894669506,0.8383210589790735,0.19751081237986132,-0.12413510253347505,0.7999601894669508,False,False,False,False,True,False,False,True,False,False,False,False
0.1260194482938991,-0.7181100570015141,-0.36370982873538216,0.856585053147239,0.47959768345864434,0.03317238614652015,-0.6436416619767616,0.12101626382121607,-0.11906722833238857,0.03317238614652015,False,False,True,False,False,False,False,False,False,True,False,False
0.17996997913680962,-1.2128465757762394,-0.701857317543042,-1.0075826359653597,-0.4781388794224677,0.5223301227474847,-1.0451052953832534,-0.4879800504674681,-0.1363286065672267,0.5223301227474848,True,False,False,False,False,False,True,False,False,False,False,False
0.018118386608077613,0.12294202491551877,1.182107262956778,-1.0075826359653597,-0.16100756721017895,0.6016529989530461,1.018404240237297,-0.24505975948491127,-0.13736711978966318,0.6016529989530464,False,True,False,False,False,False,False,False,False,False,True,False
-0.08978267507774389,1.0134677587100247,-1.474765863389122,0.4837515153247193,0.04195647260568586,-1.2227731537748747,-0.8717921585332331,-0.07726701508510944,-0.11893804970011217,-1.2227731537748745,False,False,False,True,False,False,False,True,False,False,False,False
-0.1976837367635649,1.8545198406270573,-0.701857317543042,1.2294185909697588,-1.1124015038470452,-0.5088672679248187,0.2980715152044017,-0.81779914727387,-0.06980582222519678,-0.5088672679248185,False,False,False,False,False,True,False,False,True,False,False,False
0.7734258184088276,-2.1528459614482176,-0.12217590815848194,-1.3804161737878793,-0.9030948377869346,-0.32378055677850803,-1.3754834625036039,-0.8395448196641816,-0.14260122643074316,-0.32378055677850787,False,False,True,False,False,False,True,False,False,False,False,False
-0.9529911685643149,1.2113623662199144,-0.12217590815848194,0.11091797750219957,0.23857788617730488,-1.4210803442887794,0.6501138244310048,0.49344741525578995,-0.1252784844514977,-1.4210803442887792,False,False,False,False,False,True,False,True,False,False,False,False
0.0720689174509886,2.2997827075243102,-0.6535505334276622,0.856585053147239,-0.19272069843140782,0.03317238614652015,0.5607492382427132,-0.2815538247236701,-0.11066788894375022,0.03317238614652015,False,False,False,False,True,False,False,False,False,False,True,False
0.17996997913680962,-0.07495258259437108,-0.46032339696614205,-1.3804161737878793,0.05464172509417741,-0.5220877472924125,-0.37080887232614407,-0.16081395683578817,-0.14260122643074316,-0.5220877472924123,False,False,False,False,True,False,False,False,False,True,False,False
-0.1976837367635649,-0.12442623447184388,0.264278364764558,-1.0075826359653597,0.37177303730646616,-1.1302297982017195,0.1220503605911001,0.18605209654010418,-0.13850614817787749,-1.1302297982017195,False,False,False,False,True,False,True,False,False,False,False,False
0.8813268800946491,-1.7075830945509647,-1.8129133521967822,-0.6347490981428399,-0.8840669590541973,-1.8705766427869628,-1.5575976570842889,-0.8436353264097718,-0.12578526679663518,-1.8705766427869626,False,False,True,False,False,False,False,True,False,False,False,False
0.17996997913680962,0.07346837303804642,-1.474765863389122,1.6022521287922782,1.2153423277911541,-0.3898829536164762,-1.0776015085426318,0.5519407471475145,-0.11823590534240173,-0.3898829536164761,False,False,False,True,False,False,False,False,False,False,True,False
1.3129311268379342,1.062941410587497,-0.025562339927722267,0.11091797750219957,0.5557091983895937,-0.44276487108685053,0.6622999043657718,-0.20221163019541769,-0.12736556179839473,-0.4427648710868504,False,False,False,False,True,False,False,True,False,False,False,False
-0.5213869218210294,0.07346837303804642,-2.247674409235202,-1.3804161737878793,0.9616372780213233,0.2447000560280182,-1.6733654164645757,0.7803140558919259,-0.14260122643074316,0.2447000560280182,False,False,False,True,False,False,False,False,True,False,False,False
0.6115742258800956,0.02399472116057406,0.40919871711069794,-1.0075826359653597,-0.4083699907357642,-1.685489931640652,0.3373377727719845,-0.5423222644323673,-0.1365909594892749,-1.6854899316406518,False,False,False,False,True,False,False,False,False,True,False,False
0.018118386608077613,0.6176785436902441,0.21597158064917776,-0.26191556032032015,0.206864754956076,1.5931889515225686,0.6054315313368588,-0.009875783501798865,-0.12942872471735858,1.5931889515225683,False,False,True,False,False,False,False,False,False,False,True,False
0.8813268800946491,-0.5696891013690965,0.07105122830303782,-0.26191556032032015,0.04829909884993163,-0.8129382933794723,-0.3085244637706683,-0.35472419772422775,-0.12844570220143436,-0.8129382933794722,False,False,False,True,False,False,False,False,False,False,False,True
-1.7082986003650646,-1.6086357907960196,1.520254751764438,0.4837515153247193,-0.3512863545375522,-0.7336154171739105,-0.564432142400776,0.49095333944962316,-0.11354423735710069,-0.7336154171739103,False,False,False,False,False,True,False,False,True,False,False,False
0.2878710408226311,0.9639941068325519,0.16766479653379793,-0.6347490981428399,0.9743225305098148,2.0691262087559394,0.7977007925298499,0.3560006141483215,-0.13602866840327477,2.0691262087559394,False,True,False,False,False,False,False,True,False,False,False,False
0.1260194482938991,0.07346837303804642,0.21597158064917776,-1.3804161737878793,0.8411273793806535,-0.46920582982203796,0.22563204003661969,0.345981901537476,-0.14260122643074316,-0.4692058298220378,True,False,False,False,False,False,True,False,False,False,False,False
-0.08978267507774389,0.07346837303804642,0.6990394218029777,-1.3804161737878793,-0.3703142332702895,0.0728338242493009,0.5979844824878345,-0.34825972174850617,-0.14260122643074316,0.07283382424930089,False,False,False,True,False,False,False,False,True,False,False,False
-0.1976837367635649,-0.8170573607564591,0.5058122853414581,-0.6347490981428399,0.8474700056248993,-1.249214112510062,-0.2455630507743717,0.507799290070224,-0.13574352488798327,-1.249214112510062,False,False,False,False,False,True,True,False,False,False,False,False
-1.114842761093047,1.4587306256072776,1.6651751041105778,-0.26191556032032015,1.5261310137591972,0.17859765919005005,2.8781354391709106,1.7620358498749455,-0.1342524577391614,0.17859765919005027,False,False,False,False,True,False,False,False,False,False,False,True
1.3129311268379342,-0.8170573607564591,-2.006140488658302,-0.26191556032032015,1.0758045504177471,-1.8441356840517755,-1.5481195949128033,0.04802144485522403,-0.13305977649750686,-1.8441356840517753,False,False,False,False,False,True,False,False,False,True,False,False
0.8813268800946491,0.7660994993226621,1.230414047072158,-0.6347490981428399,0.6318207133205429,-0.2047962424701653,1.6899926455311252,-0.048739001540077646,-0.13519747839511717,-0.20479624247016506,False,False,False,True,False,False,False,True,False,False,False,False
0.5036731641942741,-1.262320227653712,-0.26709626050462226,0.11091797750219957,0.09904010880389784,-0.1915757631025717,-0.8961643184027673,-0.2310159728618658,-0.12416740479102129,-0.1915757631025715,False,True,False,False,False,False,False,False,False,False,False,True
-0.9529911685643149,-0.37179449385920654,0.892266558264498,1.2294185909697588,1.6085851549343924,0.31080245286598635,0.35087786158839207,1.6559492752249796,-0.12355664564030762,0.31080245286598646,True,False,False,False,False,False,False,True,False,False,False,False
1.1510795343092026,-0.520215449491624,-0.36370982873538216,-1.3804161737878793,-0.5035093843994508,-0.9054816489526277,-0.5380289692087807,-0.6877767707678684,-0.14260122643074316,-0.9054816489526276,False,False,False,False,True,False,False,True,False,False,False,False
2.0142880277957738,-1.1138992720212944,0.7956529900337379,-1.3804161737878793,-0.5542503943534169,-1.8705766427869628,-0.3511757435423528,-0.8224401067926682,-0.14260122643074316,-1.8705766427869626,False,False,False,True,False,False,False,False,False,True,False,False
-0.0358321442348329,0.6176785436902441,1.3270276153029181,0.4837515153247193,-0.43374049571274725,-1.0244659632609703,1.6331242725022117,-0.404890248910216,-0.11208577844606844,-1.0244659632609703,True,False,False,False,False,False,False,False,False,True,False,False
0.1260194482938991,-0.47074179761415125,-0.701857317543042,-1.3804161737878793,2.046226365787351,0.0992747829844883,-0.7201431637894656,1.0958673605916756,-0.14260122643074316,0.09927478298448841,False,False,True,False,False,False,False,True,False,False,False,False
1.2589805959950235,-0.4212681457366789,-0.26709626050462226,-0.26191556032032015,1.247055459012383,0.7470782719965763,-0.4242922231509551,0.14704024932457735,-0.13355141609330337,0.7470782719965765,False,False,False,False,False,True,False,False,False,False,False,True
1.420832188523756,-1.163372923898767,-0.26709626050462226,-0.6347490981428399,0.6191354608320514,0.8528421069373254,-0.8406499542554954,-0.19783455497280267,-0.1351626372278907,0.8528421069373255,False,False,True,False,False,False,False,True,False,False,False,False
1.1510795343092026,-0.17389988634931625,0.16766479653379793,-0.26191556032032015,-0.1483223147216874,-0.28411911867572703,0.01914568558640076,-0.5114319259734879,-0.12700221124384037,-0.2841191186757269,False,False,True,False,False,False,True,False,False,False,False,False
-0.9529911685643149,-0.47074179761415125,-2.006140488658302,0.11091797750219957,0.2322352599330591,-0.4956467885572251,-1.5244244394840898,0.4880654622003769,-0.12523089450100525,-0.49564678855722494,False,False,False,False,False,True,False,False,False,True,False,False
1.205030065152113,2.10188810001442,0.7956529900337379,1.2294185909697588,-0.300545344583586,-1.434300823656373,2.4211574416171464,-0.5962564481217622,-0.10308372129058942,-1.434300823656373,False,False,False,False,True,False,False,False,False,False,True,False
-2.2478039087941717,1.9534671443820029,-1.4264590792737422,-0.6347490981428399,0.44788455223741547,0.6413144370558271,-0.6030213955275382,2.325221179373908,-0.13465800931714442,0.6413144370558271,False,False,False,True,False,False,False,False,False,False,False,True
-1.492496476993422,-1.4602148351636022,-1.2815387269276022,0.11091797750219957,-0.5923061518188917,-0.5353082266600061,-1.348403284870788,0.06707713431029994,-0.1155807100955953,-0.5353082266600059,False,True,False,False,False,False,False,False,False,False,True,False
-1.0608922302501365,-0.37179449385920654,-0.46032339696614205,0.856585053147239,0.18149424997909291,0.03317238614652015,-0.521103858188271,0.517107699442794,-0.11596021172951591,0.03317238614652015,True,False,False,False,False,False,False,True,False,False,False,False
0.2878710408226311,0.02399472116057406,-0.9916980222353221,0.856585053147239,-0.4210552432242557,-1.8705766427869628,-0.7228511815527472,-0.4788921034221436,-0.10626329066968224,-1.8705766427869626,False,False,False,True,False,False,False,False,False,False,True,False
0.2339205099797206,-0.2233735382267886,-0.8467776698891822,2.7207527422598377,0.4669124309701528,0.6016529989530461,-0.7113421060588007,0.07211737606060722,-0.09924037291037495,0.6016529989530464,False,False,False,False,True,False,False,False,False,True,False,False
1.205030065152113,-0.37179449385920654,-0.12217590815848194,0.4837515153247193,0.796728995670933,2.4789610691513415,-0.3031084282441053,-0.05721136051908953,-0.12515420429380994,2.478961069151342,False,False,False,True,False,False,False,True,False,False,False,False
-0.5213869218210294,-1.163372923898767,0.21597158064917776,0.4837515153247193,0.16246637124635557,0.5619915608502651,-0.6375486220093781,0.18829921979650513,-0.12021170510487701,0.5619915608502652,False,False,False,True,False,False,False,False,True,False,False,False
1.0971290034662922,1.062941410587497,-0.12217590815848194,0.4837515153247193,0.1878368762233387,-0.9715840457905959,0.5607492382427132,-0.332479832129728,-0.12046256808892032,-0.9715840457905958,False,False,False,True,False,False,False,False,False,False,True,False
-0.1976837367635649,-0.12442623447184388,1.616868319995198,0.856585053147239,-1.3343934223956473,-0.8393792521146596,1.0888127020826177,-0.9679478375879259,-0.06153967742529957,-0.8393792521146594,False,False,False,False,True,False,True,False,False,False,False,False
-1.654348069522154,-1.4107411832861296,0.6990394218029777,0.11091797750219957,1.3802506101415444,2.0030238119179713,-0.6409336442134801,2.3684173463701175,-0.13099975703179895,2.0030238119179713,True,False,False,False,False,False,False,False,False,False,True,False
0.1260194482938991,-1.0149519682663493,0.36089193299531813,-0.6347490981428399,-0.07855342603498386,-0.15191432499979074,-0.46694350292263964,-0.22629910668809747,-0.13256503464911681,-0.15191432499979074,False,False,False,True,False,False,False,False,True,False,False,False
-1.114842761093047,0.22188932867046393,0.7956529900337379,0.4837515153247193,-0.890409585298443,-0.9980250045257831,0.8004088102931314,-0.40678773235923993,-0.10033651505089958,-0.998025004525783,False,False,True,False,False,False,False,False,False,False,True,False
0.2339205099797206,-1.3117938795311843,0.6990394218029777,-1.3804161737878793,-1.9306002893547503,1.5270865546846004,-0.5583391024333925,-1.3810099489008802,-0.14260122643074316,1.5270865546846004,False,False,False,False,True,False,False,False,False,True,False,False
-0.3055847984493864,0.8155731512001344,0.07105122830303782,-1.3804161737878793,-0.9728637264736382,-1.8705766427869628,0.6013695046919367,-0.7012658353883341,-0.14260122643074316,-1.8705766427869626,False,True,False,False,False,False,True,False,False,False,False,False
1.3129311268379342,-1.3612675314086569,1.037186910610638,-0.6347490981428399,-1.7086083708061481,1.0379288180836361,-0.47642156509412514,-1.2916409935256508,-0.08809432278915177,1.0379288180836361,False,False,False,False,False,True,False,False,False,False,False,True
1.5287332502095772,1.9534671443820029,-2.247674409235202,0.856585053147239,0.30200414861976266,0.61487347832064,-1.6733654164645757,-0.369476820183386,-0.11731002314104476,0.61487347832064,False,True,False,False,False,False,True,False,False,False,False,False
-0.8990406377214044,-0.07495258259437108,1.278720831187538,0.856585053147239,-0.4083699907357642,0.0992747829844883,0.896543440889627,-0.08069164819129501,-0.10653962478193366,0.09927478298448841,False,False,False,False,True,False,False,True,False,False,False,False
-1.2227438227788685,0.4197839361803542,-0.9433912381199421,-1.3804161737878793,-1.3026802911744184,1.9501418944475966,-0.5400599825312418,-0.7492455452390525,-0.14260122643074316,1.9501418944475966,False,False,False,False,False,True,True,False,False,False,False,False
-0.6292879835068509,-0.520215449491624,0.264278364764558,0.11091797750219957,1.4056211151185274,-0.12547336626460356,-0.1595834867901824,1.193630684891149,-0.1310842850419916,-0.12547336626460356,True,False,False,False,False,False,True,False,False,False,False,False
-0.5753374526639399,0.12294202491551877,0.07105122830303782,-0.26191556032032015,0.9489520255328316,-0.5353082266600061,0.14642252046063411,0.806989583580813,-0.13265971570366045,-0.5353082266600059,False,False,False,False,True,False,False,False,False,True,False,False
-0.35953532929229737,-1.262320227653712,0.7473462059183581,0.856585053147239,-0.750871807925036,0.0067314274113327455,-0.4980857072003777,-0.5327116339762729,-0.09722227315975321,0.00673142741133298,False,False,False,False,False,True,False,False,False,False,False,True
1.6905848427383097,-0.520215449491624,-0.0738691240431021,0.856585053147239,-1.3090229174186643,-0.6675130203359424,-0.36336182347712004,-1.1240364760902304,-0.0642193980535787,-0.6675130203359423,False,True,False,False,False,False,True,False,False,False,False,False
-0.5213869218210294,-1.3612675314086569,-1.6196862157352623,1.6022521287922782,-0.8142980703674938,-0.15191432499979074,-1.4445379154672837,-0.5352744687645646,-0.07905548952195321,-0.15191432499979074,False,True,False,False,False,False,False,True,False,False,False,False
-1.6003975386792433,-0.520215449491624,-0.1704826922738622,1.2294185909697588,0.1307532400251267,0.6941963545262014,-0.4215842053876736,0.9231275277960813,-0.11080553263981485,0.6941963545262014,False,False,True,False,False,False,False,False,True,False,False,False
1.3129311268379342,0.37031028430288143,0.7473462059183581,1.2294185909697588,1.2407128327681374,0.31080245286598635,0.8870653787181415,0.12736363938347622,-0.12144462712052699,0.31080245286598646,False,False,False,True,False,False,False,False,False,True,False,False
0.2339205099797206,0.7660994993226621,-1.6196862157352623,-1.3804161737878793,-0.497166758155205,0.12571574171967548,-1.0660924330486854,-0.5122089556699378,-0.14260122643074316,0.1257157417196756,False,False,False,True,False,False,False,False,False,False,True,False
0.39577210250845263,-0.2233735382267886,0.264278364764558,0.4837515153247193,0.3844582897949577,-0.5353082266600061,0.05164189874577978,-0.03364761210871265,-0.12223137842035464,-0.5353082266600059,True,False,False,False,False,False,True,False,False,False,False,False
-1.5464470078363326,-0.2233735382267886,-1.5713794316198824,-0.26191556032032015,-0.6367045355286121,0.7470782719965763,-1.2089403700617878,0.054818241239637036,-0.1217109153434372,0.7470782719965765,False,False,False,False,True,False,False,False,True,False,False,False
-1.2227438227788685,-0.7675837088789867,0.892266558264498,0.4837515153247193,0.3844582897949577,-0.5220877472924125,-0.0011644476382110037,0.8255139187747669,-0.12223137842035464,-0.5220877472924123,False,True,False,False,False,False,False,False,False,False,False,True
-0.6832385143497613,-0.7675837088789867,1.3270276153029181,0.11091797750219957,0.3971435422834493,1.3155588848031026,0.2303710711223627,0.45353126342814387,-0.12638891662965443,1.3155588848031023,False,False,False,False,True,False,False,False,False,True,False,False
0.6655247567230062,0.5187312399352993,-0.4120166128507622,-1.3804161737878793,0.8284421268921619,-0.931922607687815,-0.02689061638938578,0.12589168011847246,-0.14260122643074316,-0.9319226076878148,False,False,True,False,False,False,False,False,True,False,False,False
0.6115742258800956,0.5682048918127718,1.3270276153029181,0.11091797750219957,-0.750871807925036,-1.0509069219961575,1.583025943881503,-0.7326127474630384,-0.11234859091674985,-1.0509069219961573,False,False,False,False,False,True,True,False,False,False,False,False
-0.2516342676064759,2.2997827075243102,-0.9433912381199421,-1.3804161737878793,0.6318207133205429,0.16537717982245645,0.15454657375047887,0.3888159161490858,-0.14260122643074316,0.1653771798224567,False,True,False,False,False,False,False,False,True,False,False,False
0.2339205099797206,-0.4212681457366789,-2.247674409235202,0.11091797750219957,-0.8523538278329684,0.48266868464470364,-1.6733654164645757,-0.7274870778864545,-0.10984060040781776,0.48266868464470375,False,False,False,False,True,False,True,False,False,False,False,False
-1.1687932919359578,-1.6581094426734921,-0.4120166128507622,0.4837515153247193,-0.9792063527178839,0.257920535395612,-1.1588420414410787,-0.467283969381057,-0.09691624939010299,0.2579205353956121,False,True,False,False,False,False,False,True,False,False,False,False
-0.8450901068784934,-0.2728471901042614,1.278720831187538,-0.26191556032032015,-0.7128160504595613,0.9189445037752936,0.6988581441700729,-0.3542574010862656,-0.12054494449205269,0.9189445037752938,False,False,False,False,True,False,False,True,False,False,False,False
-1.9241007237367074,-0.8170573607564591,2.099936161148998,-0.26191556032032015,0.4542271784816612,0.21825909729283102,0.5810593714673252,1.7184962972203188,-0.13071626247881724,0.21825909729283102,False,False,True,False,False,False,False,True,False,False,False,False
0.7734258184088276,0.6176785436902441,-0.7501641016584221,-0.6347490981428399,0.543023945901102,1.1833540911271663,-0.2882143305460565,-0.0638012413322508,-0.13494650388543494,1.183354091127166,False,False,True,False,False,False,False,False,False,True,False,False
-1.8161996620508862,-0.2728471901042614,0.5541190694568379,1.2294185909697588,0.6254780870762972,-1.6061670554350902,0.21141494677939168,1.760138366425922,-0.11662727939026651,-1.6061670554350898,False,False,False,False,False,True,False,False,False,False,True,False
-0.08978267507774389,0.37031028430288143,0.892266558264498,-1.0075826359653597,-0.8079554441232479,-0.04615049005904159,1.010957191388273,-0.6359289026681121,-0.1346977254027124,-0.04615049005904136,True,False,False,False,False,False,True,False,False,False,False,False
-1.6003975386792433,-0.07495258259437108,0.9405733423798778,-0.6347490981428399,-0.4020273644915184,-0.28411911867572703,0.6501138244310048,0.34488047858660087,-0.1306262248731208,-0.2841191186757269,False,False,False,False,True,False,False,False,False,False,True,False
2.0142880277957738,-0.7181100570015141,1.471947967649058,2.347919204437318,-1.201198271266486,-0.3766624742488824,0.3596789193190573,-1.096919712618727,-0.028057733270877204,-0.37666247424888216,False,False,False,False,False,True,True,False,False,False,False,False
-1.6003975386792433,0.02399472116057406,0.3125851488799378,-1.0075826359653597,0.3781156635507119,1.6857323070957237,0.2642212931633822,1.191599372071912,-0.13851672977543011,1.685732307095724,False,False,False,False,True,False,False,False,False,False,True,False
1.852436435267041,1.2113623662199144,-0.9433912381199421,1.6022521287922782,0.4351992997489239,0.8264011482021378,-0.24759406409683296,-0.3728458321589452,-0.11066788894375022,0.826401148202138,False,False,False,False,False,True,False,False,True,False,False,False
-0.0358321442348329,1.2113623662199144,1.8584022405720981,-1.0075826359653597,0.5557091983895937,0.6677553957910143,2.8151740261746134,0.23645915685982308,-0.13879231027265604,0.6677553957910143,False,False,True,False,False,False,False,False,True,False,False,False
-0.1437332059206544,0.5682048918127718,1.616868319995198,-1.3804161737878793,0.600107582099314,-0.42954439171925696,1.8470576758014554,0.3146896887724323,-0.14260122643074316,-0.42954439171925685,False,False,False,False,False,True,True,False,False,False,False,False
-0.0358321442348329,1.062941410587497,-0.21878947638924204,0.11091797750219957,-0.3893421120030268,-1.3549779474508112,0.45919857211965465,-0.37611174993335533,-0.11883129852689128,-1.354977947450811,False,False,False,False,False,True,False,False,True,False,False,False
0.8813268800946491,1.1124150624649694,-0.12217590815848194,-0.26191556032032015,0.657191218297526,-0.6278515822331614,0.5905374336388103,-0.0354352973581582,-0.13159867279543352,-0.6278515822331613,False,False,False,False,True,False,False,False,False,False,False,True
-0.9529911685643149,-1.0149519682663493,1.133800478841398,0.4837515153247193,-0.5986487780631374,1.2230155292299467,-0.10948515816947359,-0.21697038805871516,-0.10868062116022491,1.223015529229947,False,False,False,False,False,True,False,False,True,False,False,False
0.018118386608077613,-0.520215449491624,-1.3298455110429823,2.347919204437318,0.8157568744036704,-0.1915757631025717,-1.1202527883143165,0.37939424571162855,-0.10793674823762583,-0.1915757631025715,False,True,False,False,False,False,False,False,False,False,True,False
0.5036731641942741,-1.3117938795311843,1.9067090246874778,1.2294185909697588,2.1984493956492495,-1.0112454838933769,-0.10136110487962884,0.9638432390136481,-0.1261844587167327,-1.0112454838933767,False,False,False,True,False,False,False,False,False,True,False,False
-0.7911395760355829,-0.2728471901042614,0.892266558264498,-0.26191556032032015,0.15612374500210982,-0.5220877472924125,0.43888843889504286,0.3257717398914599,-0.12912934967841802,-0.5220877472924123,True,False,False,False,False,False,False,False,False,False,False,True
2.0142880277957738,-0.8170573607564591,-1.5230726475045022,-0.6347490981428399,0.4351992997489239,0.7074168338937953,-1.2976279518092588,-0.4026477684704608,-0.1346178920589949,0.7074168338937954,False,False,False,False,True,False,False,False,False,False,True,False
-0.0358321442348329,-0.47074179761415125,-0.26709626050462226,0.11091797750219957,0.3971435422834493,-1.6590489729054647,-0.45204940522459114,0.13367880337103477,-0.12638891662965443,-1.6590489729054645,False,False,False,False,False,True,False,False,False,True,False,False
-2.409655501322904,-0.3223208419817337,0.8439597741491182,-1.0075826359653597,-0.08489605227922964,-0.7864973346442852,0.3630639415231593,1.8433565691188225,-0.1375671493428255,-0.7864973346442851,False,False,False,True,False,False,False,False,False,False,True,False
1.5287332502095772,0.02399472116057406,0.21597158064917776,0.11091797750219957,1.5705293974689176,0.15215670045486288,0.1911048135547799,0.2166764828813871,-0.13160505108739604,0.1521567004548631,False,False,True,False,False,False,False,True,False,False,False,False
0.6655247567230062,0.8155731512001344,-0.4120166128507622,-0.26191556032032015,2.4521544454190805,-1.3417574680832176,0.1274663961176631,1.0173963744739294,-0.13595962892819632,-1.3417574680832174,False,False,False,False,True,False,True,False,False,False,False,False
0.1260194482938991,-1.8065303983059098,-1.0883115904660823,0.856585053147239,0.8030716219151789,0.8660625863049187,-1.3971476046098565,0.32230130809365903,-0.1217109153434372,0.8660625863049187,False,True,False,False,False,False,False,False,False,True,False,False
0.018118386608077613,-0.02547893071689873,-0.5569369651969022,0.11091797750219957,0.18149424997909291,1.5535275134197875,-0.4175221787427511,-0.0260953680523583,-0.12484054996325833,1.5535275134197875,False,False,False,False,False,True,True,False,False,False,False,False
1.5287332502095772,-0.4212681457366789,0.21597158064917776,1.975085666614798,-1.5183295834787747,0.6677553957910143,-0.11964022478177935,-1.2106068100813352,0.019061294597158572,0.6677553957910143,False,False,True,False,False,False,False,False,False,False,False,True
0.39577210250845263,-1.163372923898767,-0.6052437493122822,1.6022521287922782,-0.7381865554365444,1.474204637214226,-0.9828208868277774,-0.6885640245392719,-0.08266946508074695,1.4742046372142261,False,False,False,False,True,False,False,False,True,False,False,False
0.4497226333513631,1.062941410587497,0.36089193299531813,-0.26191556032032015,0.543023945901102,-0.28411911867572703,1.068502568858006,0.04003448130347221,-0.1311191426127808,-0.2841191186757269,False,True,False,False,False,False,False,False,False,False,True,False
-0.2516342676064759,0.9639941068325519,-0.6535505334276622,1.975085666614798,-1.0743457463815704,0.2447000560280182,-0.04246171852825479,-0.7821546052455332,-0.052561341301278916,0.2447000560280182,False,True,False,False,False,False,False,True,False,False,False,False
0.39577210250845263,-1.2128465757762394,0.07105122830303782,-1.0075826359653597,0.14343849251361826,-1.4210803442887794,-0.730975234842592,-0.17425113568137507,-0.1380849401290113,-1.4210803442887792,False,True,False,False,False,False,True,False,False,False,False,False
0.1260194482938991,1.9534671443820029,-1.6196862157352623,0.11091797750219957,-0.35762898078179794,0.12571574171967548,-0.8548670475127234,-0.39995679194275424,-0.11926985808231291,0.1257157417196756,True,False,False,False,False,False,False,True,False,False,False,False
0.2339205099797206,2.0524144481369477,-0.3154030446200021,2.7207527422598377,-0.3893421120030268,-0.7336154171739105,0.8992514586529085,-0.4468566685684955,-0.07723392469515049,-0.7336154171739103,False,True,False,False,False,False,False,False,False,False,True,False
1.7445353735812201,-1.1138992720212944,0.40919871711069794,0.4837515153247193,-1.397819684838105,-0.6939539790711295,-0.5190728448658097,-1.1667569605996801,-0.06873673084167073,-0.6939539790711294,False,True,False,False,False,False,False,False,False,False,True,False
1.1510795343092026,-0.12442623447184388,-0.21878947638924204,-1.3804161737878793,-0.5732782730861543,0.5091096433798908,-0.22322190422729918,-0.7224159367096218,-0.14260122643074316,0.509109643379891,False,False,False,False,True,False,False,True,False,False,False,False
1.9063869661099526,-0.520215449491624,1.7134818882259577,0.11091797750219957,-1.4358754423035798,-1.8705766427869628,0.7137522418681214,-1.1915025542777427,-0.07999923808990553,-1.8705766427869626,False,False,True,False,False,False,False,False,True,False,False,False
-0.5213869218210294,0.37031028430288143,1.616868319995198,0.11091797750219957,-1.3090229174186643,-1.8705766427869628,1.63041625473893,-0.9017598434903014,-0.09034667417930017,-1.8705766427869626,False,False,False,False,True,False,False,False,False,False,True,False
-0.6292879835068509,-0.17389988634931625,0.7956529900337379,0.856585053147239,0.5810797033665768,-1.8705766427869628,0.45919857211965465,0.5627952038058647,-0.11996590129079829,-1.8705766427869626,False,True,False,False,False,False,True,False,False,False,False,False
0.5576236950371846,1.1124150624649694,-0.9916980222353221,0.11091797750219957,1.1646013178371881,1.513866075317007,-0.33560464140348406,0.35325726458346773,-0.13022783930271067,1.5138660753170068,False,False,False,False,False,True,False,False,False,True,False,False
-0.7371890451926719,0.7166258474451892,0.40919871711069794,-0.26191556032032015,-0.6049914043073832,0.6809758751586081,0.858631192203685,-0.306639199134493,-0.12216113756514639,0.6809758751586082,False,False,False,False,False,True,False,True,False,False,False,False
-1.0069416994072253,-0.9654783163888768,1.520254751764438,0.4837515153247193,0.8791831368461281,-0.8658202108498468,0.1220503605911001,1.0833692696074386,-0.12564092379548406,-0.8658202108498467,False,True,False,False,False,False,False,False,False,False,False,True
1.6905848427383097,-0.2728471901042614,-0.4120166128507622,-0.26191556032032015,-1.6642099870964275,0.7470782719965763,-0.43850931640818336,-1.2834250858082283,-0.06964583232584393,0.7470782719965765,False,False,False,True,False,False,False,False,True,False,False,False
0.1260194482938991,0.8155731512001344,0.264278364764558,-1.3804161737878793,-0.6049914043073832,-0.8261587727470658,0.7909307481216459,-0.5538806493275636,-0.14260122643074316,-0.8261587727470657,False,False,True,False,False,False,False,True,False,False,False,False
0.1260194482938991,1.1618887143424421,-0.025562339927722267,3.093586280082357,-0.8016128178790022,-0.931922607687815,0.7245843129212474,-0.6762303821206173,-0.048231064902017784,-0.9319226076878148,False,False,True,False,False,False,False,False,False,False,False,True
0.5036731641942741,1.1124150624649694,0.40919871711069794,-0.26191556032032015,0.206864754956076,-1.645828493537871,1.1565131461646567,-0.16964858131538932,-0.12942872471735858,-1.6458284935378709,False,False,True,False,False,False,False,False,False,False,True,False
0.6655247567230062,0.02399472116057406,1.616868319995198,1.6022521287922782,-0.1229518097447043,-1.1698912363045004,1.2512937678795117,-0.3964743517304283,-0.1015440782331808,-1.1698912363045002,False,False,True,False,False,False,False,False,False,False,False,True
-1.654348069522154,1.805046188749585,1.085493694726018,-0.26191556032032015,-0.243461708385374,0.9982673799808551,2.53083216103005,0.5641816554126452,-0.12619257377739213,0.9982673799808552,False,False,True,False,False,False,False,False,False,False,False,True
-0.3055847984493864,1.359783321852332,0.264278364764558,0.4837515153247193,-0.5035093843994508,0.892503545040106,1.1781772882709092,-0.37433226918638524,-0.11073227067255466,0.8925035450401059,False,False,True,False,False,False,False,False,False,True,False,False
-0.1976837367635649,-0.47074179761415125,0.21597158064917776,-1.3804161737878793,-0.5669356468419086,-1.6722694522730583,-0.15416745126361914,-0.44886236535933244,-0.14260122643074316,-1.6722694522730581,False,False,True,False,False,False,False,False,False,False,False,True
1.7984859044241306,0.02399472116057406,-0.4120166128507622,1.2294185909697588,0.7459879857169669,0.17859765919005005,-0.2841523039011342,-0.22570336848825293,-0.11773627937626441,0.17859765919005027,False,False,False,False,True,False,False,False,False,False,True,False
0.1260194482938991,1.4587306256072776,2.0516293770336183,1.2294185909697588,-1.0933736251143078,-0.5749696647627869,3.3276663878756496,-0.8577815985232129,-0.0712147655324009,-0.5749696647627867,False,False,True,False,False,False,False,False,False,False,False,True
-3.1649629331236535,0.6176785436902441,1.5685615358798182,0.11091797750219957,0.09904010880389784,0.42978676717432884,1.8565357379729408,5.765454858250985,-0.12416740479102129,0.42978676717432907,False,False,True,False,False,False,False,False,False,False,True,False
-1.6003975386792433,0.6176785436902441,-0.8950844540045623,2.347919204437318,-0.243461708385374,-1.2888755506128429,-0.4222612098284941,0.5169778146608511,-0.08790571758623969,-1.2888755506128429,False,False,False,False,False,True,True,False,False,False,False,False
-0.6292879835068509,0.12294202491551877,-0.7501641016584221,0.4837515153247193,-0.18003544594291626,-1.5136236998619346,-0.4980857072003777,-0.01951447104209031,-0.11616811262462025,-1.5136236998619346,False,True,False,False,False,False,False,False,False,False,False,True
1.0971290034662922,-0.520215449491624,1.4236411835336777,-1.3804161737878793,-0.33860110204906063,1.81793710077166,0.5390850961364607,-0.5966584955486522,-0.14260122643074316,1.8179371007716598,True,False,False,False,False,False,False,True,False,False,False,False
0.8273763492517381,-0.5696891013690965,1.133800478841398,-0.26191556032032015,-2.0701380667281573,0.019951906778926564,0.3170276395473728,-1.4655834969145116,4.599499390387708,0.019951906778926564,False,True,False,False,False,False,False,False,False,True,False,False
1.960337496952863,0.6671521955677169,0.45750550122607775,1.2294185909697588,-2.0701380667281573,1.897259976977222,0.8667552454935294,-1.4655834969145116,10.922300212812308,1.897259976977222,False,True,False,False,False,False,False,False,False,False,False,True
-1.2766943536217792,-1.7570567464284372,-0.1704826922738622,-1.0075826359653597,-0.36397160702604375,-0.44276487108685053,-1.1493639792695933,0.1594368184902656,-0.13674678122479444,-0.4427648710868504,False,False,False,True,False,False,False,True,False,False,False,False
-0.2516342676064759,-0.520215449491624,0.8439597741491182,0.11091797750219957,-2.0701380667281573,0.39012532907154834,0.18975080467313915,-1.4655834969145116,6.180199595993858,0.3901253290715483,False,False,True,False,False,False,False,True,False,False,False,False
-0.0358321442348329,1.359783321852332,0.45750550122607775,0.11091797750219957,-1.4612459472805628,-0.9715840457905959,1.3975267270967155,-1.0709069395175643,-0.07741771279749986,-0.9715840457905958,False,False,False,False,True,False,False,True,False,False,False,False
-1.5464470078363326,0.8155731512001344,0.9405733423798778,-0.26191556032032015,1.1519160653486964,0.20503861792523723,1.4543951001256286,1.9519566932726893,-0.13328472227196428,0.20503861792523745,False,False,True,False,False,False,False,False,False,True,False,False
-0.6292879835068509,-1.163372923898767,-0.5086301810815221,-1.3804161737878793,0.1053827350481436,-0.6675130203359424,-0.9422006203785538,0.19885165702589266,-0.14260122643074316,-0.6675130203359423,True,False,False,False,False,False,False,False,False,False,False,True
0.17996997913680962,-0.47074179761415125,-1.7162997839660221,-1.3804161737878793,-1.994026551797208,-0.17835528373497792,-1.3456952671075066,-1.4188454835385573,-0.14260122643074316,-0.1783552837349779,False,False,False,False,False,True,True,False,False,False,False,False
0.8273763492517381,1.062941410587497,0.264278364764558,-1.3804161737878793,-0.33860110204906063,2.2277719611670626,0.9669519027349476,-0.5472877568346829,-0.14260122643074316,2.227771961167063,False,False,False,False,True,False,False,False,False,False,True,False
-1.9241007237367074,0.9145204549550795,-1.6679929998506422,0.856585053147239,-1.3661065536168762,0.9982673799808551,-1.0884335795957583,-0.5775612427713804,-0.057920858273270835,0.9982673799808552,False,False,False,False,False,True,False,False,True,False,False,False
-0.2516342676064759,-1.5096884870410747,0.9405733423798778,-0.6347490981428399,-0.04684029481375499,-0.7997178140118787,-0.6456726752992229,-0.07696046224951728,-0.13272185014570473,-0.7997178140118786,False,True,False,False,False,False,True,False,False,False,False,False
1.3129311268379342,1.5576779293622223,0.07105122830303782,0.4837515153247193,-1.3280507961514014,-0.46920582982203796,1.0888127020826177,-1.1085436215373765,-0.07562240415929612,-0.4692058298220378,True,False,False,False,False,False,False,False,False,False,False,True
0.39577210250845263,-1.1138992720212944,0.45750550122607775,1.2294185909697588,-0.6113340305516289,-0.12547336626460356,-0.4980857072003777,-0.6145621700273443,-0.09470122020025376,-0.12547336626460356,False,False,False,False,True,False,False,False,True,False,False,False
-1.654348069522154,1.3103096699748598,0.11935801241841809,0.4837515153247193,0.34640253232948304,-0.6014106234979743,0.9804919915513556,1.2196266525182895,-0.12191143316364696,-0.6014106234979741,False,False,True,False,False,False,False,False,False,False,True,False
1.2589805959950235,-1.6581094426734921,1.9550158088028577,0.11091797750219957,1.1202029341274675,-1.434300823656373,-0.49537768943709615,0.08537203723130429,-0.1300559867037102,-1.434300823656373,False,True,False,False,False,False,False,False,True,False,False,False
-1.2227438227788685,-0.37179449385920654,0.07105122830303782,0.11091797750219957,-1.0806883726258163,-0.7732768552766913,-0.1785396111331534,-0.5420403526056552,-0.10232860972740176,-0.7732768552766911,False,False,True,False,False,False,False,False,True,False,False,False
-1.8161996620508862,1.3103096699748598,-0.21878947638924204,1.6022521287922782,-1.0489752414045874,1.6328503896253495,0.6013695046919367,-0.24360415574319433,-0.06454195701809377,1.6328503896253497,False,False,False,True,False,False,True,False,False,False,False,False
-0.8990406377214044,0.4692575880578266,-1.5713794316198824,-0.6347490981428399,0.37177303730646616,-1.4210803442887794,-1.0762474996609912,0.5694675021634973,-0.1344110699250118,-1.4210803442887792,True,False,False,False,False,False,False,True,False,False,False,False
0.6115742258800956,-0.2728471901042614,-0.8950844540045623,-1.3804161737878793,0.7079322282514923,0.0067314274113327455,-0.7634714480019708,0.07788375433426381,-0.14260122643074316,0.00673142741133298,False,False,True,False,False,False,False,False,False,False,False,True
-0.1976837367635649,0.12294202491551877,-1.233231942812222,0.11091797750219957,0.8030716219151789,2.214551481799469,-0.8772081940597963,0.4777695520074128,-0.12867435237253919,2.214551481799469,False,False,False,False,True,False,False,False,False,True,False,False
0.7734258184088276,-0.8665310126339316,1.3270276153029181,-0.26191556032032015,0.3844582897949577,-0.7468358965415042,0.13017441388094486,-0.14886084421952397,-0.13037931762451005,-0.746835896541504,False,True,False,False,False,False,False,False,False,True,False,False
-0.4134858601352079,1.4092569737298044,-0.21878947638924204,0.4837515153247193,2.1857641431607577,1.5799684721549752,0.6582378777208493,1.5901238493933907,-0.13084006418664978,1.5799684721549754,False,False,False,False,False,True,False,True,False,False,False,False
-0.8450901068784934,1.4092569737298044,-0.6535505334276622,-1.3804161737878793,-0.7635570604135276,1.1701336117595724,0.1586086003954009,-0.39580230186489174,-0.14260122643074316,1.1701336117595726,False,False,False,True,False,False,False,False,False,False,False,True
-1.8161996620508862,0.07346837303804642,0.3125851488799378,1.975085666614798,-1.7022657445619023,0.8396216275697316,0.30010252852686276,-1.0253673367409937,0.0985225337464662,0.8396216275697316,False,False,False,True,False,False,False,False,False,True,False,False
-0.5753374526639399,-0.520215449491624,0.6990394218029777,0.4837515153247193,-0.16735019345442473,0.9057240244076997,0.10241723180730859,-0.03328953861913893,-0.11634374793230214,0.9057240244076998,False,False,True,False,False,False,False,True,False,False,False,False
-1.0069416994072253,-0.47074179761415125,-0.6052437493122822,0.11091797750219957,2.2491904056032155,0.7735192307317634,-0.6605667729972713,2.2673989417982803,-0.1333302574829065,0.7735192307317637,False,False,False,True,False,False,False,True,False,False,False,False
-1.114842761093047,-0.9654783163888768,-1.3298455110429823,0.11091797750219957,-1.1567998875567655,1.4213227197438512,-1.2360205476946033,-0.6458706469362367,-0.09899570351747006,1.421322719743851,False,False,False,True,False,False,True,False,False,False,False,False
0.4497226333513631,-0.6686364051240415,-1.9095269204275422,0.11091797750219957,-0.4781388794224677,1.3155588848031026,-1.4838041730348663,-0.5483259422234584,-0.1175107469766773,1.3155588848031023,False,False,True,False,False,False,False,False,False,False,False,True
-0.4134858601352079,0.02399472116057406,1.6651751041105778,-1.3804161737878793,1.0884898029062386,-0.11225288689700975,1.287852007683813,0.8022887213587155,-0.14260122643074316,-0.11225288689700963,False,False,True,False,False,False,True,False,False,False,False,False
-0.6832385143497613,1.1618887143424421,0.5541190694568379,0.856585053147239,1.4944178825379684,-0.3502215155136952,1.3501364162392884,1.3070193187990424,-0.12575539830705418,-0.350221515513695,False,False,False,True,False,False,False,False,True,False,False,False
0.3418215716655421,0.9639941068325519,-1.3781522951583622,-0.6347490981428399,-1.036289988916096,0.6413144370558271,-0.7837815812265824,-0.8548340141072105,-0.12332439465505841,0.6413144370558271,False,False,False,False,True,False,True,False,False,False,False,False
-1.114842761093047,0.22188932867046393,0.11935801241841809,-1.3804161737878793,0.9172388943116028,-0.09903240752941617,0.25068120434697444,1.215560616556096,-0.14260122643074316,-0.09903240752941604,False,True,False,False,False,False,False,True,False,False,False,False
-0.5753374526639399,-0.6191627532465692,0.8439597741491182,1.2294185909697588,-0.300545344583586,-1.2756550712452495,0.10309423624812909,-0.1335501156998149,-0.10308372129058942,-1.2756550712452492,False,False,False,False,True,False,False,False,True,False,False,False
-0.4134858601352079,0.32083663242540905,0.36089193299531813,-1.0075826359653597,0.2576057649100422,0.7074168338937953,0.5201289717934902,0.2057199249856377,-0.1383058454372482,0.7074168338937954,False,False,False,False,True,False,False,False,False,False,True,False
1.4747827193666667,0.37031028430288143,-0.46032339696614205,1.975085666614798,1.3739079838972985,0.4430072465419227,-0.14536639353295414,0.14173678308455567,-0.11644993626446495,0.44300724654192264,False,False,False,False,False,True,False,False,True,False,False,False
-0.4134858601352079,1.2113623662199144,1.3270276153029181,1.975085666614798,-0.48448150566671344,0.8792830656725126,2.2343042159507185,-0.32709342750024095,-0.08592273300263419,0.8792830656725127,False,False,True,False,False,False,False,False,False,False,False,True
0.7734258184088276,-0.4212681457366789,0.8439597741491182,-1.3804161737878793,0.060984351338423184,0.892503545040106,0.2764073730981492,-0.322382434109561,-0.14260122643074316,0.8925035450401059,True,False,False,False,False,False,False,False,False,False,True,False
0.018118386608077613,-1.3117938795311843,-1.7162997839660221,0.11091797750219957,-0.4210552432242557,0.3240229322335802,-1.4722950975409197,-0.41131050112814577,-0.1183759359233692,0.3240229322335804,False,True,False,False,False,False,False,True,False,False,False,False
0.7734258184088276,-1.8560040501833823,-1.0883115904660823,-1.3804161737878793,-1.118744130091291,-1.4078598649211858,-1.4133957111895457,-0.9552258795908729,-0.14260122643074316,-1.4078598649211853,False,False,False,False,True,False,False,False,False,True,False,False
2.0142880277957738,0.02399472116057406,0.264278364764558,1.2294185909697588,0.6318207133205429,-1.8705766427869628,0.22766305335908119,-0.31922749611156054,-0.11668810830605217,-1.8705766427869626,False,True,False,False,False,False,False,False,False,False,False,True
1.0431784726233806,0.02399472116057406,-0.7501641016584221,-1.3804161737878793,1.8178918209945027,0.19181813855764362,-0.5400599825312418,0.506726799425124,-0.14260122643074316,0.19181813855764385,False,False,False,False,False,True,False,False,False,False,True,False
-0.5213869218210294,0.07346837303804642,-0.12217590815848194,-0.6347490981428399,-0.7698996866577733,-0.006489051956260839,-0.035014669679230295,-0.5023847556481525,-0.12725462249281938,-0.006489051956260604,False,False,False,False,True,False,False,False,False,False,True,False
0.8813268800946491,1.4092569737298044,1.278720831187538,-1.0075826359653597,-1.6959231183176564,1.0114878593484489,2.379183166286282,-1.269353860231198,-0.116256223003974,1.0114878593484489,True,False,False,False,False,False,False,False,False,False,True,False
0.4497226333513631,-0.02547893071689873,-0.21878947638924204,-0.26191556032032015,-0.8650390803214599,-1.8705766427869628,-0.16635353119838614,-0.7712451089013638,-0.11777347451022771,-1.8705766427869626,False,True,False,False,False,False,False,False,True,False,False,False
2.0142880277957738,0.8650468030776067,-0.26709626050462226,1.6022521287922782,-0.18637807218716204,0.33724341160117355,0.29739451076358103,-0.6663634681856936,-0.1001663215822559,0.3372434116011736,False,False,True,False,False,False,True,False,False,False,False,False
-0.0358321442348329,0.37031028430288143,0.5541190694568379,0.4837515153247193,-1.2138835237549777,-1.1698912363045004,0.7218762951579659,-0.9105695880750546,-0.08448724828345823,-1.1698912363045002,True,False,False,False,False,False,False,False,True,False,False,False
1.1510795343092026,-0.02547893071689873,0.8439597741491182,-1.0075826359653597,0.8157568744036704,0.5487710814826718,0.6230336467981893,-0.03278163296016878,-0.13913477861143142,0.5487710814826721,False,False,False,False,True,False,False,False,False,False,False,True
0.3418215716655421,0.5187312399352993,-1.0400048063507021,0.11091797750219957,-2.0701380667281573,-0.6278515822331614,-0.5901583111519507,-1.4655834969145116,6.180199595993858,-0.6278515822331613,False,False,False,False,True,False,True,False,False,False,False,False
-2.4636060321658144,0.5682048918127718,0.9405733423798778,-1.3804161737878793,0.910896268067357,-0.4956467885572251,1.2309836346548997,3.687138224656743,-0.14260122643074316,-0.49564678855722494,False,False,True,False,False,False,False,False,False,False,False,True
0.4497226333513631,1.2608360180973874,-0.0738691240431021,-1.3804161737878793,-1.0172621101833585,-1.8705766427869628,0.7333853706519131,-0.8589510105451298,-0.14260122643074316,-1.8705766427869626,False,False,True,False,False,False,False,False,False,True,False,False
0.6655247567230062,0.6671521955677169,1.520254751764438,0.11091797750219957,1.7671508110405367,0.03317238614652015,1.8646597912627854,0.641292831542721,-0.13216756170727023,0.03317238614652015,True,False,False,False,False,False,False,False,False,False,False,True
-0.6292879835068509,-1.6581094426734921,-0.7984708857738022,0.856585053147239,-0.47179625317822194,1.5667479927873813,-1.2671627519723414,-0.2427331797338063,-0.10511426503296885,1.566747992787381,False,False,False,False,False,True,False,False,False,False,False,True
0.8813268800946491,-0.4212681457366789,-0.0738691240431021,-0.26191556032032015,-0.3322584758048149,-0.5353082266600061,-0.30243142380328475,-0.5542797604530213,-0.12535722418776699,-0.5353082266600059,False,False,False,True,False,False,False,False,False,True,False,False
-0.9529911685643149,1.359783321852332,-0.3154030446200021,1.975085666614798,1.0631192979292556,-0.7071744584387232,0.5201289717934897,1.1931013124594687,-0.11386122269244951,-0.707174458438723,True,False,False,False,False,False,False,False,True,False,False,False
0.6655247567230062,0.2713629805479367,1.616868319995198,-0.6347490981428399,0.02927122011719431,-0.892261169585034,1.522095544207668,-0.3128957866346042,-0.13307893603552537,-0.8922611695850339,False,True,False,False,False,False,False,False,False,True,False,False
0.7194752875659166,0.7660994993226621,0.892266558264498,-1.3804161737878793,1.2533980852566289,-1.3417574680832176,1.362999500614876,0.33799658514363073,-0.14260122643074316,-1.3417574680832174,False,True,False,False,False,False,False,False,False,False,True,False
-0.5753374526639399,0.4197839361803542,0.40919871711069794,1.975085666614798,1.082147176661993,0.4165662878067355,0.6352197267329562,0.9072501606614892,-0.11403435524508984,0.4165662878067355,False,False,False,True,False,False,False,False,False,True,False,False
-1.2227438227788685,-1.5096884870410747,2.1965497293797576,-0.26191556032032015,-0.4591110006897304,1.9633623738151902,-0.24082401968862946,0.03813418676785703,-0.12400475342361199,1.96336237381519,True,False,False,False,False,False,False,True,False,False,False,False
-2.733358686380368,-0.3223208419817337,0.5541190694568379,1.2294185909697588,-0.16100756721017895,-1.249214112510062,0.17214868921180915,2.5843361772837072,-0.10596247994318338,-1.249214112510062,False,False,True,False,False,False,False,False,False,True,False,False
-0.1976837367635649,-0.5696891013690965,1.133800478841398,0.11091797750219957,0.4161714210161866,0.6016529989530461,0.3170276395473728,0.21608183460291536,-0.12651267471973907,0.6016529989530464,True,False,False,False,False,False,False,False,True,False,False,False
-0.0358321442348329,-0.12442623447184388,1.6651751041105778,0.11091797750219957,0.4859403097028901,0.5223301227474847,1.1233399285644574,0.19123580132475618,-0.12695072934553375,0.5223301227474848,True,False,False,False,False,False,False,False,True,False,False,False
0.7194752875659166,0.12294202491551877,-0.7984708857738022,0.4837515153247193,-1.5627279671884953,-1.8705766427869628,-0.5359979558863197,-1.190227759195711,-0.04502713966493143,-1.8705766427869626,False,False,False,False,False,True,False,False,False,True,False,False
-0.3055847984493864,-0.4212681457366789,-1.7162997839660221,1.2294185909697588,-1.7339788757831311,-1.1302297982017195,-1.3382482182584823,-1.2314283751752781,0.06230435577746148,-1.1302297982017195,False,False,False,True,False,False,False,False,False,False,True,False
1.5826837810524876,-0.02547893071689873,1.520254751764438,-0.6347490981428399,-0.5669356468419086,0.29758197349839255,1.1253709418869187,-0.7778015549801256,-0.12931803142564946,0.29758197349839255,False,False,False,True,False,False,False,False,False,True,False,False
-0.5753374526639399,-1.3117938795311843,-1.474765863389122,-0.6347490981428399,-0.4083699907357642,0.5223301227474847,-1.380899498030167,-0.21471344000321937,-0.13058069254780666,0.5223301227474848,False,False,False,False,True,False,False,False,False,False,True,False
1.4747827193666667,0.7166258474451892,0.07105122830303782,-1.3804161737878793,1.8622902047042234,0.16537717982245645,0.5363770783731792,0.3696624949812927,-0.14260122643074316,0.1653771798224567,False,False,True,False,False,False,False,False,False,True,False,False
-0.35953532929229737,-0.4212681457366789,0.264278364764558,-0.6347490981428399,-0.6620750405055952,0.03317238614652015,-0.08917502494486158,-0.46992218166312205,-0.12842454297239203,0.03317238614652015,False,False,True,False,False,False,False,False,False,False,True,False
0.8273763492517381,-1.7570567464284372,-0.46032339696614205,-0.26191556032032015,1.7164098010865705,0.7999601894669506,-1.2224804588781955,0.5425577368864323,-0.13467129228890629,0.7999601894669508,False,False,False,False,True,False,True,False,False,False,False,False
0.2878710408226311,-0.5696891013690965,0.45750550122607775,0.856585053147239,0.44154192599316966,-0.04615049005904159,-0.08105097165501707,0.03722339471232582,-0.11871155077926482,-0.04615049005904136,True,False,False,False,False,False,True,False,False,False,False,False
-0.1437332059206544,-0.17389988634931625,0.264278364764558,0.4837515153247193,-0.1419796884774416,1.8840394976096282,0.08684612966843983,-0.1800655671073122,-0.11668810830605217,1.8840394976096286,False,False,False,False,True,False,False,False,False,False,True,False
-0.2516342676064759,0.07346837303804642,0.45750550122607775,-0.26191556032032015,0.14343849251361826,2.1484490849615008,0.4118082612622271,0.05363104571270796,-0.12905236752554758,2.1484490849615008,False,True,False,False,False,False,True,False,False,False,False,False
1.3129311268379342,0.7660994993226621,0.21597158064917776,0.4837515153247193,-0.38299948575878107,0.6941963545262014,0.7090132107823786,-0.6538518144331614,-0.1130000989849351,0.6941963545262014,True,False,False,False,False,False,False,False,False,True,False,False
0.9352774109375596,-0.02547893071689873,0.8439597741491182,-0.26191556032032015,-1.1060588776027993,0.4165662878067355,0.6230336467981893,-0.965659857545045,-0.1116071047521912,0.4165662878067355,False,False,False,True,False,False,False,False,False,False,True,False
-0.7371890451926719,-1.163372923898767,0.264278364764558,-0.6347490981428399,-0.5605930205976628,0.03317238614652015,-0.6172384887847663,-0.27151967495934104,-0.1293736096474281,0.03317238614652015,False,False,False,False,False,True,False,False,False,False,False,True
0.39577210250845263,-1.4602148351636022,-1.0400048063507021,-0.6347490981428399,-0.17369281969867048,0.17859765919005005,-1.2671627519723414,-0.35925577196119407,-0.13206322506003548,0.17859765919005027,False,False,True,False,False,False,False,False,False,True,False,False
-0.35953532929229737,-1.163372923898767,0.36089193299531813,0.11091797750219957,-1.683237865829165,-1.540064658597122,-0.5766182223355427,-1.192000883264355,-0.04062056800453993,-1.5400646585971218,False,False,True,False,False,False,False,False,False,False,True,False
-0.7371890451926719,-0.17389988634931625,-0.3154030446200021,0.4837515153247193,0.42251404726043235,0.9850469006132617,-0.3193565348237945,0.5061269317761694,-0.1225415791514773,0.9850469006132617,False,False,False,False,False,True,False,True,False,False,False,False
0.39577210250845263,-1.7075830945509647,-0.36370982873538216,1.6022521287922782,0.853812631869145,-0.48242630918963153,-1.1717051258166662,0.24015924958541945,-0.11522979429903495,-0.48242630918963136,False,False,False,False,True,False,False,False,False,False,True,False
0.5036731641942741,2.2008354037693656,0.9405733423798778,-0.26191556032032015,-0.4083699907357642,1.6064094308901624,2.7054993067617112,-0.5198036977864613,-0.12457042560633841,1.6064094308901626,False,False,False,True,False,False,False,False,False,True,False,False
0.9352774109375596,-0.12442623447184388,-0.8467776698891822,-1.3804161737878793,1.1392308128602049,-1.6987104110082456,-0.672075848491218,0.19863598677594893,-0.14260122643074316,-1.6987104110082454,False,False,False,False,False,True,False,True,False,False,False,False
0.2878710408226311,1.1124150624649694,-0.12217590815848194,-0.26191556032032015,1.8876607096812064,0.7602987513641697,0.5905374336388103,0.9024758474671715,-0.13501386544383365,0.7602987513641697,True,False,False,False,False,False,False,False,False,False,False,True
-0.1437332059206544,1.8545198406270573,1.037186910610638,0.4837515153247193,-1.1821703925337488,0.16537717982245645,2.5159380633320008,-0.8735686608190908,-0.08654802765038322,0.1653771798224567,False,False,False,False,False,True,False,False,True,False,False,False
-2.08595231626544,-0.520215449491624,0.9405733423798778,-1.3804161737878793,1.2533980852566289,-0.680733499703536,0.24797318658369272,3.0964131812325544,-0.14260122643074316,-0.6807334997035358,False,False,True,False,False,False,True,False,False,False,False,False
1.3129311268379342,1.2113623662199144,-0.7984708857738022,-1.0075826359653597,1.107517681638976,0.16537717982245645,-0.08917502494486183,0.06327955918758017,-0.13945242124029267,0.1653771798224567,True,False,False,False,False,False,False,False,True,False,False,False
-0.35953532929229737,1.0134677587100247,-1.474765863389122,-1.0075826359653597,0.6698764707860175,0.4562277259095165,-0.8717921585332331,0.4719196030341381,-0.13895064858869663,0.4562277259095166,True,False,False,False,False,False,False,False,False,True,False,False
-0.1976837367635649,0.32083663242540905,1.3270276153029181,0.856585053147239,1.729095053575062,0.7338577926289824,1.3325343007779589,1.1041040887460465,-0.12679422437468166,0.7338577926289825,False,True,False,False,False,False,False,False,False,False,False,True
0.5036731641942741,-1.5096884870410747,0.7956529900337379,-0.6347490981428399,0.8411273793806535,0.7602987513641697,-0.6923859817158299,0.19133607484035525,-0.1357286168411512,0.7602987513641697,False,False,False,True,False,False,True,False,False,False,False,False
2.0142880277957738,1.1124150624649694,0.40919871711069794,1.6022521287922782,0.796728995670933,-1.8705766427869628,1.1565131461646567,-0.24926210639119253,-0.11468599101164999,-1.8705766427869626,False,False,False,True,False,False,False,False,False,False,False,True
0.4497226333513631,1.4092569737298044,-0.4120166128507622,0.11091797750219957,-0.2244338296526367,0.3240229322335802,0.43618042113176114,-0.40214943948384824,-0.12094779895668631,0.3240229322335804,False,False,False,False,True,False,False,False,True,False,False,False
-0.5753374526639399,0.37031028430288143,-0.9433912381199421,-0.26191556032032015,1.1265455603717134,0.9982673799808551,-0.5583391024333925,0.9406703530217144,-0.13321092817961752,0.9982673799808552,False,True,False,False,False,False,False,False,False,True,False,False
0.1260194482938991,0.12294202491551877,-0.3154030446200021,-1.3804161737878793,1.1455734391044508,-1.8705766427869628,-0.1568754690269009,0.5354266490880104,-0.14260122643074316,-1.8705766427869626,False,False,False,False,False,True,False,False,False,True,False,False
0.8273763492517381,0.5682048918127718,0.40919871711069794,-0.6347490981428399,-0.11026655725621275,0.8131806688345444,0.7469254594683207,-0.42619381308789234,-0.13240316058812285,0.8131806688345444,False,False,True,False,False,False,False,False,True,False,False,False
0.9892279417804701,-0.12442623447184388,-1.8129133521967822,-0.6347490981428399,-1.5310148359672664,-1.4475213030239664,-1.3626203781280164,-1.1890930514853315,-0.10584075653292571,-1.4475213030239664,True,False,False,False,False,False,False,False,False,False,True,False
1.0971290034662922,-0.4212681457366789,1.616868319995198,0.4837515153247193,-2.0701380667281573,-0.5485287060275996,0.7638505704888304,-1.4655834969145116,7.760899801600008,-0.5485287060275995,True,False,False,False,False,False,True,False,False,False,False,False
0.5036731641942741,1.359783321852332,0.11935801241841809,-0.6347490981428399,1.0187209142195353,-1.5929465760674966,1.0136652091515543,0.29241177856396366,-0.1361229468995704,-1.5929465760674963,False,True,False,False,False,False,False,True,False,False,False,False
0.17996997913680962,0.12294202491551877,0.07105122830303782,-1.0075826359653597,1.1772865703256796,-1.4210803442887794,0.14642252046063411,0.5285717404595371,-0.13951993948024385,-1.4210803442887792,True,False,False,False,False,False,True,False,False,False,False,False
0.4497226333513631,-0.4212681457366789,-0.26709626050462226,0.856585053147239,-0.1990633246756536,0.932164983142887,-0.4242922231509551,-0.3875317892098874,-0.1105600060468347,0.932164983142887,False,False,False,False,True,False,False,False,False,False,True,False
-1.3306448844646899,-0.12442623447184388,-0.4120166128507622,-1.3804161737878793,1.1646013178371881,1.2230155292299467,-0.3613308101546588,1.6794953198424112,-0.14260122643074316,1.223015529229947,False,False,False,False,False,True,True,False,False,False,False,False
0.018118386608077613,0.02399472116057406,-1.5230726475045022,0.4837515153247193,0.7903863694266873,-0.9451430870554086,-1.1249918194000592,0.36317466116106895,-0.12511560468731228,-0.9451430870554084,False,False,False,False,True,False,False,True,False,False,False,False
-1.3845954153076003,1.50820427748475,1.037186910610638,2.347919204437318,0.7459879857169669,-0.4559853504544443,2.1936839495014953,1.330741899110667,-0.1070798734957735,-0.4559853504544442,False,True,False,False,False,False,True,False,False,False,False,False
2.0142880277957738,-1.0149519682663493,1.085493694726018,-1.0075826359653597,0.49862556219138165,1.1436926530243852,-0.13182630471654636,-0.37573800319339606,-0.1387078761706295,1.1436926530243854,False,False,False,False,False,True,False,False,False,False,False,True
-0.2516342676064759,1.6566252331171671,-0.5569369651969022,-0.26191556032032015,-1.4866164522575458,1.05114929745123,0.3881131058335133,-1.065102872497021,-0.09161089721764154,1.05114929745123,False,True,False,False,False,False,False,False,False,False,False,True
-1.492496476993422,0.6671521955677169,-1.5230726475045022,0.11091797750219957,-0.4083699907357642,-0.48242630918963153,-0.992975953440083,0.25783747038549104,-0.11856015866487014,-0.48242630918963136,False,False,False,False,False,True,True,False,False,False,False,False
0.2339205099797206,1.062941410587497,0.988880126495258,0.4837515153247193,0.42251404726043235,0.13893622108726905,1.728581898657887,0.04520761078354272,-0.1225415791514773,0.13893622108726916,True,False,False,False,False,False,False,False,False,False,True,False
0.5036731641942741,-0.47074179761415125,-0.5086301810815221,0.11091797750219957,-1.7847198857370974,-0.892261169585034,-0.600990382205077,-1.3031404016444266,-0.00514903463890402,-0.8922611695850339,False,False,False,False,True,False,False,False,False,False,False,True
-0.4674363909781184,0.4197839361803542,0.11935801241841809,1.6022521287922782,-0.31323059707207757,0.3240229322335802,0.3833740747477711,-0.18442639067676514,-0.09711345072984676,0.3240229322335804,False,False,True,False,False,False,False,False,False,False,True,False
0.0720689174509886,-0.47074179761415125,-1.2815387269276022,0.11091797750219957,-0.23711908214112823,2.122008126226314,-1.0776015085426318,-0.3095545264308861,-0.12079846497410661,2.122008126226314,False,False,True,False,False,False,False,True,False,False,False,False
1.7984859044241306,-1.0644256201438218,-1.3298455110429823,0.11091797750219957,-0.11026655725621275,-0.892261169585034,-1.2617467164457783,-0.6026939480773181,-0.12220509474550251,-0.8922611695850339,True,False,False,False,False,False,False,False,True,False,False,False
-1.4385459461505112,1.062941410587497,0.7956529900337379,-1.0075826359653597,0.9299241468000944,1.9237009357124093,1.5254805664117699,1.5781449538804238,-0.13926641587039262,1.9237009357124093,False,True,False,False,False,False,False,False,False,True,False,False
0.2339205099797206,0.6176785436902441,-0.26709626050462226,1.6022521287922782,-0.5288798893764339,-0.07259144879422899,0.1586086003954009,-0.531430216582127,-0.09077499018136119,-0.07259144879422888,False,False,False,False,True,False,False,False,False,True,False,False
-0.1437332059206544,-0.12442623447184388,-0.12217590815848194,0.856585053147239,-0.17369281969867048,-1.6061670554350902,-0.15416745126361914,-0.2012089541107201,-0.11098722231862015,-1.6061670554350898,False,False,False,False,True,False,True,False,False,False,False,False
-0.35953532929229737,1.2113623662199144,-0.701857317543042,0.856585053147239,0.6889043495187549,-0.2576781599405399,0.016437667823119256,0.48537448567267033,-0.12084847130772275,-0.2576781599405398,True,False,False,False,False,False,False,False,False,True,False,False
-0.6832385143497613,-0.2728471901042614,-0.0738691240431021,1.6022521287922782,-0.5859635255746458,-1.4475213030239664,-0.21103582429253218,-0.31115456652844115,-0.08879015560159763,-1.4475213030239664,False,False,False,True,False,False,False,False,False,False,False,True
-2.032001785422529,-0.02547893071689873,-1.4264590792737422,0.4837515153247193,-0.6113340305516289,-1.6061670554350902,-1.0633844152854037,0.47960810739901355,-0.10838693626610788,-1.6061670554350898,False,False,False,False,False,True,False,False,False,True,False,False
0.9892279417804701,0.8650468030776067,-1.0883115904660823,-1.0075826359653597,-0.5796208993304001,-1.2359936331424686,-0.5197498493066302,-0.7011687360220727,-0.13590334420359845,-1.2359936331424684,True,False,False,False,False,False,False,True,False,False,False,False
-0.2516342676064759,-0.2728471901042614,-0.4120166128507622,-1.0075826359653597,0.39080091603920347,1.3023384054355087,-0.43850931640818336,0.22340000606360064,-0.13853772975823378,1.3023384054355087,False,False,False,False,True,False,False,False,False,False,False,True
0.5036731641942741,-1.4602148351636022,-0.7984708857738022,1.6022521287922782,0.8411273793806535,-0.8658202108498468,-1.1859222190738945,0.19133607484035525,-0.11511078807237533,-0.8658202108498467,False,False,False,False,True,False,False,False,False,False,True,False
-0.5213869218210294,-0.07495258259437108,-1.4264590792737422,1.2294185909697588,-2.0701380667281573,-0.7864973346442852,-1.0748934907793504,-1.4655834969145116,10.922300212812308,-0.7864973346442851,True,False,False,False,False,False,False,False,False,False,True,False
0.0720689174509886,-0.8665310126339316,-0.8950844540045623,0.856585053147239,-1.0806883726258163,-0.019709531323854425,-0.990944940117622,-0.841567858867987,-0.08219230137573105,-0.019709531323854185,False,False,True,False,False,False,True,False,False,False,False,False
-0.1437332059206544,0.5682048918127718,0.07105122830303782,0.11091797750219957,1.1709439440814338,-0.680733499703536,0.43888843889504286,0.6952706548337741,-0.13025200607444512,-0.6807334997035358,True,False,False,False,False,False,False,True,False,False,False,False
0.7734258184088276,-1.8560040501833823,2.5830040023027983,0.11091797750219957,-0.3195732233163233,0.03317238614652015,-0.5901583111519507,-0.5265254810390165,-0.1197752306819179,0.03317238614652015,False,False,True,False,False,False,True,False,False,False,False,False
0.8273763492517381,0.6176785436902441,0.022744444187657992,-0.6347490981428399,0.600107582099314,1.0643697768188232,0.42670235896027586,-0.04945709920898823,-0.13510975626199365,1.0643697768188232,True,False,False,False,False,False,False,False,True,False,False,False
0.1260194482938991,-1.4107411832861296,0.7473462059183581,1.6022521287922782,-1.740321502027377,0.046392865514113736,-0.6240085331929703,-1.260351687068099,0.09599503101924176,0.04639286551411373,False,False,False,False,False,True,False,True,False,False,False,False
0.5036731641942741,-0.37179449385920654,2.148242945264378,1.2294185909697588,0.8664978843576366,-0.15191432499979074,1.1605751728095788,0.20577546108658493,-0.11875445608754692,-0.15191432499979074,False,False,False,False,False,True,True,False,False,False,False,False
-0.1976837367635649,-0.9654783163888768,-0.5569369651969022,-0.6347490981428399,-0.02146978983677189,-1.3153165093480301,-0.8677301318883108,-0.07992558344479501,-0.13284381775416199,-1.31531650934803,False,True,False,False,False,False,False,False,False,True,False,False
-0.4674363909781184,0.02399472116057406,1.5685615358798182,1.975085666614798,1.1138603078832219,-0.44276487108685053,1.2147355280752108,0.8562246883972167,-0.11431832016741243,-0.4427648710868504,False,False,True,False,False,False,False,False,False,False,False,True
0.6115742258800956,-0.37179449385920654,0.21597158064917776,0.4837515153247193,0.7523306119612126,-0.40310343298406975,-0.08511299829993957,0.10255103917157309,-0.12488037210780426,-0.4031034329840697,False,False,False,False,True,False,False,False,False,False,True,False
-1.492496476993422,-0.520215449491624,0.40919871711069794,-1.3804161737878793,-0.08489605227922964,-0.892261169585034,-0.07224991392435207,0.5933125441728961,-0.14260122643074316,-0.8922611695850339,False,False,True,False,False,False,False,False,False,False,False,True
-1.3306448844646899,0.5682048918127718,0.892266558264498,-1.0075826359653597,0.8094142481594246,0.892503545040106,1.1869783460015746,1.3341533321200827,-0.13912716004479558,0.8925035450401059,True,False,False,False,False,False,False,False,False,False,True,False
-0.2516342676064759,-1.1138992720212944,-0.6535505334276622,-1.0075826359653597,0.3590877848179746,0.4033458084391417,-0.9807898735053161,0.20163475473656314,-0.13848481964531048,0.4033458084391419,False,False,False,False,False,True,True,False,False,False,False,False
1.5826837810524876,0.12294202491551877,1.6651751041105778,0.4837515153247193,1.025063540463781,1.1569131323919786,1.3975267270967155,-0.04939114390193645,-0.1264386476413142,1.1569131323919786,False,False,False,False,True,False,True,False,False,False,False,False
0.17996997913680962,0.4692575880578266,-0.6052437493122822,1.6022521287922782,-0.05952554730224654,1.897259976977222,-0.22322190422729918,-0.23092097689971966,-0.10283518352241235,1.897259976977222,False,False,False,True,False,False,False,False,False,True,False,False
-0.7911395760355829,-0.7181100570015141,0.892266558264498,-0.6347490981428399,-0.8650390803214599,2.042685250020752,0.04284084101511429,-0.49590402399959826,-0.1260493918170662,2.042685250020752,False,False,False,False,False,True,False,False,False,False,True,False
-1.7622491312079753,1.1124150624649694,0.988880126495258,-0.6347490981428399,0.23857788617730488,-0.1915757631025717,1.7739411961928533,1.2280840073196528,-0.13393985544112041,-0.1915757631025715,False,False,True,False,False,False,True,False,False,False,False,False
-0.5213869218210294,-0.7675837088789867,-0.5569369651969022,-0.26191556032032015,-0.12929443598895007,-0.9980250045257831,-0.7729495101734563,-0.027833180682775547,-0.12715464461700227,-0.998025004525783,True,False,False,False,False,False,True,False,False,False,False,False
-0.4134858601352079,-1.262320227653712,-0.6535505334276622,-0.26191556032032015,-0.6049914043073832,-1.3681984268184049,-1.0478133131465348,-0.41361867277572545,-0.12216113756514639,-1.3681984268184046,True,False,False,False,False,False,False,False,False,False,True,False
-1.114842761093047,-0.02547893071689873,-0.6535505334276622,0.11091797750219957,-0.03415504232526344,-0.9451430870554086,-0.4892846494697127,0.36169306449539274,-0.122965199031909,-0.9451430870554084,False,False,False,False,False,True,False,False,True,False,False,False
-0.9529911685643149,1.1124150624649694,2.0033225929182383,0.4837515153247193,-0.09123867852347542,1.2891179260679149,2.8544402837421963,0.21358585637431815,-0.11735042442425514,1.2891179260679149,False,False,False,False,True,False,False,True,False,False,False,False
-0.8990406377214044,-1.559162138918547,-1.3781522951583622,2.347919204437318,0.14978111875786404,-0.28411911867572703,-1.4052716578997009,0.38446286588367845,-0.09756703253883005,-0.2841191186757269,True,False,False,False,False,False,False,True,False,False,False,False
-0.6292879835068509,-2.103372309570745,-1.5713794316198824,-0.6347490981428399,-1.2963376649301726,-0.5220877472924125,-1.5691067325782355,-0.8735686608190908,-0.11689878406316348,-0.5220877472924123,False,True,False,False,False,False,False,False,True,False,False,False
-0.5213869218210294,1.1124150624649694,-0.5569369651969022,0.4837515153247193,-0.5732782730861543,-0.5749696647627869,0.1274663961176631,-0.3567303118468981,-0.1092531208272379,-0.5749696647627867,False,True,False,False,False,False,False,False,True,False,False,False
1.852436435267041,-0.02547893071689873,1.133800478841398,0.856585053147239,-0.8206406966117396,-0.7468358965415042,0.8383210589790735,-0.9205978767705962,-0.09470122020025376,-0.746835896541504,False,False,False,False,False,True,False,False,True,False,False,False
0.5576236950371846,-0.37179449385920654,0.21597158064917776,-0.6347490981428399,-0.6049914043073832,-0.8393792521146596,-0.08511299829993957,-0.6417556225889562,-0.12897450052034531,-0.8393792521146594,False,True,False,False,False,False,False,False,True,False,False,False
0.6115742258800956,0.4197839361803542,-1.8129133521967822,-1.3804161737878793,-0.5415651418649254,0.0728338242493009,-1.2955969384867978,-0.616324118944295,-0.14260122643074316,0.07283382424930089,False,False,False,False,True,False,False,True,False,False,False,False
0.7194752875659166,0.32083663242540905,-1.2815387269276022,0.4837515153247193,-1.511986957234529,0.8396216275697316,-0.860960087480107,-1.1626921854238312,-0.053797844093318996,0.8396216275697316,False,False,False,False,True,False,True,False,False,False,False,False
-0.1437332059206544,-0.9654783163888768,-0.701857317543042,-0.6347490981428399,1.703724548598079,0.6677553957910143,-0.9367845848519907,1.0504795564910265,-0.13729686332468227,0.6677553957910143,True,False,False,False,False,False,False,False,False,False,True,False
-0.3055847984493864,0.12294202491551877,-1.4264590792737422,-0.26191556032032015,-1.1377720088240282,-0.006489051956260839,-1.0288571888035638,-0.8161343856755053,-0.1105600060468347,-0.006489051956260604,False,False,False,False,False,True,False,False,True,False,False,False
0.0720689174509886,1.3103096699748598,1.037186910610638,0.856585053147239,0.6635338445417718,0.046392865514113736,2.009538741598349,0.2584597082012069,-0.12064705690843551,0.04639286551411373,False,False,False,False,True,False,False,True,False,False,False,False
1.0431784726233806,0.6176785436902441,-0.8467776698891822,0.856585053147239,-0.18003544594291626,-1.6193875348026838,-0.3775789167343483,-0.5067768601947541,-0.11088148986339566,-1.6193875348026834,False,False,True,False,False,False,False,False,False,False,True,False
-0.1437332059206544,-1.3117938795311843,0.892266558264498,0.4837515153247193,0.8474700056248993,-0.5749696647627869,-0.4852226228247902,0.47960810739901355,-0.12545697257384347,-0.5749696647627867,False,False,False,True,False,False,True,False,False,False,False,False
-2.032001785422529,1.2608360180973874,-2.006140488658302,0.4837515153247193,0.3781156635507119,0.46944820527710984,-1.4059486623405215,1.7989554564116659,-0.12217874315417791,0.4694482052771098,False,True,False,False,False,False,False,False,False,False,False,True
-1.1687932919359578,1.2113623662199144,0.264278364764558,-0.6347490981428399,2.28724616306869,0.8528421069373254,1.0725645955029286,2.5218105461987634,-0.13800616769351598,0.8528421069373255,True,False,False,False,False,False,False,True,False,False,False,False
1.1510795343092026,-0.8170573607564591,-1.3781522951583622,-0.26191556032032015,-0.5352225156206797,0.6809758751586081,-1.2224804588781955,-0.703521846195938,-0.12308640907758081,0.6809758751586082,False,True,False,False,False,False,False,False,False,True,False,False
0.39577210250845263,-0.2233735382267886,0.988880126495258,0.856585053147239,1.475390003805231,0.29758197349839255,0.549240162748767,0.6027683366938646,-0.1256651527992487,0.29758197349839255,True,False,False,False,False,False,True,False,False,False,False,False
-1.0608922302501365,-2.2517932652031627,-0.21878947638924204,-1.3804161737878793,0.2132073812003218,0.654534916423421,-1.4458919243489246,0.5450329275605024,-0.14260122643074316,0.654534916423421,False,False,True,False,False,False,False,False,False,False,True,False
-0.2516342676064759,-1.0149519682663493,-0.21878947638924204,-0.26191556032032015,0.1053827350481436,-1.1566707569369066,-0.7350372614875144,0.02751274412026291,-0.12881605021906162,-1.1566707569369066,False,False,False,False,False,True,False,False,False,False,True,False
2.0142880277957738,-1.7075830945509647,-0.1704826922738622,0.11091797750219957,-0.5796208993304001,-1.8705766427869628,-1.1202527883143165,-0.833204012903494,-0.11580969752216436,-1.8705766427869626,False,False,True,False,False,False,False,False,False,False,True,False
0.1260194482938991,-0.520215449491624,0.21597158064917776,-1.0075826359653597,1.2216849540354,-0.006489051956260839,-0.1886946777454594,0.5827878359756443,-0.13956141834303903,-0.006489051956260604,True,False,False,False,False,False,False,False,False,False,False,True
0.018118386608077613,0.6176785436902441,0.5058122853414581,0.4837515153247193,1.754465558552045,1.0379288180836361,0.8735252899017335,0.9795188740823288,-0.12951595982804323,1.0379288180836361,False,False,True,False,False,False,False,False,False,False,True,False
-0.6292879835068509,-0.2233735382267886,0.988880126495258,0.11091797750219957,1.3104817214548408,-0.17835528373497792,0.549240162748767,1.1208419755351546,-0.13076077545241993,-0.1783552837349779,False,False,False,False,True,False,False,False,False,False,False,True
-0.6832385143497613,0.4197839361803542,-0.9916980222353221,0.856585053147239,-0.8016128178790022,-0.9451430870554086,-0.582034257862106,-0.4788921034221436,-0.09541614566638047,-0.9451430870554084,True,False,False,False,False,False,False,True,False,False,False,False
-1.0069416994072253,-0.6191627532465692,-1.1849251586968421,-0.26191556032032015,-1.1060588776027993,-0.48242630918963153,-1.0627074108445833,-0.6323774312987344,-0.1116071047521912,-0.48242630918963136,True,False,False,False,False,False,False,True,False,False,False,False
-0.6292879835068509,1.1124150624649694,-0.12217590815848194,-0.26191556032032015,0.206864754956076,0.7999601894669506,0.5905374336388103,0.27649294700562005,-0.12942872471735858,0.7999601894669508,False,False,False,False,True,False,False,False,False,False,True,False
0.4497226333513631,0.4692575880578266,0.892266558264498,0.11091797750219957,-0.47179625317822194,-0.680733499703536,1.0989677686949235,-0.5446715296549682,-0.11760991883222696,-0.6807334997035358,False,False,False,False,False,True,False,False,False,False,True,False
0.17996997913680962,-0.9654783163888768,-0.5086301810815221,-0.26191556032032015,-0.09758130476772119,0.8528421069373254,-0.8447119809004175,-0.2542899835876966,-0.1274021859922225,0.8528421069373255,False,False,False,True,False,False,False,False,True,False,False,False
-1.492496476993422,0.8650468030776067,0.11935801241841809,-0.26191556032032015,0.08635485631540628,0.4562277259095165,0.6819330331495631,0.7709169950015224,-0.12869477300898816,0.4562277259095166,False,False,False,False,False,True,False,False,False,False,True,False
0.17996997913680962,-0.6686364051240415,-0.5569369651969022,-0.26191556032032015,-0.5859635255746458,1.4874251165818193,-0.7255591993160289,-0.5541922360834033,-0.12242207486981357,1.4874251165818195,False,True,False,False,False,False,False,False,False,True,False,False
0.6115742258800956,-1.9549513539383274,2.0516293770336183,0.11091797750219957,-0.7255013029480529,0.257920535395612,-0.829817883202369,-0.718517156127433,-0.1129167155273413,0.2579205353956121,True,False,False,False,False,False,False,False,False,True,False,False
0.8813268800946491,1.062941410587497,0.11935801241841809,-1.3804161737878793,-0.6557324142613494,-0.05937096942663541,0.8146259035503597,-0.7239019887724957,-0.14260122643074316,-0.05937096942663529,False,False,True,False,False,False,False,False,True,False,False,False
1.3129311268379342,-0.17389988634931625,-0.0738691240431021,0.4837515153247193,0.7015896020072464,1.1172516942891981,-0.1501054246186969,-0.13202430426657918,-0.12455670353569578,1.1172516942891981,False,False,False,False,False,True,False,False,True,False,False,False
0.39577210250845263,0.4692575880578266,-1.7162997839660221,0.4837515153247193,1.7988639422617656,-0.31056007741091424,-1.204201338976045,0.79147306569928,-0.1296658728660447,-0.31056007741091407,False,False,False,False,True,False,False,False,False,False,False,True
1.3668816576808456,0.22188932867046393,-0.7501641016584221,-0.6347490981428399,-0.09758130476772119,-1.8705766427869628,-0.4561114318695134,-0.5262130171916757,-0.1324685328050627,-1.8705766427869626,True,False,False,False,False,False,False,False,False,True,False,False
0.7194752875659166,1.4587306256072776,-0.1704826922738622,0.4837515153247193,1.2977964689663493,1.7253937451985049,0.7428634328233986,0.36209021219402576,-0.12774502149083575,1.7253937451985049,False,False,True,False,False,False,True,False,False,False,False,False
0.8273763492517381,0.12294202491551877,0.264278364764558,0.4837515153247193,-0.17369281969867048,-1.7383718491110265,0.2980715152044015,-0.45983101968422296,-0.116256223003974,-1.7383718491110265,False,False,False,False,True,False,False,True,False,False,False,False
0.5576236950371846,-2.301266917080635,-0.21878947638924204,-0.26191556032032015,-0.027812416081017664,0.5619915608502651,-1.4743261108633807,-0.31721736906676773,-0.1279198003724817,0.5619915608502652,True,False,False,False,False,False,False,False,False,False,True,False
-0.3055847984493864,0.02399472116057406,-1.233231942812222,-0.26191556032032015,-2.0701380667281573,-0.13869384563219714,-0.9056423805742526,-1.4655834969145116,4.599499390387708,-0.13869384563219714,False,False,False,False,True,False,False,True,False,False,False,False
1.0431784726233806,-0.7675837088789867,0.892266558264498,0.11091797750219957,-0.6240192830401206,-0.6146311028655679,-0.0011644476382110037,-0.731999895665838,-0.11499074249002439,-0.6146311028655678,True,False,False,False,False,False,False,False,False,True,False,False
-0.6832385143497613,-0.6686364051240415,0.6990394218029777,-0.6347490981428399,1.4056211151185274,0.42978676717432884,-0.021474580862822768,1.2379509212545763,-0.1368427557363674,0.42978676717432907,False,False,False,False,False,True,False,False,False,False,True,False
1.420832188523756,-1.163372923898767,-0.7501641016584221,0.856585053147239,-0.5288798893764339,-1.8705766427869628,-1.0437512865016123,-0.7390198344337681,-0.10373154924370669,-1.8705766427869626,True,False,False,False,False,False,False,False,False,False,True,False
1.1510795343092026,0.12294202491551877,0.45750550122607775,-1.0075826359653597,-0.32591584956056907,0.8528421069373254,0.44972050994816887,-0.5996043483706781,-0.13687405177274986,0.8528421069373255,False,False,False,True,False,False,False,False,False,False,True,False
-1.3306448844646899,-0.7181100570015141,-0.26709626050462226,-0.6347490981428399,0.05464172509417741,-0.8129382933794723,-0.5908353155927712,0.6003016082101339,-0.13319229663546844,-0.8129382933794722,False,False,False,False,True,False,False,False,False,False,True,False
0.0720689174509886,-0.6686364051240415,-1.0400048063507021,1.6022521287922782,0.7777011169381958,-0.2180167218377589,-0.9963609756441851,0.3304615125911904,-0.11449988944218938,-0.21801672183775864,False,True,False,False,False,False,True,False,False,False,False,False
0.5036731641942741,0.32083663242540905,-1.0400048063507021,0.4837515153247193,-0.3195732233163233,-0.3370010361461016,-0.6578587552339898,-0.46926584592465703,-0.11406873174471156,-0.33700103614610144,False,False,False,False,True,False,False,False,False,False,True,False
0.2339205099797206,0.37031028430288143,-0.4120166128507622,-1.0075826359653597,-0.947493221496655,-0.2180167218377589,-0.10406912264291059,-0.7851508606230215,-0.13372088819700076,-0.21801672183775864,False,True,False,False,False,False,True,False,False,False,False,False
-0.4134858601352079,-0.4212681457366789,0.40919871711069794,0.4837515153247193,0.04829909884993163,0.33724341160117355,0.002220574565890997,0.05543923582295409,-0.11900868604856181,0.3372434116011736,False,False,False,False,False,True,False,False,False,False,False,True
-0.0358321442348329,-0.8665310126339316,0.45750550122607775,-1.3804161737878793,-1.15045726131252,-0.5881901441303806,-0.3085244637706683,-0.8694574466795393,-0.14260122643074316,-0.5881901441303806,False,False,False,False,False,True,False,False,False,False,True,False
-1.492496476993422,0.6671521955677169,0.7473462059183581,-0.26191556032032015,0.4098287947719408,-1.249214112510062,1.1389110307033268,1.1063920687889273,-0.1305040309796757,-1.249214112510062,True,False,False,False,False,False,True,False,False,False,False,False
0.2339205099797206,-0.37179449385920654,1.5685615358798182,-1.0075826359653597,1.7100671748423246,-1.6326080141702775,0.7868687214767234,0.8255908038184152,-0.1399534873928769,-1.6326080141702775,False,False,False,False,True,False,False,False,False,False,False,True
-1.5464470078363326,0.5187312399352993,1.3270276153029181,1.2294185909697588,1.4056211151185274,-0.641072061600755,1.5329276152607945,2.2210543460433354,-0.12244657900042796,-0.6410720616007549,False,True,False,False,False,False,False,False,False,True,False,False
-0.6832385143497613,0.2713629805479367,0.7956529900337379,0.11091797750219957,0.796728995670933,-0.4956467885572251,0.8430600900648162,0.7643390523782397,-0.12864360872119657,-0.49564678855722494,False,False,True,False,False,False,False,False,True,False,False,False
-0.08978267507774389,-0.7675837088789867,0.11935801241841809,-0.26191556032032015,1.4563621250724936,-0.32378055677850803,-0.41278314765700835,0.8524464246985445,-0.1340875807991122,-0.32378055677850787,False,True,False,False,False,False,False,True,False,False,False,False
-0.0358321442348329,0.4197839361803542,0.6507326376875979,-1.0075826359653597,0.37177303730646616,-0.8129382933794723,0.8450911033872774,0.11723394681282859,-0.13850614817787749,-0.8129382933794722,False,False,True,False,False,False,False,False,False,False,True,False
0.8813268800946491,1.6071515812396948,-0.025562339927722267,0.11091797750219957,-1.175827766289503,0.17859765919005005,1.0048641514208891,-0.9966279245018468,-0.09807446007564033,0.17859765919005027,False,False,False,True,False,False,False,False,False,False,True,False
-0.7911395760355829,0.02399472116057406,-1.4264590792737422,-0.26191556032032015,1.2597407115008747,1.1304721736567913,-1.051875339791457,1.213793994034591,-0.1335858260185408,1.1304721736567915,False,True,False,False,False,False,False,False,True,False,False,False
-1.492496476993422,0.02399472116057406,-0.1704826922738622,1.2294185909697588,-0.693788171726824,-0.5749696647627869,-0.10136110487962884,-0.038169947662219365,-0.09184479781036219,-0.5749696647627867,True,False,False,False,False,False,False,False,False,False,True,False
0.3418215716655421,-1.262320227653712,-0.5086301810815221,3.093586280082357,1.2153423277911541,-0.12547336626460356,-0.990944940117622,0.47532590243629824,-0.10605324479823101,-0.12547336626460356,False,False,False,False,True,False,False,False,False,False,False,True
0.6655247567230062,0.6671521955677169,-0.46032339696614205,-1.3804161737878793,-1.0489752414045874,-0.27089863930813346,0.004928592329172743,-0.9049106227300249,-0.14260122643074316,-0.27089863930813335,False,True,False,False,False,False,False,False,False,False,True,False
-2.8412597480661894,-1.2128465757762394,0.7473462059183581,3.093586280082357,0.09904010880389784,0.23147957666042462,-0.4561114318695134,3.5961433517013357,-0.08729976151157756,0.2314795766604246,False,False,False,False,False,True,False,False,True,False,False,False
0.0720689174509886,-0.2728471901042614,0.264278364764558,-1.0075826359653597,0.6064502083435598,-1.645828493537871,0.016437667823119256,0.22245880600621507,-0.13886434651205248,-1.6458284935378709,False,False,False,True,False,False,False,False,False,False,True,False
1.3668816576808456,1.4587306256072776,-0.8950844540045623,-0.6347490981428399,-0.7445291816807902,0.03317238614652015,-0.10000709599798785,-0.8343023706699049,-0.12754693875830364,0.03317238614652015,False,False,False,False,True,False,False,False,False,False,False,True
0.7194752875659166,1.3103096699748598,-0.9916980222353221,1.2294185909697588,0.5810797033665768,-1.1170093188341257,-0.2651961795581632,-0.026849767333779632,-0.11619334710080748,-1.1170093188341255,True,False,False,False,False,False,False,False,True,False,False,False
-0.1437332059206544,-1.9549513539383274,-0.5569369651969022,0.4837515153247193,-1.1948556450222403,0.20503861792523723,-1.3416332404625844,-0.882026015620454,-0.08574150680462266,0.20503861792523745,False,False,True,False,False,False,False,False,True,False,False,False
-0.4134858601352079,-1.7570567464284372,2.5830040023027983,0.4837515153247193,-1.5754132196769868,-1.2756550712452495,-0.45475742298787264,-1.1103745952572592,-0.042556909620227325,-1.2756550712452492,False,False,True,False,False,False,False,False,False,False,False,True
0.7734258184088276,-0.8170573607564591,0.8439597741491182,-1.0075826359653597,1.8813180834369605,1.0643697768188232,-0.07021890060189058,0.654101807036334,-0.14006805302432307,1.0643697768188232,False,False,False,False,False,True,False,False,False,True,False,False
0.8273763492517381,-0.37179449385920654,1.278720831187538,-0.26191556032032015,-0.02146978983677189,-1.685489931640652,0.6000154958102958,-0.37910172385302926,-0.1279651134158714,-1.6854899316406518,False,False,False,True,False,False,False,False,True,False,False,False
-0.5753374526639399,-0.6686364051240415,1.085493694726018,1.2294185909697588,3.2449827259498023,-1.1963321950396877,0.1951668401997024,2.535290959923896,-0.1294130244769374,-1.1963321950396872,True,False,False,False,False,False,False,False,False,False,True,False
-1.0069416994072253,-0.17389988634931625,0.36089193299531813,-0.6347490981428399,0.8855257630903739,-0.07259144879422899,0.15454657375047887,1.088850888460174,-0.1358316324024513,-0.07259144879422888,True,False,False,False,False,False,False,True,False,False,False,False
-0.4134858601352079,0.02399472116057406,-0.025562339927722267,0.856585053147239,0.11806798753663515,1.4081022403762578,0.008313614533274503,0.10553279887718203,-0.11519024020635907,1.4081022403762582,False,False,False,False,False,True,False,True,False,False,False,False
0.7734258184088276,-0.07495258259437108,-1.5230726475045022,1.2294185909697588,-0.7952701916347564,0.46944820527710984,-1.145301952624671,-0.7817042897008358,-0.08782448663251023,0.4694482052771098,False,False,False,False,False,True,True,False,False,False,False,False
0.0720689174509886,-0.17389988634931625,-0.9433912381199421,-0.26191556032032015,0.3844582897949577,-1.2888755506128429,-0.7594094213570484,0.08245529747013594,-0.13037931762451005,-1.2888755506128429,False,False,False,True,False,False,False,False,True,False,False,False
-0.0358321442348329,0.37031028430288143,-0.26709626050462226,-0.26191556032032015,-0.2751748396066029,-1.1831117156720938,0.019822690027221018,-0.3021098954214277,-0.1259036890475796,-1.1831117156720938,False,False,False,True,False,False,False,False,False,False,True,False
-0.9529911685643149,0.2713629805479367,0.022744444187657992,-1.3804161737878793,-1.397819684838105,0.15215670045486288,0.20396789793036765,-0.8950964730407425,-0.14260122643074316,0.1521567004548631,False,False,False,True,False,False,False,False,False,False,True,False
-0.9529911685643149,-0.8170573607564591,0.40919871711069794,-1.3804161737878793,1.2216849540354,0.4033458084391417,-0.29566137939508075,1.3276501388447917,-0.14260122643074316,0.4033458084391419,False,False,True,False,False,False,False,False,False,False,False,True
0.3418215716655421,-0.5696891013690965,-0.9433912381199421,-0.26191556032032015,1.2216849540354,0.5619915608502651,-0.9056423805742526,0.47907283177867427,-0.13348180216763075,0.5619915608502652,False,False,False,False,False,True,False,True,False,False,False,False
0.9892279417804701,-1.6086357907960196,0.36089193299531813,0.4837515153247193,-1.169485140045257,-1.3681984268184049,-0.9056423805742526,-1.0036818116092932,-0.08733198847248616,-1.3681984268184046,False,False,False,True,False,False,False,True,False,False,False,False
-0.3055847984493864,2.2997827075243102,0.5058122853414581,-1.3804161737878793,-1.0680031201373248,-0.8658202108498468,2.1855598962116507,-0.7675361528617021,-0.14260122643074316,-0.8658202108498467,False,False,False,True,False,False,False,False,False,False,True,False
-0.4674363909781184,-0.5696891013690965,-0.8467776698891822,-0.6347490981428399,0.4542271784816612,0.42978676717432884,-0.8487740075453399,0.3752126340696873,-0.1346779171294592,0.42978676717432907,False,True,False,False,False,False,False,False,True,False,False,False
1.960337496952863,2.0524144481369477,-0.21878947638924204,-0.26191556032032015,-1.8481461481795551,0.019951906778926564,1.0278823024087826,-1.3705352434129532,-0.010876209296897322,0.019951906778926564,False,False,False,False,False,True,False,False,False,True,False,False
1.852436435267041,-0.37179449385920654,0.07105122830303782,-0.26191556032032015,0.8411273793806535,2.2674333992698443,-0.1785396111331534,-0.19579466622386604,-0.13229231204635522,2.267433399269844,True,False,False,False,False,False,False,False,False,True,False,False
-0.6832385143497613,-1.0644256201438218,-0.46032339696614205,0.11091797750219957,-0.9728637264736382,0.046392865514113736,-0.8717921585332331,-0.6120954415436134,-0.10626329066968224,0.04639286551411373,True,False,False,False,False,False,False,False,False,False,False,True
-1.2227438227788685,0.17241567679299158,1.7134818882259577,-0.6347490981428399,0.3590877848179746,0.7206373132613891,1.4909533399299295,0.8018333253309498,-0.1343684128598778,0.7206373132613894,False,False,False,False,False,True,True,False,False,False,False,False
-0.6832385143497613,-0.4212681457366789,-0.1704826922738622,-0.26191556032032015,0.12441061378088093,-0.3898829536164762,-0.36336182347712004,0.24139261382728483,-0.12893523041685714,-0.3898829536164761,False,False,True,False,False,False,True,False,False,False,False,False
0.5576236950371846,1.062941410587497,1.037186910610638,1.6022521287922782,0.24492051242155066,1.474204637214226,1.7793572317194162,-0.163864128391448,-0.10805040226448852,1.4742046372142261,False,False,False,False,True,False,False,False,False,True,False,False
-0.8990406377214044,0.8650468030776067,0.11935801241841809,0.11091797750219957,0.5239960671683648,1.077590256186417,0.6819330331495631,0.6963278241839447,-0.12717976101019537,1.077590256186417,False,False,False,True,False,False,False,False,False,False,True,False
-0.4134858601352079,1.1124150624649694,0.6024258535722181,0.4837515153247193,0.20052212871183023,1.2494564879651344,1.3623224961740559,0.16473428248672412,-0.12058590323288593,1.2494564879651344,True,False,False,False,False,False,False,False,False,False,True,False
0.5036731641942741,-0.2728471901042614,0.6507326376875979,-0.26191556032032015,1.0948324291504845,0.0992747829844883,0.276407373098149,0.33572993730265294,-0.13311702519710625,0.09927478298448841,True,False,False,False,False,False,False,False,False,True,False,False
1.6905848427383097,1.2113623662199144,0.3125851488799378,0.856585053147239,-0.8079554441232479,0.19181813855764362,1.1253709418869187,-0.899184687380912,-0.09518022026255867,0.19181813855764385,False,True,False,False,False,False,False,False,False,True,False,False
-1.9241007237367074,0.9145204549550795,1.616868319995198,-1.0075826359653597,-0.23077645589688248,-0.5881901441303806,2.226180162660874,0.8544746445405155,-0.1371692669613062,-0.5881901441303806,False,False,False,False,False,True,False,True,False,False,False,False
-0.8990406377214044,0.32083663242540905,-0.9916980222353221,-0.26191556032032015,0.263948391154288,-1.249214112510062,-0.6172384887847663,0.479608107399014,-0.12975000524695332,-1.249214112510062,True,False,False,False,False,False,False,False,False,True,False,False
-1.0069416994072253,2.1513617518918924,-0.7501641016584221,0.4837515153247193,-0.35762898078179794,1.5270865546846004,0.3623869370823388,0.014453593324040283,-0.11343701599520534,1.5270865546846004,False,True,False,False,False,False,False,True,False,False,False,False
0.17996997913680962,-0.17389988634931625,1.278720831187538,1.6022521287922782,-0.6113340305516289,1.6064094308901624,0.7977007925298499,-0.5697715738753881,-0.0878583621673267,1.6064094308901626,False,True,False,False,False,False,False,False,True,False,False,False
0.17996997913680962,1.359783321852332,-1.5230726475045022,-0.6347490981428399,-0.36397160702604375,-1.077347880731345,-0.8508050208678012,-0.41787303040353657,-0.13089233601884576,-1.0773478807313448,False,False,False,False,False,True,False,False,True,False,False,False
-1.0069416994072253,0.02399472116057406,-0.26709626050462226,-0.6347490981428399,1.5071031350264599,0.03317238614652015,-0.1744775844882309,1.6260495360282412,-0.1370058274728453,0.03317238614652015,False,True,False,False,False,False,False,False,False,True,False,False
1.2589805959950235,-0.47074179761415125,-1.7646065680814023,0.11091797750219957,0.1878368762233387,-0.6675130203359424,-1.3754834625036039,-0.3678893216542522,-0.1248902997572849,-0.6675130203359423,False,False,False,False,False,True,False,False,False,False,True,False
-0.4134858601352079,0.5682048918127718,-0.8950844540045623,0.4837515153247193,-0.5923061518188917,0.9718264212456679,-0.44121733417146486,-0.40451075222041133,-0.10882558101180832,0.9718264212456681,False,False,True,False,False,False,False,False,False,False,False,True
-0.4674363909781184,-0.4212681457366789,0.16766479653379793,0.856585053147239,1.5134457612707057,-1.6987104110082456,-0.1501054246186969,1.1476069905379316,-0.12584468714869915,-1.6987104110082454,False,False,True,False,False,False,False,False,False,True,False,False
1.3129311268379342,0.02399472116057406,2.0033225929182383,0.11091797750219957,-1.6134689771424615,1.1436926530243852,1.5437596863139211,-1.2458666505285823,-0.05598751653451576,1.1436926530243854,True,False,False,False,False,False,False,True,False,False,False,False
-0.4674363909781184,-1.559162138918547,0.022744444187657992,1.6022521287922782,1.754465558552045,-0.6146311028655679,-0.9733428246562917,1.3233613950037597,-0.1216647998664233,-0.6146311028655678,False,True,False,False,False,False,True,False,False,False,False,False
-0.6292879835068509,0.7660994993226621,-1.5230726475045022,-1.3804161737878793,-0.947493221496655,1.8443780595068477,-0.9726658202154713,-0.6066767265137781,-0.14260122643074316,1.8443780595068477,False,False,True,False,False,False,False,False,True,False,False,False
0.4497226333513631,-1.7075830945509647,-1.1849251586968421,-1.0075826359653597,0.910896268067357,0.3240229322335802,-1.3903775602016524,0.2519904102759068,-0.13924517503879805,0.3240229322335804,False,False,False,True,False,False,False,False,True,False,False,False
1.4747827193666667,0.02399472116057406,-0.5086301810815221,0.4837515153247193,1.9447443458794182,0.23147957666042462,-0.3572687835097363,0.408143459327495,-0.13013513648116784,0.2314795766604246,False,False,False,True,False,False,False,False,True,False,False,False
-0.3055847984493864,1.2113623662199144,0.6024258535722181,0.4837515153247193,-0.6430471617728578,0.6016529989530461,1.442209020190862,-0.4715287348139917,-0.10762998294388142,0.6016529989530464,True,False,False,False,False,False,False,False,False,False,False,True
0.7734258184088276,0.02399472116057406,0.892266558264498,0.856585053147239,0.7523306119612126,0.5487710814826718,0.7029201708149954,0.048477434478949546,-0.12133620124321648,0.5487710814826721,False,False,False,False,False,True,True,False,False,False,False,False
1.4747827193666667,-0.2233735382267886,-0.46032339696614205,-0.26191556032032015,0.6191354608320514,0.15215670045486288,-0.4459563652572074,-0.21051204439221965,-0.13144334262646445,0.1521567004548631,False,False,False,False,True,False,False,False,False,True,False,False
1.1510795343092026,-0.02547893071689873,-0.12217590815848194,1.2294185909697588,-0.09123867852347542,-1.5665056173323095,-0.09459106047142483,-0.48309079020296236,-0.10725010362165993,-1.566505617332309,True,False,False,False,False,False,False,False,False,False,False,True
-0.3055847984493864,-0.8665310126339316,0.022744444187657992,-0.6347490981428399,-0.053182921058000765,-0.6542925409683488,-0.5278739025964747,-0.060652766479110186,-0.13269088031409018,-0.6542925409683487,False,True,False,False,False,False,True,False,False,False,False,False
-0.4674363909781184,-0.8665310126339316,1.230414047072158,-1.0075826359653597,0.05464172509417741,-1.328536988715624,0.08143009414187681,0.0838303319289724,-0.13789676153310582,-1.328536988715624,False,False,False,False,False,True,False,False,True,False,False,False
-0.0358321442348329,0.7660994993226621,-0.7501641016584221,-0.26191556032032015,-1.9115724106220129,-1.1698912363045004,-0.2252529175497602,-1.3628031434257233,0.03978725883150495,-1.1698912363045002,False,True,False,False,False,False,False,False,False,False,True,False
0.6655247567230062,0.02399472116057406,-0.1704826922738622,0.4837515153247193,-0.44008312195699306,0.7602987513641697,-0.10136110487962884,-0.5705963623467285,-0.11196750151589528,0.7602987513641697,True,False,False,False,False,False,False,False,True,False,False,False
1.0971290034662922,0.9145204549550795,-0.26709626050462226,-1.3804161737878793,1.3992784888742817,0.5619915608502651,0.3251516928372173,0.2754493812800859,-0.14260122643074316,0.5619915608502652,False,False,False,False,False,True,False,False,False,False,True,False
-0.5213869218210294,1.9039934925045296,0.892266558264498,-0.6347490981428399,0.3971435422834493,-0.8393792521146596,2.37512113964136,0.36214484626897,-0.13449507153019882,-0.8393792521146594,False,False,False,True,False,False,False,False,False,False,True,False
1.5826837810524876,-0.3223208419817337,0.21597158064917776,0.4837515153247193,0.3273746535967457,1.2758974467003215,-0.05058577181809954,-0.3686148300318201,-0.12174766171298392,1.2758974467003217,False,False,False,True,False,False,False,False,False,False,True,False
-0.8990406377214044,0.12294202491551877,-1.233231942812222,-0.26191556032032015,-0.21174857716414514,-1.077347880731345,-0.8772081940597963,0.08316960108511606,-0.12647163249598653,-1.0773478807313448,False,False,True,False,False,False,False,False,False,True,False,False
-0.1976837367635649,-0.6686364051240415,1.037186910610638,0.11091797750219957,0.967979904265569,-0.12547336626460356,0.16808666256688665,0.5893085790978544,-0.12942872471735858,-0.12547336626460356,False,False,False,True,False,False,False,False,False,False,True,False
-0.5213869218210294,-0.07495258259437108,0.6990394218029777,0.856585053147239,0.6889043495187549,-0.6278515822331614,0.47409266981770315,0.5782772467482507,-0.12084847130772275,-0.6278515822331613,False,False,False,True,False,False,False,False,True,False,False,False
1.7445353735812201,-1.262320227653712,0.3125851488799378,-0.26191556032032015,-0.7001307979710698,1.3419998435382896,-0.6686908262871162,-0.8566539512163645,-0.12074822819655676,1.3419998435382896,False,False,False,False,True,False,False,True,False,False,False,False
-1.4385459461505112,-1.4107411832861296,1.4236411835336777,-1.3804161737878793,1.2280275802796459,0.23147957666042462,-0.38705697890583357,1.8805873157987365,-0.14260122643074316,0.2314795766604246,False,False,True,False,False,False,False,False,False,False,True,False
0.018118386608077613,0.5682048918127718,-0.3154030446200021,-0.6347490981428399,-0.7064734242153156,0.6809758751586081,0.08684612966843983,-0.5937808273219399,-0.1279651134158714,0.6809758751586082,False,False,False,True,False,False,False,False,False,False,False,True
-0.3055847984493864,-0.47074179761415125,-0.0738691240431021,-1.3804161737878793,-0.8713817065657057,0.11249526235208189,-0.3328966236402023,-0.6305774967500749,-0.14260122643074316,0.112495262352082,True,False,False,False,False,False,False,False,True,False,False,False
-0.35953532929229737,-0.8170573607564591,-0.26709626050462226,-1.3804161737878793,0.5747370771223309,0.0992747829844883,-0.6463496797400432,0.40464518984147685,-0.14260122643074316,0.09927478298448841,False,False,False,False,True,False,False,True,False,False,False,False
1.6905848427383097,0.6671521955677169,0.07105122830303782,0.4837515153247193,-1.2963376649301726,0.9189445037752936,0.5038808652138002,-1.118344025743159,-0.07834512051179397,0.9189445037752938,False,False,False,False,True,False,False,False,False,False,True,False
0.7734258184088276,-0.520215449491624,0.45750550122607775,-1.3804161737878793,0.4922829359471359,1.2362360085975406,-0.04313872296907529,-0.09102031425617822,-0.14260122643074316,1.2362360085975406,False,False,False,False,False,True,True,False,False,False,False,False
-0.5213869218210294,1.6566252331171671,-1.5713794316198824,1.975085666614798,-0.2624895871181113,-1.2359936331424686,-0.84877400754534,-0.1265023200320122,-0.09285891226831186,-1.2359936331424684,False,True,False,False,False,False,False,False,False,False,False,True
-1.9241007237367074,1.0134677587100247,0.9405733423798778,1.2294185909697588,-1.936942915598996,1.5667479927873813,1.6331242725022117,-1.2975792866712166,0.3603488389893955,1.566747992787381,True,False,False,False,False,False,False,False,False,False,True,False
-0.7371890451926719,1.062941410587497,0.16766479653379793,1.6022521287922782,0.6889043495187549,-0.3898829536164762,0.865401236611889,0.7168440768270818,-0.11359755293338261,-0.3898829536164761,True,False,False,False,False,False,False,False,False,True,False,False
-1.6003975386792433,-0.17389988634931625,0.6024258535722181,-0.26191556032032015,-0.32591584956056907,-0.3634419948812888,0.3237976839555765,0.42748719990224093,-0.1254197024567633,-0.3634419948812886,False,False,False,False,True,False,False,False,False,False,True,False
1.0431784726233806,0.5187312399352993,-0.7984708857738022,0.856585053147239,-0.9284653427639177,-0.42954439171925696,-0.37351689008942557,-0.8864385485602957,-0.09020232458744537,-0.42954439171925685,False,False,True,False,False,False,False,True,False,False,False,False
0.17996997913680962,0.7660994993226621,1.9067090246874778,-1.0075826359653597,0.6635338445417718,-0.720394937806317,2.343978935363622,0.2130901501718461,-0.13894219817702522,-0.7203949378063168,False,False,False,False,False,True,False,False,False,True,False,False
0.0720689174509886,-1.9549513539383274,0.3125851488799378,0.4837515153247193,-0.6240192830401206,-1.3153165093480301,-1.171028121375846,-0.5535606413080526,-0.10808812150484469,-1.31531650934803,False,False,False,True,False,False,False,False,False,False,True,False
0.8813268800946491,-0.07495258259437108,-1.2815387269276022,0.11091797750219957,0.9299241468000944,-0.1651348043673843,-0.9692807980113695,0.10757952259747722,-0.12926198418934107,-0.1651348043673843,True,False,False,False,False,False,False,False,False,False,False,True
-0.8450901068784934,2.0029407962594754,0.11935801241841809,0.4837515153247193,0.40348616852769503,1.9501418944475966,1.4449170379541434,0.5597304160435067,-0.12238766881429623,1.9501418944475966,False,True,False,False,False,False,False,False,False,False,False,True
-1.0069416994072253,-0.5696891013690965,0.3125851488799378,-0.6347490981428399,0.3590877848179746,-0.12547336626460356,-0.16635353119838614,0.6338765236831378,-0.1343684128598778,-0.12547336626460356,False,True,False,False,False,False,False,False,False,False,True,False
-1.0069416994072253,-1.8560040501833823,-2.247674409235202,0.856585053147239,-0.4464257482012388,-0.8393792521146596,-1.6733654164645757,-0.06228907061425508,-0.10569771968507428,-0.8393792521146594,False,False,False,False,False,True,False,False,False,False,True,False
-1.492496476993422,-0.8170573607564591,-0.7501641016584221,-1.0075826359653597,-2.0701380667281573,1.4081022403762578,-0.8968413228435876,-1.4655834969145116,1.438098979175407,1.4081022403762582,False,False,False,False,False,True,False,False,False,False,False,True
-0.35953532929229737,0.32083663242540905,-0.701857317543042,0.856585053147239,0.6635338445417718,1.3816612816410707,-0.37351689008942557,0.46743464215462766,-0.12064705690843551,1.381661281641071,False,False,True,False,False,False,False,False,False,False,False,True
0.6655247567230062,0.9145204549550795,-0.7984708857738022,0.856585053147239,0.44788455223741547,0.2447000560280182,-0.21103582429253193,-0.08305473262108791,-0.11877157508994693,0.2447000560280182,False,False,False,False,True,False,False,True,False,False,False,False
-2.355704970479993,-0.9654783163888768,1.3270276153029181,0.4837515153247193,1.2407128327681374,0.17859765919005005,0.02997775663952702,3.862550027944275,-0.12748936978058878,0.17859765919005027,False,False,False,False,True,False,False,True,False,False,False,False
0.8273763492517381,-0.8170573607564591,2.2448565134951384,-0.26191556032032015,-0.18003544594291626,0.7206373132613891,0.6562068643983885,-0.4631947403438561,-0.12674135814706944,0.7206373132613894,False,False,False,True,False,False,False,False,False,False,True,False
1.205030065152113,-1.6086357907960196,0.3125851488799378,0.11091797750219957,0.39080091603920347,-0.5088672679248187,-0.9198594738314809,-0.2566268842564944,-0.12634723974070564,-0.5088672679248185,False,False,False,True,False,False,True,False,False,False,False,False
-1.6003975386792433,1.50820427748475,-0.4120166128507622,1.2294185909697588,-1.2329114024877148,0.575212040217859,0.48763275863411093,-0.5569095624424704,-0.05940647876726158,0.5752120402178592,False,False,True,False,False,False,False,False,False,False,False,True
0.17996997913680962,0.07346837303804642,-0.36370982873538216,-1.0075826359653597,0.11806798753663515,1.2230155292299467,-0.22119089090483793,-0.12186561235582621,-0.13803272872667915,1.223015529229947,False,True,False,False,False,False,False,False,True,False,False,False
2.0142880277957738,-0.2233735382267886,-0.9916980222353221,-0.6347490981428399,1.7608081847962909,0.33724341160117355,-0.8108617588593979,0.15976632582018893,-0.13737577120559888,0.3372434116011736,False,False,False,False,False,True,True,False,False,False,False,False
1.420832188523756,-1.4107411832861296,0.264278364764558,0.4837515153247193,-0.002441911104034566,-0.3634419948812888,-0.793259643398068,-0.4908519991008391,-0.11843149851627605,-0.3634419948812886,False,False,False,False,False,True,True,False,False,False,False,False
0.39577210250845263,0.02399472116057406,0.6990394218029777,0.856585053147239,-1.0172621101833585,0.4562277259095165,0.5566872115977908,-0.8513681044655126,-0.0858096022772288,0.4562277259095166,False,False,False,False,True,False,False,False,False,False,False,True
-0.6832385143497613,0.7166258474451892,0.9405733423798778,0.4837515153247193,-0.8460112015887227,-0.2973395980433206,1.3650305139373369,-0.5134263021943766,-0.10186153040996611,-0.2973395980433205,False,True,False,False,False,False,False,False,False,True,False,False
2.0142880277957738,-0.3223208419817337,-0.5569369651969022,0.11091797750219957,-0.02146978983677189,-0.032930010691448006,-0.5596931113150332,-0.5963980784653257,-0.12308640907758081,-0.03293001069144777,False,False,False,True,False,False,False,False,False,False,True,False
0.5036731641942741,0.4197839361803542,-0.12217590815848194,-0.6347490981428399,-1.936942915598996,2.0162442912855645,0.17350269809345012,-1.3897767191218053,0.0010987922607250398,2.0162442912855645,False,False,False,False,False,True,False,False,True,False,False,False
-0.7911395760355829,-0.37179449385920654,0.16766479653379793,0.4837515153247193,-0.6684176667498409,1.328779364170696,-0.11625520257767735,-0.3376931626292703,-0.10699987044862268,1.328779364170696,False,False,True,False,False,False,False,False,True,False,False,False
1.205030065152113,0.17241567679299158,-0.8467776698891822,0.856585053147239,0.11172536129238939,0.5487710814826718,-0.55427707578847,-0.3937250568259604,-0.11511078807237533,0.5487710814826721,False,False,True,False,False,False,True,False,False,False,False,False
-1.3306448844646899,-0.9654783163888768,0.40919871711069794,0.11091797750219957,-0.48448150566671344,0.29758197349839255,-0.40736711213044535,0.07612180541731335,-0.11741078490713917,0.29758197349839255,False,False,True,False,False,False,False,True,False,False,False,False
-3.326814525652386,-1.262320227653712,0.892266558264498,-0.6347490981428399,0.6825617232745091,1.5667479927873813,-0.44121733417146486,10.213254633331516,-0.13533363927853098,1.566747992787381,True,False,False,False,False,False,False,False,False,False,False,True
-0.1976837367635649,-0.9160046645114042,-0.5086301810815221,-0.6347490981428399,0.6127928345878056,-1.5268441792295284,-0.8203398210308835,0.34907067459536495,-0.13514509338543113,-1.5268441792295282,False,False,False,True,False,False,False,False,False,False,True,False
0.7194752875659166,-2.0538986576932725,-0.9433912381199421,-0.6347490981428399,-1.8608314006680466,1.7253937451985049,-1.4540159776387689,-1.3519992551055064,-0.04961886139508727,1.7253937451985049,False,True,False,False,False,False,False,True,False,False,False,False
0.5036731641942741,0.7166258474451892,-0.8950844540045623,-1.3804161737878793,0.23857788617730488,-0.31056007741091424,-0.38434896114255207,-0.15159934850760212,-0.14260122643074316,-0.31056007741091407,True,False,False,False,False,False,False,False,False,False,False,True
-0.6292879835068509,-0.17389988634931625,0.6990394218029777,-0.6347490981428399,-0.7889275653905107,0.257920535395612,0.3914981280376156,-0.4853622109204543,-0.12702782539028848,0.2579205353956121,False,False,True,False,False,False,False,True,False,False,False,False
0.1260194482938991,0.8155731512001344,-0.9916980222353221,0.4837515153247193,0.6254780870762972,0.0067314274113327455,-0.44121733417146486,0.2117918720225138,-0.12404840711611698,0.00673142741133298,False,False,False,False,False,True,False,False,True,False,False,False
-0.3055847984493864,-0.47074179761415125,0.5058122853414581,0.11091797750219957,1.1392308128602049,0.0728338242493009,0.02456172111296401,0.7699352125204352,-0.13013021889144416,0.07283382424930089,False,False,True,False,False,False,False,False,False,False,False,True
0.39577210250845263,2.2997827075243102,0.6507326376875979,-0.6347490981428399,-0.15466494096593317,-0.40310343298406975,2.3886612284577677,-0.3481554937844049,-0.13216756170727023,-0.4031034329840697,False,False,True,False,False,False,False,False,False,True,False,False
0.17996997913680962,-0.47074179761415125,-1.5713794316198824,-1.3804161737878793,-0.07855342603498386,0.7338577926289824,-1.2563306809192152,-0.24260548024370815,-0.14260122643074316,0.7338577926289825,True,False,False,False,False,False,False,False,False,False,False,True
0.17996997913680962,0.12294202491551877,-0.9916980222353221,-0.6347490981428399,-2.0701380667281573,-0.3898829536164762,-0.6876469506300871,-1.4655834969145116,3.018799184781557,-0.3898829536164761,False,False,True,False,False,False,False,False,False,True,False,False
0.17996997913680962,-0.7675837088789867,0.892266558264498,0.4837515153247193,0.7396453594727211,-0.04615049005904159,-0.0011644476382110037,0.25982816354780025,-0.12480054843968293,-0.04615049005904136,False,False,False,True,False,False,False,False,True,False,False,False
0.2878710408226311,-0.2728471901042614,-1.6679929998506422,-1.3804161737878793,0.796728995670933,-0.6542925409683488,-1.2834108585520307,0.24974154100298956,-0.14260122643074316,-0.6542925409683487,False,False,True,False,False,False,False,False,False,False,True,False
1.3129311268379342,-0.02547893071689873,0.36089193299531813,-0.26191556032032015,1.3231669739433325,1.0908107355540104,0.2642212931633822,0.16703473664760243,-0.13375402378742515,1.0908107355540104,False,False,False,False,True,False,False,False,True,False,False,False
1.205030065152113,-1.4107411832861296,1.133800478841398,0.11091797750219957,0.5874223296108225,-0.4956467885572251,-0.48860764502889215,-0.1600349899461889,-0.12754693875830364,-0.49564678855722494,False,False,False,False,False,True,False,False,False,False,True,False
-0.08978267507774389,-1.3117938795311843,0.21597158064917776,1.6022521287922782,0.06732697758266896,-1.0244659632609703,-0.7411303014548979,-0.06059054082890033,-0.10518820381284612,-1.0244659632609703,False,False,False,False,True,False,False,True,False,False,False,False
1.3668816576808456,0.22188932867046393,1.471947967649058,-1.0075826359653597,1.1011750553947304,-1.7515923284786201,1.3501364162392884,0.04465843190033712,-0.13944613619999238,-1.75159232847862,False,False,False,True,False,False,False,False,False,False,True,False
-0.1437332059206544,0.9145204549550795,0.36089193299531813,0.11091797750219957,1.0440914191965183,0.7206373132613891,0.958827849445103,0.6106971068201424,-0.12975000524695332,0.7206373132613894,False,False,False,True,False,False,False,False,True,False,False,False
-0.1976837367635649,0.7660994993226621,-0.6052437493122822,-0.26191556032032015,-1.657867360852182,0.4430072465419227,-0.08511299829993933,-1.1867359291884076,-0.07075121708500906,0.44300724654192264,True,False,False,False,False,False,False,False,False,True,False,False
-0.4674363909781184,1.0134677587100247,0.40919871711069794,0.4837515153247193,-0.07221079979073809,0.16537717982245645,1.0820426576744142,-0.00867198621093709,-0.1175901472281142,0.1653771798224567,False,False,False,True,False,False,False,False,False,False,False,True
-0.1976837367635649,-0.37179449385920654,-1.6196862157352623,1.2294185909697588,-1.2138835237549777,1.3419998435382896,-1.268516760853982,-0.8864385485602957,-0.06124165702454426,1.3419998435382896,False,True,False,False,False,False,False,False,False,True,False,False
-0.7371890451926719,-1.0149519682663493,0.16766479653379793,0.11091797750219957,-1.626154229630953,-0.3634419948812888,-0.5563080891109312,-1.114388255162991,-0.05354769372053752,-0.3634419948812886,True,False,False,False,False,False,False,False,True,False,False,False
1.9063869661099526,0.2713629805479367,-0.12217590815848194,0.11091797750219957,1.1202029341274675,-1.3946393855535921,0.08413811190515856,-0.08695635545156434,-0.1300559867037102,-1.394639385553592,False,False,True,False,False,False,False,False,False,True,False,False
1.1510795343092026,1.50820427748475,0.264278364764558,0.11091797750219957,-2.0701380667281573,-0.641072061600755,1.2837899810388909,-1.4655834969145116,6.180199595993858,-0.6410720616007549,False,False,False,False,True,False,False,False,False,False,False,True
-0.4134858601352079,-0.47074179761415125,-1.3781522951583622,-1.3804161737878793,1.3675653576530529,-0.7600563759090977,-1.1371778993348263,1.0026629735756274,-0.14260122643074316,-0.7600563759090975,False,False,False,False,False,True,False,False,False,False,False,True
-1.3306448844646899,0.02399472116057406,-1.4264590792737422,-0.26191556032032015,0.40348616852769503,0.08605430361689471,-1.051875339791457,0.9394767747231352,-0.13047309186087502,0.08605430361689484,True,False,False,False,False,False,False,False,False,False,True,False
0.8273763492517381,-1.0149519682663493,1.7617886723413383,-0.26191556032032015,0.4161714210161866,-0.9715840457905959,0.18094974694247415,-0.14700499833834738,-0.13053481264749012,-0.9715840457905958,False,False,False,False,True,False,False,False,False,True,False,False
1.205030065152113,-0.3223208419817337,-1.7162997839660221,1.2294185909697588,-0.5415651418649254,-0.6146311028655679,-1.3233541205604336,-0.7146594153408463,-0.09687849321073055,-0.6146311028655678,False,False,False,False,True,False,False,False,True,False,False,False
0.8273763492517381,1.50820427748475,-1.0883115904660823,-1.3804161737878793,-0.23711908214112823,-0.3634419948812888,-0.3085244637706683,-0.4934682262805538,-0.14260122643074316,-0.3634419948812886,False,False,False,True,False,False,False,False,False,True,False,False
-0.9529911685643149,-0.520215449491624,0.21597158064917776,0.11091797750219957,-0.9348079690081634,-1.0641274013637514,-0.1886946777454594,-0.5022138999955996,-0.10747455519505093,-1.0641274013637512,False,False,False,False,False,True,False,False,True,False,False,False
-0.1437332059206544,2.2997827075243102,0.40919871711069794,0.856585053147239,-0.5225372631321881,-0.07259144879422899,2.0501590080475727,-0.4337862111482069,-0.10389020098732724,-0.07259144879422888,False,True,False,False,False,False,False,False,False,False,True,False
0.3418215716655421,-1.0149519682663493,-0.12217590815848194,0.11091797750219957,-1.8608314006680466,-1.8176947253165883,-0.6903549683933686,-1.341934828616101,0.043363503640568624,-1.8176947253165878,False,False,False,False,True,False,False,False,False,False,True,False
-2.409655501322904,0.37031028430288143,-0.3154030446200021,0.856585053147239,1.4563621250724936,-1.2888755506128429,-0.021474580862822768,4.41227809003288,-0.12557393516748122,-1.2888755506128429,False,True,False,False,False,False,True,False,False,False,False,False
-0.6832385143497613,-0.3223208419817337,-0.4120166128507622,0.11091797750219957,0.714274854495738,0.3636843703363607,-0.46423548515935814,0.7002041118012361,-0.12823122456159633,0.3636843703363608,False,False,False,True,False,False,False,False,False,False,False,True
-0.1976837367635649,-0.520215449491624,0.892266558264498,-1.3804161737878793,0.6127928345878056,0.39012532907154834,0.21886199562841593,0.34907067459536495,-0.14260122643074316,0.3901253290715483,False,False,True,False,False,False,False,False,False,True,False,False
-0.08978267507774389,0.6671521955677169,-0.9433912381199421,-1.0075826359653597,-1.8608314006680466,0.7999601894669506,-0.4486643830204889,-1.328002584300787,-0.09611004391291522,0.7999601894669508,False,False,False,False,True,False,False,False,False,False,False,True
-0.2516342676064759,0.02399472116057406,-0.12217590815848194,0.11091797750219957,-0.6620750405055952,-1.8705766427869628,-0.06480286507532733,-0.49920633799404535,-0.11424785951404093,-1.8705766427869626,False,False,False,True,False,False,False,False,False,True,False,False
-0.1437332059206544,-0.47074179761415125,0.5058122853414581,0.856585053147239,-0.015127163592526116,2.0162442912855645,0.02456172111296401,-0.09549201909368074,-0.11341906878878347,2.0162442912855645,False,True,False,False,False,False,False,False,True,False,False,False
0.3418215716655421,0.32083663242540905,1.375334399418298,0.856585053147239,1.5071031350264599,-0.6939539790711295,1.3731545672271819,0.6476846521855978,-0.12581502955704954,-0.6939539790711294,False,False,False,True,False,False,False,True,False,False,False,False
1.1510795343092026,1.7060988849946404,-0.0738691240431021,0.11091797750219957,0.7840437431824415,-1.5929465760674966,1.007572169184171,-0.04852670838823868,-0.12858171241206334,-1.5929465760674963,False,False,False,False,False,True,False,False,True,False,False,False
1.0431784726233806,-0.9654783163888768,-0.701857317543042,-0.6347490981428399,-1.5627279671884953,-1.8705766427869628,-0.9367845848519907,-1.2081857420904156,-0.10357159172441847,-1.8705766427869626,False,False,True,False,False,False,False,False,False,True,False,False
0.3418215716655421,-1.7075830945509647,1.375334399418298,-1.3804161737878793,0.5303386934126105,-0.5881901441303806,-0.7086340882955191,0.07065753345968148,-0.14260122643074316,-0.5881901441303806,True,False,False,False,False,False,False,False,True,False,False,False
0.6115742258800956,-0.2728471901042614,0.16766479653379793,0.11091797750219957,-0.6240192830401206,-0.05937096942663541,-0.0485547584956383,-0.662134790785012,-0.11499074249002439,-0.05937096942663529,False,False,True,False,False,False,True,False,False,False,False,False
-0.6832385143497613,-0.8170573607564591,0.40919871711069794,1.6022521287922782,0.2322352599330591,-0.8393792521146596,-0.29566137939508075,0.3252613822741362,-0.10786056257126733,-0.8393792521146594,False,False,True,False,False,False,False,True,False,False,False,False
0.5576236950371846,-1.0644256201438218,-0.46032339696614205,-0.6347490981428399,1.196314449058417,-1.2359936331424686,-0.8717921585332331,0.3710890367550164,-0.13647448144777358,-1.2359936331424684,False,True,False,False,False,False,False,False,False,False,False,True
-0.8450901068784934,-0.12442623447184388,-2.054447272773682,0.856585053147239,-0.6113340305516289,0.05961334488170732,-1.535256510537216,-0.2711675995290137,-0.1015440782331808,0.05961334488170732,False,True,False,False,False,False,False,False,False,False,False,True
1.0971290034662922,0.8650468030776067,0.3125851488799378,-0.6347490981428399,-0.243461708385374,0.29758197349839255,0.8742022943425537,-0.5489153636054731,-0.1316621246618425,0.29758197349839255,False,False,True,False,False,False,False,False,False,False,True,False
0.2878710408226311,0.4197839361803542,0.21597158064917776,1.975085666614798,-0.16735019345442473,1.2494564879651344,0.46732262540949915,-0.32709342750024095,-0.0953377651335493,1.2494564879651344,False,False,False,True,False,False,False,False,False,False,False,True
-0.7371890451926719,-0.12442623447184388,-0.36370982873538216,0.11091797750219957,1.5578441449804261,-0.04615049005904159,-0.32680358367281903,1.4041833356836293,-0.13156667002162517,-0.04615049005904136,False,True,False,False,False,False,False,True,False,False,False,False
2.0142880277957738,-0.9654783163888768,2.5830040023027983,2.7207527422598377,-0.7952701916347564,0.08605430361689471,0.6284496823247523,-0.9246972148455135,-0.05652349246209142,0.08605430361689484,True,False,False,False,False,False,False,False,False,False,False,True
-2.193853377951261,-0.9160046645114042,-0.9916980222353221,1.2294185909697588,-1.2075408975107318,0.8528421069373254,-1.0572913753180202,-0.2075519702117425,-0.061835522494662495,0.8528421069373255,False,False,False,False,True,False,False,False,True,False,False,False
-0.5213869218210294,1.4092569737298044,0.988880126495258,-1.3804161737878793,-0.2244338296526367,0.046392865514113736,2.04609698140265,-0.09831113736080178,-0.14260122643074316,0.04639286551411373,False,False,True,False,False,False,False,False,True,False,False,False
-0.4674363909781184,1.7060988849946404,-0.0738691240431021,-1.0075826359653597,-1.879859279400784,2.055905729388346,1.007572169184171,-1.3268300197046474,-0.09161089721764154,2.055905729388346,False,False,True,False,False,False,True,False,False,False,False,False
0.39577210250845263,0.4692575880578266,-0.36370982873538216,-1.0075826359653597,-0.8586964540772142,0.35046389096876734,-0.009965505368876014,-0.7588657863256031,-0.1343684128598778,0.35046389096876757,True,False,False,False,False,False,False,False,False,False,False,True
0.0720689174509886,0.07346837303804642,1.3270276153029181,-0.6347490981428399,0.3273746535967457,0.6280939576882333,1.0820426576744142,0.0464543952751441,-0.13425980054363945,0.6280939576882335,False,False,False,True,False,False,False,False,True,False,False,False
-0.6832385143497613,1.4092569737298044,0.36089193299531813,-0.26191556032032015,-1.4929590785017917,-1.1566707569369066,1.3244102474881139,-1.0166389128754842,-0.09105665450880349,-1.1566707569369066,False,False,True,False,False,False,False,False,False,True,False,False
0.9352774109375596,1.8545198406270573,0.21597158064917776,-1.0075826359653597,1.8622902047042234,0.6413144370558271,1.4686121933828566,0.5735787163030487,-0.14005581547163504,0.6413144370558271,True,False,False,False,False,False,False,False,False,True,False,False
-0.5213869218210294,-0.9160046645114042,-0.5086301810815221,-1.3804161737878793,0.8855257630903739,0.2843614941307992,-0.8203398210308835,0.723931690549505,-0.14260122643074316,0.2843614941307993,False,False,False,True,False,False,True,False,False,False,False,False
0.5576236950371846,-0.7675837088789867,0.6990394218029777,-1.0075826359653597,-1.7593493807601142,0.8131806688345444,-0.10406912264291059,-1.2908321296333332,-0.11098722231862015,0.8131806688345444,False,False,False,False,False,True,True,False,False,False,False,False
0.17996997913680962,0.6176785436902441,-0.6535505334276622,-0.6347490981428399,-0.3195732233163233,1.0379288180836361,-0.19884974435776517,-0.39060918926756333,-0.13118822855633053,1.0379288180836361,True,False,False,False,False,False,False,False,False,False,False,True
-0.4134858601352079,-0.9654783163888768,0.022744444187657992,0.4837515153247193,-1.454903321036317,0.35046389096876734,-0.5915123200335916,-1.0238493499817745,-0.061953256756959986,0.35046389096876757,False,False,True,False,False,False,False,False,True,False,False,False
-0.2516342676064759,-0.02547893071689873,0.7956529900337379,-0.26191556032032015,-1.8988871581335214,-1.2095526744072813,0.5871524114347085,-1.348051139748509,0.02675950988420149,-1.2095526744072809,False,False,False,False,True,False,False,False,False,False,True,False
-1.2227438227788685,-0.6686364051240415,-0.36370982873538216,-0.6347490981428399,0.7459879857169669,-1.8705766427869628,-0.6172384887847664,1.1629623753491565,-0.13549695584374924,-1.8705766427869626,True,False,False,False,False,False,True,False,False,False,False,False
0.5576236950371846,-0.2233735382267886,-2.247674409235202,0.11091797750219957,0.05464172509417741,-0.7864973346442852,-1.6733654164645757,-0.270854761420741,-0.12378336684019375,-0.7864973346442851,False,False,False,False,True,False,False,True,False,False,False,False
0.7194752875659166,0.17241567679299158,-0.9433912381199421,0.11091797750219957,1.7925213160175197,1.0379288180836361,-0.6314555820419944,0.6305620564698561,-0.13223597918086677,1.0379288180836361,False,False,False,True,False,False,False,False,False,False,True,False
0.4497226333513631,1.6071515812396948,-0.26709626050462226,-0.6347490981428399,-1.5183295834787747,0.6413144370558271,0.7137522418681214,-1.1476496034558596,-0.1066762217578761,0.6413144370558271,False,False,True,False,False,False,False,True,False,False,False,False
0.8813268800946491,0.7166258474451892,1.471947967649058,-1.3804161737878793,-0.00878453734828034,1.2891179260679149,1.8714298356709893,-0.38465753213354675,-0.14260122643074316,1.2891179260679149,False,False,False,False,True,False,True,False,False,False,False,False
-2.4636060321658144,0.8650468030776067,-1.2815387269276022,0.11091797750219957,-1.1250867563355367,1.6592913483605367,-0.7120191104996211,0.16793892120063078,-0.10044922094791249,1.659291348360537,False,True,False,False,False,False,False,False,False,False,True,False
-0.8990406377214044,0.02399472116057406,1.375334399418298,-0.26191556032032015,-1.7276362495388853,2.3070948373726248,1.068502568858006,-1.180147772368505,-0.05638121521586225,2.3070948373726248,True,False,False,False,False,False,False,True,False,False,False,False
0.0720689174509886,-1.2128465757762394,0.07105122830303782,0.11091797750219957,-0.11660918350045851,-0.7732768552766913,-0.730975234842592,-0.2335526217970144,-0.12213908784684478,-0.7732768552766911,False,False,False,True,False,False,False,False,False,False,False,True
0.9892279417804701,-0.17389988634931625,-0.7984708857738022,0.856585053147239,0.6445059658090345,-1.4607417823915603,-0.6578587552339898,-0.07337278345934621,-0.12049353124744036,-1.46074178239156,True,False,False,False,False,False,False,True,False,False,False,False
0.9892279417804701,0.32083663242540905,0.8439597741491182,0.4837515153247193,-0.6430471617728578,-1.8705766427869628,0.9263316362857246,-0.7336970237196233,-0.10762998294388142,-1.8705766427869626,True,False,False,False,False,False,False,False,False,False,False,True
1.0971290034662922,-1.7570567464284372,0.8439597741491182,0.11091797750219957,0.010243341384456985,-0.5749696647627869,-0.8934563006394857,-0.42160034509032884,-0.12338298684890547,-0.5749696647627867,False,False,True,False,False,False,False,True,False,False,False,False
0.2878710408226311,0.4692575880578266,-1.5713794316198824,-0.26191556032032015,1.4309916200955106,0.08605430361689471,-1.0762474996609912,0.6292382308077465,-0.13402599927555608,0.08605430361689484,True,False,False,False,False,False,False,True,False,False,False,False
0.7194752875659166,-1.8065303983059098,1.182107262956778,-1.0075826359653597,1.2407128327681374,-0.641072061600755,-0.8562210563943643,0.3311126917006608,-0.1395788551007123,-0.6410720616007549,True,False,False,False,False,False,True,False,False,False,False,False
-1.3845954153076003,-0.8170573607564591,-1.4264590792737422,0.4837515153247193,1.0694619241735015,-0.05937096942663541,-1.24752962318855,1.651941437843289,-0.1266667485516489,-0.05937096942663529,False,True,False,False,False,False,False,False,False,True,False,False
0.39577210250845263,-0.4212681457366789,0.07105122830303782,-1.0075826359653597,0.05464172509417741,0.20503861792523723,-0.21103582429253218,-0.2260524338397244,-0.13789676153310582,0.20503861792523745,True,False,False,False,False,False,False,False,False,False,True,False
0.7734258184088276,0.02399472116057406,0.264278364764558,1.6022521287922782,-1.8354608956910636,0.7735192307317634,0.22766305335908119,-1.3396952846413472,0.19017776422318317,0.7735192307317637,False,True,False,False,False,False,False,False,False,False,False,True
0.39577210250845263,1.2113623662199144,-0.7501641016584221,0.856585053147239,-1.175827766289503,-1.077347880731345,-0.03636867856087128,-0.9438704226054221,-0.07581107689808893,-1.0773478807313448,False,False,True,False,False,False,False,False,False,True,False,False
1.3668816576808456,-0.9654783163888768,0.8439597741491182,-0.26191556032032015,0.9806651567540605,0.8792830656725126,-0.20020375323940567,-0.012730761394627126,-0.13276284340829825,0.8792830656725127,False,False,False,True,False,False,True,False,False,False,False,False
-0.3055847984493864,0.37031028430288143,-0.5569369651969022,-0.6347490981428399,-1.6134689771424615,1.7386142245660987,-0.22796093531304193,-1.1474859730423452,-0.09929437148262946,1.7386142245660985,False,False,False,False,False,True,False,False,True,False,False,False
-0.5753374526639399,0.02399472116057406,1.4236411835336777,-0.26191556032032015,-0.947493221496655,1.474204637214226,1.1050608086623073,-0.6205300615202417,-0.11596021172951591,1.4742046372142261,False,False,False,False,True,False,False,True,False,False,False,False
0.3418215716655421,1.062941410587497,-0.3154030446200021,0.4837515153247193,-1.4168475635708424,-1.540064658597122,0.35764790599659607,-1.0796497746497753,-0.06660602423813979,-1.5400646585971218,True,False,False,False,False,False,True,False,False,False,False,False
-0.4674363909781184,-1.1138992720212944,-0.8950844540045623,-1.3804161737878793,1.9066885884139437,0.05961334488170732,-1.0857255618324766,1.434364176771651,-0.14260122643074316,0.05961334488170732,False,False,False,False,True,False,False,False,False,False,True,False
1.1510795343092026,0.37031028430288143,-1.6679929998506422,1.975085666614798,-0.33860110204906063,-1.2624345918776558,-1.1777981657840497,-0.605902378541906,-0.09068041675754844,-1.2624345918776556,False,False,False,True,False,False,True,False,False,False,False,False
-0.2516342676064759,-0.7675837088789867,1.037186910610638,0.856585053147239,0.42885667350467815,-0.3766624742488824,0.07601405861531356,0.24951830765604568,-0.11859059039621937,-0.37666247424888216,False,False,False,True,False,False,False,False,False,True,False,False
0.8813268800946491,0.37031028430288143,1.375334399418298,-1.0075826359653597,-0.2751748396066029,-1.540064658597122,1.4239299002887111,-0.5243464260437023,-0.13703538063635531,-1.5400646585971218,False,False,True,False,False,False,False,False,False,False,False,True
0.4497226333513631,-1.9054777020608549,-1.8129133521967822,0.4837515153247193,-0.09123867852347542,-1.6722694522730583,-1.5819698169538228,-0.3254067755455531,-0.11735042442425514,-1.6722694522730581,False,False,True,False,False,False,False,False,False,False,True,False
-0.5753374526639399,-0.12442623447184388,-0.1704826922738622,-1.3804161737878793,-0.38299948575878107,-1.6061670554350902,-0.1886946777454594,-0.19561618722594787,-0.14260122643074316,-1.6061670554350898,False,False,False,False,True,False,False,False,False,False,True,False
1.3129311268379342,0.9639941068325519,-0.6052437493122822,-0.6347490981428399,-0.693788171726824,-0.006489051956260839,0.00695960565163375,-0.8033813348902522,-0.1280993896820629,-0.006489051956260604,True,False,False,False,False,False,False,False,True,False,False,False
-1.0069416994072253,-0.9654783163888768,0.892266558264498,-0.6347490981428399,-0.7064734242153156,0.03317238614652015,-0.17718560225151264,-0.28703544357640565,-0.1279651134158714,0.03317238614652015,True,False,False,False,False,False,False,False,False,False,True,False
0.5576236950371846,1.1618887143424421,0.022744444187657992,0.856585053147239,0.3083467748640084,-0.48242630918963153,0.7767136548644181,-0.12820058404835036,-0.1173772869795812,-0.48242630918963136,False,False,False,True,False,False,False,False,False,True,False,False
-0.7371890451926719,-0.7181100570015141,-2.247674409235202,0.11091797750219957,1.3675653576530529,-0.5881901441303806,-1.6733654164645757,1.253671089218692,-0.13095702602112144,-0.5881901441303806,True,False,False,False,False,False,False,False,True,False,False,False
-1.0069416994072253,-1.6086357907960196,0.45750550122607775,-1.3804161737878793,0.5683944508780852,1.077590256186417,-0.8772081940597963,0.8147699458234055,-0.14260122643074316,1.077590256186417,False,False,True,False,False,False,False,True,False,False,False,False
0.17996997913680962,-0.12442623447184388,1.182107262956778,1.2294185909697588,-0.015127163592526116,0.6413144370558271,0.7780676637460582,-0.2036571357637462,-0.10855537584845686,0.6413144370558271,False,False,False,False,True,False,False,True,False,False,False,False
0.7194752875659166,1.2113623662199144,-1.5230726475045022,0.4837515153247193,0.8728405106018824,0.5487710814826718,-0.8812702207047187,0.13147978185453055,-0.12560445002637596,0.5487710814826721,False,False,False,True,False,False,False,True,False,False,False,False
-0.8450901068784934,-0.3223208419817337,-0.3154030446200021,0.856585053147239,1.5958999024459006,1.3023384054355087,-0.40059706772224135,1.5360355843412181,-0.12622091341928046,1.3023384054355087,False,False,True,False,False,False,False,True,False,False,False,False
0.8813268800946491,0.7660994993226621,-1.8129133521967822,-1.3804161737878793,-0.693788171726824,-1.7780332872138074,-1.252945658715113,-0.743857545045375,-0.14260122643074316,-1.7780332872138072,False,False,False,True,False,False,False,False,False,False,False,True
1.4747827193666667,-1.0644256201438218,0.892266558264498,-0.6347490981428399,1.4690473775609851,0.11249526235208189,-0.2651961795581632,0.18613789579171222,-0.13694576952338663,0.112495262352082,False,False,False,False,True,False,False,False,False,False,True,False
-1.4385459461505112,-0.2728471901042614,1.3270276153029181,0.4837515153247193,1.0123782879752894,0.0728338242493009,0.7313543573294519,1.6617992241982547,-0.12637227154772315,0.07283382424930089,False,False,False,False,False,True,True,False,False,False,False,False
0.6115742258800956,0.4692575880578266,-0.5086301810815221,0.4837515153247193,-0.7698996866577733,-1.1698912363045004,-0.13791934468392988,-0.7431844409647422,-0.10423471658593368,-1.1698912363045002,False,False,False,False,False,True,False,False,False,True,False,False
-0.6292879835068509,-1.4107411832861296,0.9405733423798778,-1.0075826359653597,0.6762190970302634,-0.05937096942663541,-0.5563080891109312,0.635583913161859,-0.13895906005837877,-0.05937096942663529,False,False,False,False,True,False,False,False,False,False,False,True
0.1260194482938991,0.6176785436902441,1.230414047072158,0.11091797750219957,-0.4591110006897304,2.8094730533411822,1.54375968631392,-0.46310504112626577,-0.11780592908790159,2.8094730533411822,False,False,False,False,True,False,False,False,False,False,True,False
0.6655247567230062,-1.5096884870410747,-0.6052437493122822,-1.0075826359653597,-0.4083699907357642,1.3948817610086641,-1.1439479437430302,-0.5531841612850984,-0.1365909594892749,1.394881761008664,False,False,False,True,False,False,False,True,False,False,False,False
-0.4674363909781184,2.2997827075243102,-0.8467776698891822,-1.3804161737878793,-0.17369281969867048,0.03317238614652015,0.289947461914557,-0.08267384072286468,-0.14260122643074316,0.03317238614652015,False,False,False,False,True,False,False,False,False,False,False,True
0.018118386608077613,0.12294202491551877,-1.233231942812222,-0.6347490981428399,2.28724616306869,0.11249526235208189,-0.8772081940597963,1.3201301496440778,-0.13800616769351598,0.112495262352082,True,False,False,False,False,False,True,False,False,False,False,False
-0.6832385143497613,-1.262320227653712,0.5058122853414581,-1.0075826359653597,0.5366813196568563,-0.9187021283202214,-0.5928663289152324,0.5620673167123045,-0.13876457544626222,-0.9187021283202212,False,False,False,False,True,False,False,True,False,False,False,False
0.4497226333513631,2.250309055646838,2.099936161148998,-1.0075826359653597,0.8030716219151789,-0.680733499703536,4.358744151245104,0.1898653966115725,-0.13911950791619215,-0.6807334997035358,False,False,False,True,False,False,False,False,True,False,False,False
-0.6292879835068509,-0.6191627532465692,1.375334399418298,0.4837515153247193,0.5620518246338394,0.61487347832064,0.4084232390581251,0.5482374619346658,-0.12360242588259232,0.61487347832064,False,False,False,True,False,False,False,True,False,False,False,False
-0.1976837367635649,-1.9549513539383274,0.5058122853414581,-0.26191556032032015,-0.9411505952524093,0.9718264212456679,-1.133115872689904,-0.701970157603027,-0.11610904421388031,0.9718264212456681,False,False,True,False,False,False,False,False,False,False,True,False
-0.0358321442348329,0.22188932867046393,-1.7162997839660221,0.11091797750219957,0.33371727984099153,1.7650551833012857,-1.2414365832211665,0.09256666197551931,-0.12596227689804684,1.7650551833012855,False,False,False,False,False,True,False,False,False,False,False,True
-0.9529911685643149,-0.12442623447184388,-2.247674409235202,-1.3804161737878793,-1.2329114024877148,0.05961334488170732,-1.6733654164645757,-0.7551656936000067,-0.14260122643074316,0.05961334488170732,False,False,False,False,False,True,False,False,True,False,False,False
0.7194752875659166,-0.9160046645114042,0.07105122830303782,-0.6347490981428399,-0.6367045355286121,-0.17835528373497792,-0.5359979558863195,-0.6877035378589006,-0.12867435237253919,-0.1783552837349779,False,True,False,False,False,False,False,False,False,False,True,False
0.5036731641942741,-1.1138992720212944,-1.0400048063507021,0.4837515153247193,1.6846966698653416,-0.5749696647627869,-1.148686974828773,0.6714456675274952,-0.1292732314424957,-0.5749696647627867,False,True,False,False,False,False,False,False,False,True,False,False
-1.1687932919359578,-0.520215449491624,1.037186910610638,-0.6347490981428399,-1.0870309988700622,-0.09903240752941617,0.3061955684942463,-0.5659531087302937,-0.12233583917938227,-0.09903240752941604,True,False,False,False,False,False,False,False,False,True,False,False
-1.1687932919359578,-1.2128465757762394,1.6651751041105778,-1.3804161737878793,0.4669124309701528,0.03317238614652015,-0.08308198497747832,0.8560433113028248,-0.14260122643074316,0.03317238614652015,False,False,True,False,False,False,False,False,False,False,True,False
-0.8450901068784934,-0.6686364051240415,0.264278364764558,0.11091797750219957,1.8305770734829945,0.6413144370558271,-0.2651961795581632,1.7281807504423634,-0.13233693938135258,0.6413144370558271,False,False,False,False,False,True,False,False,False,True,False,False
-1.6003975386792433,-0.7675837088789867,-0.36370982873538216,-1.3804161737878793,0.8791831368461281,0.932164983142887,-0.6700448351687569,1.7354269540665428,-0.14260122643074316,0.932164983142887,False,False,False,True,False,False,False,False,False,True,False,False
-0.7371890451926719,0.6671521955677169,0.7956529900337379,0.11091797750219957,0.5937649558550683,-0.2180167218377589,1.184270328238293,0.6415879535946132,-0.12758269716132606,-0.21801672183775864,False,True,False,False,False,False,False,False,False,True,False,False
0.7734258184088276,0.12294202491551877,0.6990394218029777,0.11091797750219957,0.910896268067357,0.46944820527710984,0.6392817533778783,0.13353703736622272,-0.1291770208629627,0.4694482052771098,False,True,False,False,False,False,False,False,False,False,True,False
0.6655247567230062,-1.4107411832861296,-0.6052437493122822,-1.3804161737878793,1.6339556599113754,-0.31056007741091424,-1.0979116417672437,0.5681615870838749,-0.14260122643074316,-0.31056007741091407,False,True,False,False,False,False,False,False,False,False,True,False
-0.3055847984493864,-0.2233735382267886,0.6990394218029777,0.856585053147239,0.3273746535967457,0.5487710814826718,0.35020085714757176,0.2044285034143619,-0.11757694876943207,0.5487710814826721,False,True,False,False,False,False,False,False,True,False,False,False
-2.08595231626544,0.9145204549550795,-1.474765863389122,0.4837515153247193,1.1392308128602049,1.1172516942891981,-0.8934563006394857,2.9397033716778833,-0.1270124670066194,1.1172516942891981,False,False,False,False,False,True,False,False,True,False,False,False
1.4747827193666667,2.0524144481369477,0.5541190694568379,-0.6347490981428399,-0.5732782730861543,0.3240229322335802,2.0569290524557764,-0.7670059903219151,-0.12926198418934107,0.3240229322335804,False,False,False,False,True,False,False,True,False,False,False,False
1.3668816576808456,-0.4212681457366789,1.3270276153029181,2.347919204437318,-0.6303619092843663,0.6016529989530461,0.5810593714673252,-0.7799336612325702,-0.07327227004450851,0.6016529989530464,True,False,False,False,False,False,False,False,False,False,False,True
1.420832188523756,-1.6581094426734921,-0.12217590815848194,-1.0075826359653597,0.14978111875786404,0.535550602115078,-1.0776015085426318,-0.41909262502866695,-0.13809780704155186,0.5355506021150781,False,False,False,False,True,False,True,False,False,False,False,False
-0.0358321442348329,-0.07495258259437108,-0.7984708857738022,-0.6347490981428399,-0.6557324142613494,0.61487347832064,-0.6172384887847663,-0.5487827437945197,-0.12848783173783113,0.61487347832064,False,False,False,False,True,False,False,True,False,False,False,False
-0.08978267507774389,-0.8665310126339316,1.182107262956778,0.4837515153247193,0.20052212871183023,-0.6278515822331614,0.05705793427234255,0.02696094901619712,-0.12058590323288593,-0.6278515822331613,False,False,True,False,False,False,True,False,False,False,False,False
-0.4134858601352079,-0.7675837088789867,0.6990394218029777,-1.3804161737878793,-0.44008312195699306,0.03317238614652015,-0.10406912264291059,-0.2952157055566413,-0.14260122643074316,0.03317238614652015,True,False,False,False,False,False,True,False,False,False,False,False
-1.2227438227788685,0.9639941068325519,-1.9095269204275422,0.4837515153247193,0.46056980472590703,-0.12547336626460356,-1.327416147205356,0.8965556991062171,-0.1228424738606663,-0.12547336626460356,False,False,False,False,True,False,True,False,False,False,False,False
0.3418215716655421,-0.7675837088789867,-0.4120166128507622,-1.3804161737878793,0.39080091603920347,2.0162442912855645,-0.6957710039199317,-0.011774912072592316,-0.14260122643074316,2.0162442912855645,False,False,False,True,False,False,False,False,False,False,True,False
-0.1437332059206544,1.359783321852332,1.230414047072158,1.6022521287922782,1.2343702065238915,1.0114878593484489,2.274924482399942,0.73755742884059,-0.1183759359233692,1.0114878593484489,False,False,False,True,False,False,True,False,False,False,False,False
-0.08978267507774389,0.32083663242540905,2.0033225929182383,-1.3804161737878793,-0.5415651418649254,-0.006489051956260839,1.9012180310670868,-0.4608259229779173,-0.14260122643074316,-0.006489051956260604,True,False,False,False,False,False,False,False,False,False,False,True
1.2589805959950235,1.2608360180973874,-0.26709626050462226,2.347919204437318,-0.00878453734828034,-0.27089863930813346,0.5194519673526694,-0.4634750503988253,-0.09411349006245634,-0.27089863930813335,False,False,False,True,False,False,False,True,False,False,False,False
0.5576236950371846,-0.6191627532465692,0.6024258535722181,-0.6347490981428399,-0.5098520106436966,1.1701336117595724,-0.03569167412005103,-0.5882603060743098,-0.12980203448251523,1.1701336117595726,False,False,False,False,False,True,True,False,False,False,False,False
-0.5213869218210294,-0.9654783163888768,-0.4120166128507622,0.11091797750219957,-0.9284653427639177,-1.4210803442887794,-0.7986756789246311,-0.6198480167781962,-0.10766862520187796,-1.4210803442887792,False,False,True,False,False,False,False,False,False,False,True,False
0.2878710408226311,-0.17389988634931625,-1.8129133521967822,1.6022521287922782,-0.7698996866577733,-0.04615049005904159,-1.3687134180954,-0.68761528281476,-0.08121481067904801,-0.04615049005904136,False,True,False,False,False,False,False,False,False,False,True,False
-3.3807650564952962,-1.3117938795311843,-0.5086301810815221,0.4837515153247193,-0.3195732233163233,-0.6014106234979743,-1.015317099987156,6.704221241202295,-0.11406873174471156,-0.6014106234979741,False,True,False,False,False,False,False,False,False,False,True,False
0.018118386608077613,-0.07495258259437108,-2.247674409235202,-1.0075826359653597,-2.019397056774191,1.3419998435382896,-1.6733654164645757,-1.4331443278133926,0.03303212974771796,1.3419998435382896,True,False,False,False,False,False,False,False,False,False,False,True
-0.7371890451926719,-1.3117938795311843,0.9405733423798778,-0.6347490981428399,-1.9242576631105044,0.5223301227474847,-0.46694350292263964,-1.3501907746247261,-0.010876209296897322,0.5223301227474848,False,False,False,True,False,False,False,False,False,False,True,False
0.0720689174509886,1.4587306256072776,1.4236411835336777,0.11091797750219957,1.5134457612707057,-1.1302297982017195,2.5971785962304486,0.7944731408821961,-0.13143020024271385,-1.1302297982017195,False,False,False,False,True,False,False,False,False,False,True,False
0.018118386608077613,-0.12442623447184388,-0.8950844540045623,-1.3804161737878793,0.42885667350467815,0.17859765919005005,-0.7066030749730581,0.1320455813155965,-0.14260122643074316,0.17859765919005027,True,False,False,False,False,False,False,True,False,False,False,False
1.0971290034662922,-0.7181100570015141,1.9550158088028577,-0.26191556032032015,-1.2709671599531895,0.7602987513641697,0.6237106512390095,-1.0645411885918072,-0.10526185149516482,0.7602987513641697,False,False,True,False,False,False,False,False,True,False,False,False
-2.1399028471083503,-1.9549513539383274,0.40919871711069794,-1.0075826359653597,0.44788455223741547,-0.13869384563219714,-1.152071997032875,2.0954754414170345,-0.1386296178739438,-0.13869384563219714,False,False,True,False,False,False,False,False,False,False,False,True
0.1260194482938991,0.22188932867046393,0.36089193299531813,-1.3804161737878793,0.05464172509417741,1.8047166214040669,0.44701249218488764,-0.14341702963473865,-0.14260122643074316,1.804716621404067,True,False,False,False,False,False,False,False,False,False,False,True
0.6115742258800956,1.4092569737298044,0.022744444187657992,-0.6347490981428399,-0.25614696087386557,1.0379288180836361,0.9358096984572095,-0.4577487164187359,-0.13158589398749473,1.0379288180836361,False,False,True,False,False,False,True,False,False,False,False,False
-1.114842761093047,1.0134677587100247,0.022744444187657992,0.4837515153247193,1.8876607096812064,0.6809758751586081,0.6812560287087428,2.086505519658013,-0.12995562478589395,0.6809758751586082,False,False,False,False,True,False,False,False,True,False,False,False
-0.08978267507774389,0.6671521955677169,0.40919871711069794,-1.3804161737878793,1.082147176661993,-0.2576781599405399,0.8213959479585637,0.606468429419461,-0.14260122643074316,-0.2576781599405398,True,False,False,False,False,False,False,False,False,False,False,True
-0.35953532929229737,1.5576779293622223,-0.6535505334276622,0.856585053147239,-0.09123867852347542,1.1833540911271663,0.22563204003661969,-0.06627570250715344,-0.11230026402295754,1.183354091127166,True,False,False,False,False,False,True,False,False,False,False,False
-0.7911395760355829,0.8155731512001344,0.3125851488799378,0.856585053147239,-0.15466494096593317,0.932164983142887,0.8383210589790735,0.07569650740287695,-0.11130023226032434,0.932164983142887,False,True,False,False,False,False,False,False,True,False,False,False
0.8273763492517381,1.8545198406270573,-1.1366183745814622,-1.3804161737878793,1.3802506101415444,-0.006489051956260839,-0.25639512182749846,0.36428054192587966,-0.14260122643074316,-0.006489051956260604,False,True,False,False,False,False,False,False,False,False,False,True
-0.5753374526639399,-1.559162138918547,1.6651751041105778,0.856585053147239,0.9552946517770774,-1.1831117156720938,-0.46694350292263964,0.8117638967751312,-0.12275980125577056,-1.1831117156720938,False,False,True,False,False,False,False,False,False,True,False,False
-0.1437332059206544,0.37031028430288143,-0.5569369651969022,-0.6347490981428399,0.6825617232745091,1.2758974467003215,-0.22796093531304193,0.3696624949812927,-0.13533363927853098,1.2758974467003217,False,True,False,False,False,False,False,True,False,False,False,False
0.018118386608077613,0.8155731512001344,-0.4120166128507622,-0.6347490981428399,0.08635485631540628,-0.2312372012053525,0.1274663961176631,-0.08691881011695649,-0.1333302574829065,-0.23123720120535224,False,True,False,False,False,False,False,False,False,True,False,False
0.8273763492517381,1.9039934925045296,-0.7501641016584221,0.11091797750219957,-0.36397160702604375,-1.5136236998619346,0.2574512487551782,-0.5607426394732151,-0.11918344560694835,-1.5136236998619346,False,False,True,False,False,False,False,False,False,True,False,False
-0.0358321442348329,-0.8170573607564591,0.07105122830303782,0.11091797750219957,-0.3893421120030268,0.9189445037752936,-0.4710055295675619,-0.37611174993335533,-0.11883129852689128,0.9189445037752938,False,False,False,True,False,False,False,False,False,True,False,False
1.7984859044241306,0.8155731512001344,0.40919871711069794,-1.3804161737878793,0.5113108146798732,0.6677553957910143,0.9331016806939281,-0.3290267125237746,-0.14260122643074316,0.6677553957910143,False,False,False,False,True,False,False,False,True,False,False,False
1.852436435267041,0.17241567679299158,0.9405733423798778,-1.3804161737878793,0.7459879857169669,1.2097950498623533,0.8735252899017335,-0.2372910332399002,-0.14260122643074316,1.2097950498623533,False,False,False,False,True,False,False,False,False,True,False,False
0.018118386608077613,1.2608360180973874,-0.5569369651969022,0.856585053147239,0.47325505721439853,0.7999601894669506,0.1985518624038044,0.1604298542790756,-0.11900868604856181,0.7999601894669508,True,False,False,False,False,False,False,False,False,False,True,False
-1.870150192893797,0.07346837303804642,-0.3154030446200021,-0.6347490981428399,-0.8650390803214599,2.6376068215624655,-0.18395564665971642,0.014453593324040283,-0.1260493918170662,2.6376068215624655,False,False,False,True,False,False,True,False,False,False,False,False
-0.3055847984493864,0.5187312399352993,0.8439597741491182,-0.26191556032032015,0.3400599060852373,0.2447000560280182,1.0996447731357446,0.21326454574414422,-0.1301547681188837,0.2447000560280182,False,False,False,True,False,False,False,False,False,False,True,False
-0.08978267507774389,-1.2128465757762394,1.471947967649058,1.6022521287922782,0.37177303730646616,-1.3946393855535921,-0.16161450011264364,0.13952715024560805,-0.10984060040781776,-1.394639385553592,False,False,False,True,False,False,False,False,False,False,False,True
-0.3055847984493864,1.1124150624649694,-0.6535505334276622,-1.3804161737878793,0.39080091603920347,-0.3766624742488824,0.024561721112963772,0.2486087150632738,-0.14260122643074316,-0.37666247424888216,False,False,False,False,True,False,False,False,False,False,True,False
0.3418215716655421,1.5576779293622223,2.2448565134951384,0.11091797750219957,-1.3470786748841388,-1.8705766427869628,3.6783546882206126,-1.0384335518836385,-0.0876203497140075,-1.8705766427869626,False,False,False,True,False,False,False,True,False,False,False,False
1.0431784726233806,0.02399472116057406,0.264278364764558,-1.3804161737878793,1.6466409123998669,1.4477636784790389,0.22766305335908119,0.41985505717199156,-0.14260122643074316,1.4477636784790389,False,False,False,False,False,True,True,False,False,False,False,False
-1.1687932919359578,0.8155731512001344,-1.6679929998506422,0.4837515153247193,0.04195647260568586,0.16537717982245645,-1.1046816861754476,0.4671708209264209,-0.11893804970011217,0.1653771798224567,False,False,False,False,False,True,False,True,False,False,False,False
-0.4134858601352079,0.37031028430288143,1.7617886723413383,-1.3804161737878793,-0.05952554730224654,1.05114929745123,1.7543080674090619,-0.02197808889721646,-0.14260122643074316,1.05114929745123,False,True,False,False,False,False,False,False,False,False,True,False
0.8273763492517381,0.07346837303804642,-1.233231942812222,-0.26191556032032015,-1.2075408975107318,-0.6939539790711295,-0.8914252873170245,-1.0081174872044139,-0.10798735331528002,-0.6939539790711294,False,False,False,False,False,True,False,False,False,True,False,False
-1.2227438227788685,1.1124150624649694,0.7473462059183581,0.856585053147239,-0.693788171726824,-0.7468358965415042,1.5166795086811045,-0.1809113025874486,-0.09909571618470232,-0.746835896541504,False,False,True,False,False,False,False,True,False,False,False,False
-0.4674363909781184,0.9145204549550795,-0.12217590815848194,-1.0075826359653597,0.09269748255965206,0.654534916423421,0.47138465205442187,0.11158102737094525,-0.13797929600499417,0.654534916423421,True,False,False,False,False,False,False,False,True,False,False,False
0.8813268800946491,-0.5696891013690965,0.36089193299531813,1.6022521287922782,-0.9792063527178839,-1.2756550712452495,-0.13791934468392963,-0.8935242170919703,-0.06950526316571888,-1.2756550712452492,False,False,False,True,False,False,False,False,True,False,False,False
1.0431784726233806,-0.12442623447184388,-0.9433912381199421,-1.3804161737878793,0.8664978843576366,1.1040312149216043,-0.7411303014548979,0.024106009129943963,-0.14260122643074316,1.1040312149216043,True,False,False,False,False,False,False,False,False,True,False,False
0.5036731641942741,0.32083663242540905,1.471947967649058,-1.0075826359653597,-0.9030948377869346,-0.5088672679248187,1.454395100125629,-0.8013717295879419,-0.13405690099503426,-0.5088672679248185,False,True,False,False,False,False,True,False,False,False,False,False
0.1260194482938991,0.07346837303804642,-0.1704826922738622,0.11091797750219957,0.3654304110622204,1.4213227197438512,-0.07224991392435207,0.04997448348976561,-0.12617836715171823,1.421322719743851,True,False,False,False,False,False,False,False,False,True,False,False
0.1260194482938991,-1.9549513539383274,0.07105122830303782,0.11091797750219957,1.4627047513167395,-0.5485287060275996,-1.2184184322332732,0.732764927786484,-0.13127004216116503,-0.5485287060275995,False,True,False,False,False,False,False,False,False,False,True,False
-0.08978267507774389,0.32083663242540905,1.085493694726018,-1.3804161737878793,1.2407128327681374,0.11249526235208189,1.1294329685318416,0.7106963935207679,-0.14260122643074316,0.112495262352082,True,False,False,False,False,False,True,False,False,False,False,False
0.2339205099797206,-1.3117938795311843,0.11935801241841809,0.856585053147239,0.5113108146798732,1.474204637214226,-0.7776885412591988,0.09902714133767172,-0.11935563517182919,1.4742046372142261,True,False,False,False,False,False,False,False,False,True,False,False
-0.7371890451926719,0.12294202491551877,1.520254751764438,0.856585053147239,0.7333027332284753,0.5884325195854528,1.2837899810388904,0.7519636010022336,-0.12119219430063731,0.5884325195854527,False,False,False,False,False,True,False,True,False,False,False,False
0.9352774109375596,0.02399472116057406,-0.025562339927722267,-0.6347490981428399,-1.2202261499992233,-1.8705766427869628,0.008313614533274503,-1.024861341154587,-0.11918344560694835,-1.8705766427869626,False,False,False,False,False,True,False,False,True,False,False,False
0.4497226333513631,-0.37179449385920654,1.230414047072158,-0.26191556032032015,-2.0701380667281573,-1.0905683600989384,0.5688732915325577,-1.4655834969145116,4.599499390387708,-1.0905683600989384,True,False,False,False,False,False,False,False,False,False,False,True
1.4747827193666667,-0.6686364051240415,-0.701857317543042,-0.26191556032032015,0.14343849251361826,0.23147957666042462,-0.8067997322144757,-0.4325176079280024,-0.12905236752554758,0.2314795766604246,False,False,False,False,True,False,False,False,False,False,True,False
-0.35953532929229737,0.4692575880578266,-0.5086301810815221,-0.26191556032032015,-0.9284653427639177,0.046392865514113736,-0.13791934468392988,-0.6582905386025741,-0.11640177550909427,0.04639286551411373,False,False,False,False,False,True,True,False,False,False,False,False
2.0142880277957738,-1.262320227653712,-2.1993676251198226,-1.0075826359653597,1.5641867712246718,0.7338577926289824,-1.6544092921216047,0.07634605346128889,-0.13984739331993107,0.7338577926289825,False,False,True,False,False,False,True,False,False,False,False,False
-1.492496476993422,-1.4602148351636022,1.6651751041105778,-0.26191556032032015,-0.8142980703674938,-1.8705766427869628,-0.35726878350973656,-0.16315085750458594,-0.11877157508994693,-1.8705766427869626,True,False,False,False,False,False,False,False,False,True,False,False
-1.0608922302501365,0.2713629805479367,-0.3154030446200021,-0.26191556032032015,0.16880899749060135,-0.019709531323854425,-0.07563493612845382,0.5059376081957105,-0.12920546197645374,-0.019709531323854185,False,False,False,False,False,True,True,False,False,False,False,False
-1.2227438227788685,0.9145204549550795,0.11935801241841809,0.4837515153247193,-1.740321502027377,-1.2756550712452495,0.7151062507497623,-1.1577357821448928,0.006521434475497432,-1.2756550712452492,True,False,False,False,False,False,False,False,True,False,False,False
-1.3306448844646899,0.2713629805479367,-0.701857317543042,2.7207527422598377,-1.5183295834787747,-0.1915757631025717,-0.3951810321956781,-0.9290700517030366,0.05498629927002561,-0.1915757631025715,False,False,False,False,True,False,False,False,True,False,False,False
-0.7911395760355829,0.6176785436902441,1.037186910610638,0.11091797750219957,-0.6557324142613494,0.12571574171967548,1.3650305139373369,-0.3274860102827975,-0.11437443704491906,0.1257157417196756,False,False,False,False,False,True,False,False,False,False,False,True
0.9352774109375596,-0.2728471901042614,0.6507326376875979,0.11091797750219957,-1.289995038685927,0.3636843703363607,0.276407373098149,-1.0610400255826409,-0.09161089721764154,0.3636843703363608,False,False,False,False,True,False,False,False,False,False,True,False
2.0142880277957738,-0.7181100570015141,-0.025562339927722267,0.4837515153247193,0.8728405106018824,-1.4078598649211858,-0.45881944963279514,-0.21697038805871516,-0.12560445002637596,-1.4078598649211853,True,False,False,False,False,False,True,False,False,False,False,False
0.5576236950371846,0.5187312399352993,-0.5086301810815221,0.11091797750219957,-0.8523538278329684,-0.2973395980433206,-0.1135471848143956,-0.7808434455270371,-0.10984060040781776,-0.2973395980433205,False,False,False,True,False,False,True,False,False,False,False,False
0.8273763492517381,0.9639941068325519,1.4236411835336777,0.11091797750219957,-1.5563853409442494,0.6016529989530461,2.082655221206951,-1.1931221234842329,-0.06549389932800413,0.6016529989530464,False,True,False,False,False,False,True,False,False,False,False,False
-0.1976837367635649,-0.4212681457366789,1.230414047072158,-1.3804161737878793,0.06732697758266896,0.03317238614652015,0.5201289717934897,-0.01986610731917267,-0.14260122643074316,0.03317238614652015,False,False,False,True,False,False,True,False,False,False,False,False
0.9352774109375596,-1.6086357907960196,0.892266558264498,-0.6347490981428399,-2.0701380667281573,-1.8705766427869628,-0.7492543547447426,-1.4655834969145116,3.018799184781557,-1.8705766427869626,False,True,False,False,False,False,False,True,False,False,False,False
-1.5464470078363326,0.4692575880578266,-0.1704826922738622,-0.6347490981428399,-0.2751748396066029,-0.2180167218377589,0.1606396137178624,0.43828239643780725,-0.13146953484196744,-0.21801672183775864,False,True,False,False,False,False,False,True,False,False,False,False
0.018118386608077613,-1.8560040501833823,-0.025562339927722267,0.4837515153247193,1.2089997015469085,0.13893622108726905,-1.1750901480207683,0.6307978062453004,-0.1273435024384058,0.13893622108726916,False,False,False,False,True,False,False,False,False,False,True,False
0.3418215716655421,-0.47074179761415125,-0.21878947638924204,0.4837515153247193,0.11172536129238939,0.0067314274113327455,-0.42226120982849363,-0.1766398031371399,-0.11969252779876997,0.00673142741133298,False,False,False,False,True,False,False,False,False,True,False,False
0.9892279417804701,0.7660994993226621,0.45750550122607775,0.11091797750219957,0.5049681884356274,1.0379288180836361,0.9425797428654136,-0.14493501639395748,-0.12706608927490876,1.0379288180836361,False,False,False,False,False,True,False,False,True,False,False,False
0.018118386608077613,-0.2233735382267886,-0.21878947638924204,-0.26191556032032015,0.47325505721439853,-1.0905683600989384,-0.2800902772562118,0.1604298542790756,-0.1308049562396525,-1.0905683600989384,False,True,False,False,False,False,False,True,False,False,False,False
-0.4674363909781184,0.22188932867046393,-2.1993676251198226,0.4837515153247193,-0.5225372631321881,-1.8705766427869628,-1.634099158896993,-0.3370552156076158,-0.1103420385612299,-1.8705766427869626,False,False,True,False,False,False,False,False,False,False,False,True
0.8273763492517381,-0.47074179761415125,-0.3154030446200021,1.2294185909697588,1.0758045504177471,-0.5088672679248187,-0.48183760062068814,0.20282195026349223,-0.12033784325319176,-0.5088672679248185,False,False,False,True,False,False,False,False,False,False,False,True
-0.6832385143497613,-2.0538986576932725,2.0033225929182383,1.6022521287922782,1.2026570753026626,-1.0641274013637514,-0.9584487269582432,1.0800802982957975,-0.11814164878113156,-1.0641274013637512,False,False,False,False,True,False,False,False,False,False,True,False
-0.1437332059206544,1.5576779293622223,-2.247674409235202,-1.3804161737878793,-0.7698996866577733,0.7074168338937953,-1.6733654164645757,-0.5987046297747883,-0.14260122643074316,0.7074168338937954,False,False,True,False,False,False,False,False,False,False,False,True
-0.9529911685643149,0.32083663242540905,1.230414047072158,0.4837515153247193,-0.3322584758048149,-1.5532851379647157,1.2512937678795117,0.009071640268627425,-0.11386122269244951,-1.5532851379647155,False,False,True,False,False,False,False,False,False,True,False,False
-0.6832385143497613,0.37031028430288143,0.21597158064917776,-1.3804161737878793,1.1392308128602049,0.03317238614652015,0.4327953989276591,1.0307457286211792,-0.14260122643074316,0.03317238614652015,False,False,False,True,False,False,False,False,False,True,False,False
-0.4134858601352079,-0.9160046645114042,0.21597158064917776,-1.3804161737878793,-0.1419796884774416,0.17859765919005005,-0.46491248960017867,-0.08117957250675853,-0.14260122643074316,0.17859765919005027,False,False,False,True,False,False,False,True,False,False,False,False
-0.2516342676064759,-1.6581094426734921,1.133800478841398,0.11091797750219957,-0.06586817354649231,-0.05937096942663541,-0.7255591993160289,-0.0900196130457399,-0.12265548251142265,-0.05937096942663529,False,False,False,True,False,False,False,False,False,False,True,False
0.2878710408226311,0.5682048918127718,0.264278364764558,0.11091797750219957,0.0039007151402112093,2.2542129199022503,0.6149095935083447,-0.22462932125295645,-0.12332439465505841,2.2542129199022503,False,False,True,False,False,False,False,False,True,False,False,False
-0.1976837367635649,0.7660994993226621,0.5058122853414581,0.4837515153247193,-0.8650390803214599,-0.2047962424701653,0.9892930492820208,-0.6504906066382077,-0.10122163989655075,-0.20479624247016506,True,False,False,False,False,False,False,False,False,False,True,False
-0.6292879835068509,0.4197839361803542,-0.3154030446200021,1.2294185909697588,1.3231669739433325,-1.1963321950396877,0.005605596769992998,1.1305471367826205,-0.1219577535963345,-1.1963321950396872,False,True,False,False,False,False,False,False,True,False,False,False
2.0142880277957738,0.12294202491551877,-0.1704826922738622,0.4837515153247193,-0.36397160702604375,0.21825909729283102,-0.04313872296907529,-0.7417108109614744,-0.11332900040099965,0.21825909729283102,False,True,False,False,False,False,False,True,False,False,False,False
0.6655247567230062,-1.6581094426734921,0.16766479653379793,-0.26191556032032015,0.9362667730443401,-0.08581192816182258,-0.9963609756441851,0.18509316372801451,-0.1326178567111254,-0.08581192816182245,False,False,False,True,False,False,False,False,True,False,False,False
-0.2516342676064759,-0.47074179761415125,-0.21878947638924204,-1.3804161737878793,-0.32591584956056907,-1.2756550712452495,-0.42226120982849363,-0.26849467392744747,-0.14260122643074316,-1.2756550712452492,True,False,False,False,False,False,False,False,True,False,False,False
-0.8990406377214044,1.4092569737298044,0.8439597741491182,0.11091797750219957,-0.5732782730861543,0.11249526235208189,1.8795538889608339,-0.21812366371344635,-0.11592274194793893,0.112495262352082,False,False,True,False,False,False,False,False,True,False,False,False
-1.2227438227788685,-0.02547893071689873,0.9405733423798778,0.4837515153247193,0.7777011169381958,-0.08581192816182258,0.6947961175251504,1.1925631171539275,-0.12503789081289704,-0.08581192816182245,False,True,False,False,False,False,False,False,False,False,True,False
-0.1976837367635649,-0.6686364051240415,2.5830040023027983,0.11091797750219957,1.247055459012383,0.12571574171967548,1.0346523468169866,0.778066932635525,-0.13053481264749012,0.1257157417196756,True,False,False,False,False,False,True,False,False,False,False,False
-1.2766943536217792,-0.6191627532465692,0.7956529900337379,1.6022521287922782,-0.9728637264736382,1.2230155292299467,0.07533705417449306,-0.42049608217463635,-0.06992535490862131,1.223015529229947,False,False,False,True,False,False,False,False,False,False,False,True
-1.114842761093047,1.805046188749585,-1.6196862157352623,-1.0075826359653597,-0.36397160702604375,0.8396216275697316,-0.8812702207047186,0.06568564644768234,-0.13674678122479444,0.8396216275697316,False,True,False,False,False,False,True,False,False,False,False,False
0.5576236950371846,0.7660994993226621,-0.4120166128507622,0.4837515153247193,1.2089997015469085,-0.7997178140118787,0.10174022736648833,0.3782217456236361,-0.1273435024384058,-0.7997178140118786,False,False,False,True,False,False,False,True,False,False,False,False
-1.0608922302501365,-2.20231961332569,0.8439597741491182,1.2294185909697588,0.010243341384456985,-0.2973395980433206,-1.2834108585520305,0.3663114676071678,-0.1089693071625272,-0.2973395980433205,False,False,False,False,True,False,False,False,False,True,False,False
-1.114842761093047,-1.163372923898767,-1.6196862157352623,0.4837515153247193,-0.5542503943534169,-1.6590489729054647,-1.4093336845446234,-0.10508786396445818,-0.1096699721472817,-1.6590489729054645,False,False,False,False,True,False,True,False,False,False,False,False
-0.1976837367635649,2.2997827075243102,1.375334399418298,-1.3804161737878793,0.5937649558550683,2.2542129199022503,3.404167889688354,0.33620078685416027,-0.14260122643074316,2.2542129199022503,False,False,True,False,False,False,False,False,False,False,True,False
1.205030065152113,-1.3117938795311843,-0.4120166128507622,1.975085666614798,-0.09123867852347542,-1.3549779474508112,-0.978758860182855,-0.4934328186946627,-0.09714978281906472,-1.354977947450811,False,True,False,False,False,False,False,False,False,False,True,False
-0.35953532929229737,0.22188932867046393,0.6990394218029777,-0.6347490981428399,-1.2963376649301726,-0.3370010361461016,0.7218762951579659,-0.9184182696141985,-0.11689878406316348,-0.33700103614610144,False,True,False,False,False,False,False,False,False,True,False,False
1.7984859044241306,-1.9549513539383274,1.5685615358798182,0.4837515153247193,-1.537357462211512,-0.9715840457905959,-0.9245985049172236,-1.23101158072576,-0.04961886139508727,-0.9715840457905958,False,False,True,False,False,False,False,False,False,True,False,False
1.420832188523756,0.9639941068325519,-1.7646065680814023,0.856585053147239,2.2111346481377407,-0.9715840457905959,-1.1791521746656906,0.5526488988653316,-0.12857134294903177,-0.9715840457905958,False,True,False,False,False,False,False,False,True,False,False,False
-0.4674363909781184,-0.7181100570015141,-0.3154030446200021,-1.0075826359653597,0.15612374500210982,1.8575985388744412,-0.6172384887847664,0.1578321864409,-0.1381106008466348,1.8575985388744414,False,False,False,True,False,False,False,False,False,False,False,True
-0.7371890451926719,-1.6581094426734921,0.7473462059183581,-0.6347490981428399,1.2216849540354,0.08605430361689471,-0.8338799098472913,1.1382783669289067,-0.13652161025533488,0.08605430361689484,False,False,False,False,True,False,False,False,False,False,False,True
-0.8450901068784934,0.7166258474451892,-0.5086301810815221,-0.6347490981428399,-0.3512863545375522,0.21825909729283102,-0.01605854533625952,-0.05824998303855521,-0.13097843080128618,0.21825909729283102,False,False,False,False,False,True,False,False,False,False,True,False
0.9892279417804701,-0.17389988634931625,-1.474765863389122,0.11091797750219957,-0.9284653427639177,-0.5881901441303806,-1.1317618638082632,-0.880074318358601,-0.10766862520187796,-0.5881901441303806,False,True,False,False,False,False,False,False,False,False,False,True
2.0142880277957738,-1.0644256201438218,0.264278364764558,0.4837515153247193,-0.1990633246756536,0.6413144370558271,-0.5468300269394457,-0.6717454212411066,-0.1159002094441528,0.6413144370558271,False,True,False,False,False,False,True,False,False,False,False,False
0.5036731641942741,1.50820427748475,0.5541190694568379,-1.3804161737878793,-0.6874455454825783,-0.032930010691448006,1.6250002192123671,-0.6786369464949887,-0.14260122643074316,-0.03293001069144777,False,False,False,False,True,False,True,False,False,False,False,False
0.9352774109375596,0.22188932867046393,-0.26709626050462226,-1.3804161737878793,2.1730788906722664,2.3203153167402184,-0.06344885619368705,0.7347383105734687,-0.14260122643074316,2.3203153167402184,True,False,False,False,False,False,False,True,False,False,False,False
1.5287332502095772,-1.262320227653712,-1.474765863389122,-1.3804161737878793,2.1667362644280206,-0.8261587727470658,-1.3700674269770408,0.4921685353218306,-0.14260122643074316,-0.8261587727470657,False,False,False,False,True,False,False,False,False,False,True,False
0.018118386608077613,-0.12442623447184388,-1.7646065680814023,-1.3804161737878793,1.8940033359254522,-0.6542925409683488,-1.3280931516461765,1.0687265891104059,-0.14260122643074316,-0.6542925409683487,False,False,False,True,False,False,False,False,False,True,False,False
1.636634311895399,-0.9654783163888768,0.5058122853414581,0.11091797750219957,-0.6430471617728578,1.6196299102577556,-0.3613308101546588,-0.8189653506937851,-0.11462423164125378,1.6196299102577554,True,False,False,False,False,False,False,True,False,False,False,False
0.2878710408226311,0.5682048918127718,0.264278364764558,-1.3804161737878793,-0.890409585298443,0.61487347832064,0.6149095935083447,-0.7597196538776637,-0.14260122643074316,0.61487347832064,True,False,False,False,False,False,False,True,False,False,False,False
-0.1976837367635649,0.17241567679299158,0.5058122853414581,-0.26191556032032015,-2.0701380667281573,-1.3417574680832176,0.5262220117608735,-1.4655834969145116,4.599499390387708,-1.3417574680832174,False,True,False,False,False,False,False,False,True,False,False,False
-1.978051254579618,1.6566252331171671,0.5058122853414581,-0.26191556032032015,-0.2751748396066029,-1.7515923284786201,1.683899605563741,0.8613637060716561,-0.1259036890475796,-1.75159232847862,False,False,True,False,False,False,False,False,False,False,False,True
1.1510795343092026,-0.3223208419817337,1.085493694726018,-0.6347490981428399,-1.283652412441681,1.2230155292299467,0.522159985115951,-1.0751056262983831,-0.11731002314104476,1.223015529229947,False,False,False,False,False,True,False,False,False,False,True,False
0.9352774109375596,1.2113623662199144,1.037186910610638,-1.3804161737878793,-0.19272069843140782,1.0247083387160423,1.9174661376467759,-0.4920479886687087,-0.14260122643074316,1.0247083387160425,False,True,False,False,False,False,False,True,False,False,False,False
0.9352774109375596,0.7166258474451892,-0.26709626050462226,1.2294185909697588,-0.3703142332702895,0.16537717982245645,0.21412296454267293,-0.5841391853946629,-0.10146776383132662,0.1653771798224567,False,False,False,True,False,False,True,False,False,False,False,False
2.0142880277957738,-0.5696891013690965,0.264278364764558,0.856585053147239,1.2660833377451204,0.5487710814826718,-0.19478771771284242,-0.05012984334091465,-0.12460463964964848,0.5487710814826721,True,False,False,False,False,False,False,False,False,False,False,True
-0.4134858601352079,-2.6475824802229426,0.21597158064917776,-0.6347490981428399,0.9426093992885859,-0.6675130203359424,-1.6733654164645757,0.6975476349726027,-0.13595962892819632,-0.6675130203359423,False,False,False,True,False,False,False,False,False,False,True,False
0.7734258184088276,-0.07495258259437108,-0.3154030446200021,0.11091797750219957,-2.0701380667281573,0.8264011482021378,-0.2651961795581632,-1.4655834969145116,6.180199595993858,0.826401148202138,False,False,False,False,False,True,False,False,False,False,False,True
1.2589805959950235,-1.0149519682663493,-0.8467776698891822,0.4837515153247193,1.3295096001875781,-0.5749696647627869,-1.025472166599462,0.18712458718520475,-0.12788334742137492,-0.5749696647627867,False,False,False,True,False,False,True,False,False,False,False,False
1.205030065152113,0.6176785436902441,1.133800478841398,0.4837515153247193,-1.3661065536168762,-0.07259144879422899,1.4543951001256286,-1.11972219793245,-0.07203425296618289,-0.07259144879422888,False,False,False,False,False,True,True,False,False,False,False,False
0.6115742258800956,0.4692575880578266,-0.5086301810815221,1.2294185909697588,-0.8586964540772142,-0.6278515822331614,-0.13791934468392988,-0.7925190106393607,-0.0849715314346856,-0.6278515822331613,False,True,False,False,False,False,False,False,True,False,False,False
0.0720689174509886,0.8650468030776067,-0.0738691240431021,-1.0075826359653597,-1.372449179861122,-0.9187021283202214,0.4896637719565722,-1.025572470086834,-0.12836068403789497,-0.9187021283202212,False,True,False,False,False,False,False,False,False,True,False,False
1.4747827193666667,-0.8170573607564591,-0.26709626050462226,1.2294185909697588,-0.6430471617728578,-0.05937096942663541,-0.6463496797400432,-0.7995668063071633,-0.09364148554913675,-0.05937096942663529,True,False,False,False,False,False,False,False,True,False,False,False
0.5576236950371846,0.4692575880578266,2.1965497293797576,0.11091797750219957,0.2132073812003218,0.6413144370558271,2.2505523225304076,-0.18169590056299673,-0.12508654271211544,0.6413144370558271,False,False,False,True,False,False,False,False,False,False,True,False
0.2339205099797206,-1.7075830945509647,0.40919871711069794,1.6022521287922782,-0.8333259491002311,0.03317238614652015,-0.9658957758072676,-0.7159543213391412,-0.07808285069171662,0.03317238614652015,False,True,False,False,False,False,False,False,False,False,True,False
0.8273763492517381,0.02399472116057406,0.5058122853414581,0.4837515153247193,-0.2498043346296198,-0.7071744584387232,0.4104542523805868,-0.5001956675998199,-0.11515851452785862,-0.707174458438723,False,False,False,False,False,True,False,False,False,True,False,False
0.8813268800946491,-1.0644256201438218,1.375334399418298,2.347919204437318,1.4246489938512648,-0.2047962424701653,-0.0485547584956383,0.36700175414490877,-0.11396535314077667,-0.20479624247016506,False,True,False,False,False,False,False,False,False,False,False,True
-0.4674363909781184,-1.7075830945509647,1.182107262956778,0.11091797750219957,-2.0701380667281573,1.9633623738151902,-0.7600864257978689,-1.4655834969145116,6.180199595993858,1.96336237381519,False,False,False,True,False,False,True,False,False,False,False,False
1.4747827193666667,0.6671521955677169,-1.474765863389122,-0.26191556032032015,-0.11026655725621275,-0.6675130203359424,-0.9476166559051169,-0.5509205751470866,-0.12730412766681268,-0.6675130203359423,False,False,False,True,False,False,False,False,False,False,True,False
-0.7371890451926719,-0.520215449491624,0.21597158064917776,-1.3804161737878793,0.4542271784816612,-0.07259144879422899,-0.1886946777454594,0.5312123061869923,-0.14260122643074316,-0.07259144879422888,False,False,False,False,True,False,False,False,False,True,False,False
0.17996997913680962,-1.7075830945509647,0.21597158064917776,-1.3804161737878793,1.0123782879752894,-1.3020960299804367,-1.0173481133096172,0.4273060448116365,-0.14260122643074316,-1.3020960299804363,False,False,False,True,False,False,False,False,False,False,True,False
-0.5753374526639399,0.32083663242540905,0.264278364764558,-0.26191556032032015,0.4859403097028901,1.8443780595068477,0.4388884388950431,0.4584647203956059,-0.1308633536168361,1.8443780595068477,False,False,True,False,False,False,False,False,True,False,False,False
0.39577210250845263,0.2713629805479367,-0.701857317543042,0.11091797750219957,-0.18003544594291626,0.654534916423421,-0.3951810321956781,-0.3629558646867905,-0.12145473538584482,0.654534916423421,False,False,False,True,False,False,False,True,False,False,False,False
0.2339205099797206,-1.6086357907960196,-0.9433912381199421,1.2294185909697588,-0.6874455454825783,-0.7732768552766913,-1.289503898519414,-0.6275365211430719,-0.0920765623246105,-0.7732768552766911,False,True,False,False,False,False,False,False,False,False,True,False
1.205030065152113,-0.9654783163888768,1.133800478841398,-1.3804161737878793,-0.4083699907357642,0.8792830656725126,-0.06209484731204606,-0.6492261966145104,-0.14260122643074316,0.8792830656725127,False,False,False,False,False,True,False,False,True,False,False,False
0.39577210250845263,0.2713629805479367,-0.025562339927722267,-1.3804161737878793,-1.9876839255529621,1.791496142036473,0.1640246359219644,-1.4174822914817586,-0.14260122643074316,1.7914961420364728,False,False,True,False,False,False,False,False,False,True,False,False
-0.3055847984493864,-1.1138992720212944,0.892266558264498,-1.3804161737878793,1.7734934372847824,0.9057240244076997,-0.30920146821148853,1.2117373290095554,-0.14260122643074316,0.9057240244076998,False,False,False,True,False,False,False,False,True,False,False,False
0.5576236950371846,-0.02547893071689873,-0.5086301810815221,-0.6347490981428399,-1.791062511981343,1.2097950498623533,-0.38164094337927057,-1.308663901804882,-0.0723478839593587,1.2097950498623533,True,False,False,False,False,False,False,False,False,False,False,True
-0.35953532929229737,-0.9654783163888768,0.07105122830303782,0.4837515153247193,0.8220995006479161,-0.5088672679248187,-0.5684941690456983,0.5795586641423965,-0.12530691345912226,-0.5088672679248185,False,True,False,False,False,False,False,False,False,True,False,False
0.6115742258800956,0.32083663242540905,-0.4120166128507622,-0.6347490981428399,0.08001223007116051,0.42978676717432884,-0.12979529139408535,-0.27098213122196624,-0.13330298992717757,0.42978676717432907,False,False,False,True,False,False,False,False,False,False,True,False
-2.1399028471083503,0.02399472116057406,-0.5086301810815221,0.4837515153247193,-1.9686560468202248,0.3769048497039545,-0.3572687835097363,-1.322064748770167,0.3223105987475363,0.3769048497039547,False,True,False,False,False,False,True,False,False,False,False,False
0.4497226333513631,-1.0644256201438218,-1.474765863389122,-0.6347490981428399,-0.5035093843994508,-0.8658202108498468,-1.3267391427645356,-0.5629435924974194,-0.12985364412746778,-0.8658202108498467,False,False,False,False,True,False,False,False,False,True,False,False
0.39577210250845263,-0.4212681457366789,0.07105122830303782,0.4837515153247193,0.23857788617730488,0.29758197349839255,-0.21103582429253218,-0.11874974479742939,-0.12094779895668631,0.29758197349839255,False,True,False,False,False,False,False,False,False,False,True,False
0.7734258184088276,-1.1138992720212944,-0.1704826922738622,0.4837515153247193,-0.890409585298443,-0.28411911867572703,-0.770918496850995,-0.8327400514331997,-0.10033651505089958,-0.2841191186757269,False,False,False,True,False,False,False,True,False,False,False,False
0.8273763492517381,0.6671521955677169,1.7134818882259577,-1.0075826359653597,-1.5246722097230205,-0.9848045251581895,2.04609698140265,-1.1763035201860674,-0.1244322585502127,-0.9848045251581893,False,True,False,False,False,False,False,False,False,False,True,False
-1.2766943536217792,-0.9160046645114042,-0.5569369651969022,2.347919204437318,1.8940033359254522,0.3240229322335802,-0.8440349764595972,2.31002132512261,-0.11735042442425514,0.3240229322335804,False,False,False,False,False,True,False,False,True,False,False,False
1.1510795343092026,-0.8170573607564591,2.099936161148998,0.4837515153247193,1.0631192979292556,-0.2973395980433206,0.5810593714673252,0.09002995537877483,-0.1266345576872467,-0.2973395980433205,False,False,False,True,False,False,False,False,False,True,False,False
0.39577210250845263,-0.07495258259437108,0.21597158064917776,-1.3804161737878793,-0.1229518097447043,0.6413144370558271,0.1220503605911001,-0.32965503015642306,-0.14260122643074316,0.6413144370558271,False,True,False,False,False,False,False,False,False,True,False,False
-2.193853377951261,0.6176785436902441,-0.26709626050462226,-1.0075826359653597,0.4922829359471359,-1.1434502775693132,0.1586086003954009,2.2715101559378317,-0.1386982629601107,-1.143450277569313,False,True,False,False,False,False,False,False,False,True,False,False
-1.654348069522154,1.6071515812396948,-1.233231942812222,-1.3804161737878793,-1.201198271266486,0.11249526235208189,-0.45069539634295036,-0.5000354904255515,-0.14260122643074316,0.112495262352082,True,False,False,False,False,False,True,False,False,False,False,False
0.0720689174509886,0.8155731512001344,-0.4120166128507622,-0.26191556032032015,1.0758045504177471,0.9057240244076997,0.1274663961176631,0.5184662240539253,-0.13305977649750686,0.9057240244076998,False,False,True,False,False,False,True,False,False,False,False,False
-0.5213869218210294,0.7660994993226621,-1.4264590792737422,-0.6347490981428399,-1.0806883726258163,-0.4956467885572251,-0.8792392073822575,-0.7326127474630383,-0.12246491807907246,-0.49564678855722494,True,False,False,False,False,False,False,False,False,True,False,False
1.2589805959950235,0.7166258474451892,-0.0738691240431021,-0.6347490981428399,0.5239960671683648,1.5667479927873813,0.39826817244581936,-0.20446855960707871,-0.13489049372046924,1.566747992787381,False,False,False,False,False,True,False,False,False,False,False,True
-0.1976837367635649,0.17241567679299158,-1.8129133521967822,-0.6347490981428399,0.6318207133205429,-1.8705766427869628,-1.3260621383237154,0.3619405623365697,-0.13519747839511717,-1.8705766427869626,False,False,False,False,False,True,False,False,True,False,False,False
-1.3845954153076003,0.6671521955677169,-0.26709626050462226,-0.6347490981428399,-1.3787918061053677,-1.3020960299804367,0.18636578246903715,-0.7790982082506727,-0.11386122269244951,-1.3020960299804363,False,False,False,False,False,True,True,False,False,False,False,False
-0.4674363909781184,0.17241567679299158,2.1965497293797576,-0.6347490981428399,-1.5754132196769868,1.5270865546846004,1.8768458711975524,-1.1048244561688645,-0.10258349970653684,1.5270865546846004,False,False,False,False,True,False,False,False,False,False,False,True
-2.032001785422529,0.4692575880578266,1.616868319995198,0.856585053147239,0.23857788617730488,0.03317238614652015,1.7387369652701927,1.6128936507816762,-0.11661711346187494,0.03317238614652015,False,False,True,False,False,False,True,False,False,False,False,False
0.17996997913680962,0.22188932867046393,-1.0400048063507021,-1.3804161737878793,0.9552946517770774,0.535550602115078,-0.6917089772750094,0.39225253477967065,-0.14260122643074316,0.5355506021150781,False,False,True,False,False,False,False,False,False,True,False,False
-1.0608922302501365,0.6671521955677169,0.5541190694568379,0.4837515153247193,0.16246637124635557,0.9057240244076997,0.9574738405634621,0.5003525625721686,-0.12021170510487701,0.9057240244076998,False,True,False,False,False,False,False,False,False,True,False,False
-0.7371890451926719,1.50820427748475,-0.12217590815848194,-0.26191556032032015,0.07366960382691473,-1.249214112510062,0.8288429968075884,0.23018781325711712,-0.12861272903599846,-1.249214112510062,False,False,True,False,False,False,False,False,False,True,False,False
1.636634311895399,0.37031028430288143,-2.247674409235202,2.7207527422598377,0.31468940110825416,0.17859765919005005,-1.6733654164645757,-0.3850127281189864,-0.09648000027247353,0.17859765919005027,False,False,False,False,False,True,False,False,False,True,False,False
-0.0358321442348329,-1.6086357907960196,-0.4120166128507622,0.856585053147239,-0.23077645589688248,0.8131806688345444,-1.133115872689904,-0.273331396444567,-0.11000946961412152,0.8131806688345444,False,False,True,False,False,False,True,False,False,False,False,False
-1.6003975386792433,0.9639941068325519,-0.5086301810815221,-1.3804161737878793,0.9362667730443401,0.03317238614652015,0.10580225401141083,1.7973819950532726,-0.14260122643074316,0.03317238614652015,True,False,False,False,False,False,False,False,True,False,False,False
0.8813268800946491,1.0134677587100247,-0.701857317543042,0.856585053147239,-0.26883221336235713,-0.1651348043673843,-0.07021890060189058,-0.5210204999982224,-0.10932332736535054,-0.1651348043673843,False,False,True,False,False,False,False,False,True,False,False,False
1.5826837810524876,-1.262320227653712,0.07105122830303782,0.4837515153247193,-0.6493897880171036,-0.720394937806317,-0.7634714480019708,-0.8155279906136574,-0.10747455519505093,-0.7203949378063168,False,False,False,False,True,False,False,False,False,False,True,False
-0.1437332059206544,0.6671521955677169,1.7617886723413383,-1.3804161737878793,1.0060356617310438,-1.3946393855535921,2.0914562789376165,0.5853250424160533,-0.14260122643074316,-1.394639385553592,False,False,True,False,False,False,False,False,False,False,True,False
0.2339205099797206,0.4197839361803542,-1.233231942812222,-1.3804161737878793,-1.6388394821194445,0.9453854625104807,-0.791905634516427,-1.2041743485087415,-0.14260122643074316,0.945385462510481,True,False,False,False,False,False,False,False,False,True,False,False
-0.08978267507774389,-1.9054777020608549,0.45750550122607775,-1.3804161737878793,0.3781156635507119,2.4525201104161547,-1.1046816861754476,0.14369626880966033,-0.14260122643074316,2.4525201104161547,True,False,False,False,False,False,False,False,True,False,False,False
-0.4674363909781184,0.6176785436902441,-0.26709626050462226,1.2294185909697588,0.8982110155788655,-0.9451430870554086,0.1586086003954009,0.6989707475593705,-0.11900868604856181,-0.9451430870554084,False,True,False,False,False,False,False,False,False,True,False,False
0.0720689174509886,-1.5096884870410747,-0.7501641016584221,-1.0075826359653597,0.07366960382691473,-0.46920582982203796,-1.1906612501596372,-0.11354961448037518,-0.13793839396582827,-0.4692058298220378,True,False,False,False,False,False,False,False,True,False,False,False
-0.5753374526639399,-0.3223208419817337,-0.12217590815848194,-0.26191556032032015,0.9806651567540605,1.3684408022734769,-0.27332023284800777,0.8308611495524028,-0.13276284340829825,1.3684408022734766,False,False,False,False,False,True,False,False,False,True,False,False
-0.0358321442348329,-0.12442623447184388,-0.46032339696614205,0.856585053147239,-0.34494372829330644,-0.641072061600755,-0.3958580366364986,-0.3473332509564946,-0.10786056257126733,-0.6410720616007549,False,False,False,True,False,False,False,False,False,False,False,True
1.2589805959950235,-0.2728471901042614,0.16766479653379793,-0.26191556032032015,0.02927122011719431,0.48266868464470364,-0.0485547584956383,-0.4449745867708434,-0.1283177908379165,0.48266868464470375,True,False,False,False,False,False,False,True,False,False,False,False
-0.3055847984493864,-0.47074179761415125,0.16766479653379793,0.4837515153247193,1.0694619241735015,-0.006489051956260839,-0.18395564665971642,0.7213369797066321,-0.1266667485516489,-0.006489051956260604,True,False,False,False,False,False,False,True,False,False,False,False
1.1510795343092026,0.7660994993226621,-1.6196862157352623,-0.26191556032032015,0.2512631386657964,-1.3153165093480301,-1.0660924330486854,-0.31304397557980945,-0.12967997134404438,-1.31531650934803,False,False,False,False,False,True,True,False,False,False,False,False
1.2589805959950235,-1.0644256201438218,-0.7501641016584221,0.4837515153247193,0.600107582099314,-0.6542925409683488,-1.001777011170748,-0.16746763235111492,-0.12387255100886935,-0.6542925409683487,False,True,False,False,False,False,True,False,False,False,False,False
-0.6292879835068509,0.22188932867046393,-1.7646065680814023,-0.6347490981428399,-0.947493221496655,-1.3549779474508112,-1.280702840788749,-0.6066767265137781,-0.12484054996325833,-1.354977947450811,True,False,False,False,False,False,False,False,False,False,True,False
-0.5753374526639399,-0.5696891013690965,0.5541190694568379,-0.6347490981428399,-1.0172621101833585,-0.019709531323854425,-0.024182598626104272,-0.6730475066577387,-0.12367068504623838,-0.019709531323854185,False,False,True,False,False,False,False,True,False,False,False,False
0.8813268800946491,0.22188932867046393,1.3270276153029181,0.11091797750219957,-0.34494372829330644,-1.8705766427869628,1.2323376435365407,-0.560931612543981,-0.11944078385775928,-1.8705766427869626,False,False,False,False,False,True,False,True,False,False,False,False
0.5036731641942741,0.02399472116057406,-1.0883115904660823,2.347919204437318,1.0884898029062386,1.8047166214040669,-0.7959676611613494,0.3321200907410954,-0.11092386760096061,1.804716621404067,False,False,False,False,True,False,True,False,False,False,False,False
-0.3055847984493864,0.9639941068325519,0.11935801241841809,-1.3804161737878793,1.0694619241735015,-0.5220877472924125,0.7482794683499616,0.7213369797066321,-0.14260122643074316,-0.5220877472924123,False,False,False,True,False,False,False,True,False,False,False,False
1.6905848427383097,-0.3223208419817337,0.21597158064917776,-0.6347490981428399,0.3083467748640084,-0.3766624742488824,-0.05058577181809954,-0.3982490568386329,-0.13419324661368917,-0.37666247424888216,True,False,False,False,False,False,False,False,False,False,False,True
-1.0069416994072253,0.37031028430288143,0.21597158064917776,0.856585053147239,0.16880899749060135,2.1087876468587203,0.4327953989276591,0.4694279581010765,-0.11580969752216436,2.1087876468587203,False,False,False,True,False,False,False,False,False,False,False,True
0.9892279417804701,1.6071515812396948,-0.26709626050462226,0.856585053147239,-0.23077645589688248,-1.434300823656373,0.7137522418681214,-0.5222631536855444,-0.11000946961412152,-1.434300823656373,False,True,False,False,False,False,False,False,False,False,False,True
-0.35953532929229737,-0.37179449385920654,-0.26709626050462226,-0.26191556032032015,0.16880899749060135,0.17859765919005005,-0.39653504107731935,0.11760769355278783,-0.12920546197645374,0.17859765919005027,False,False,False,True,False,False,False,True,False,False,False,False
1.3129311268379342,-2.4496878727130524,1.471947967649058,0.11091797750219957,-2.0701380667281573,0.7470782719965763,-1.4648480486918956,-1.4655834969145116,6.180199595993858,0.7470782719965765,True,False,False,False,False,False,False,False,True,False,False,False
-1.2766943536217792,0.07346837303804642,-0.7501641016584221,-1.3804161737878793,-0.5859635255746458,-1.2624345918776558,-0.5190728448658097,-0.0519970515438131,-0.14260122643074316,-1.2624345918776556,False,False,True,False,False,False,False,False,False,True,False,False
-1.1687932919359578,0.17241567679299158,-0.36370982873538216,1.975085666614798,-0.48448150566671344,0.03317238614652015,-0.1683845445208474,-0.014566741778676317,-0.08592273300263419,0.03317238614652015,False,False,False,False,False,True,False,True,False,False,False,False
-0.5753374526639399,-0.37179449385920654,0.7956529900337379,-0.6347490981428399,-0.002441911104034566,0.6677553957910143,0.288593453032916,0.09084260443312676,-0.13293333526495632,0.6677553957910143,False,True,False,False,False,False,False,False,False,False,False,True
-0.08978267507774389,1.7555725368721127,1.8584022405720981,1.6022521287922782,0.7650158644497042,0.4033458084391417,3.4481731783416794,0.3980125012168481,-0.11437443704491906,0.4033458084391419,False,False,True,False,False,False,False,False,False,True,False,False
-1.7082986003650646,0.17241567679299158,-0.025562339927722267,0.4837515153247193,-0.8079554441232479,-0.07259144879422899,0.10174022736648833,-0.028864565414648973,-0.10308372129058942,-0.07259144879422888,False,False,False,False,False,True,False,False,True,False,False,False
-1.0608922302501365,0.7660994993226621,0.40919871711069794,1.2294185909697588,1.0314061667080268,0.535550602115078,0.8958664364488067,1.2655038129973823,-0.12001979492208387,0.5355506021150781,False,False,False,True,False,False,False,False,False,False,True,False
-0.6292879835068509,-0.2728471901042614,-0.7984708857738022,2.347919204437318,-1.2265687762434692,-1.5665056173323095,-0.6984790216832133,-0.8201902739580282,-0.024638524519836443,-1.566505617332309,True,False,False,False,False,False,False,False,False,False,True,False
2.0142880277957738,1.1124150624649694,1.278720831187538,-1.0075826359653597,-0.015127163592526116,-0.2973395980433206,2.082655221206951,-0.5937071019376192,-0.13773753349041656,-0.2973395980433205,False,False,False,False,True,False,False,False,False,True,False,False
-0.8990406377214044,-0.9654783163888768,0.3125851488799378,-1.3804161737878793,-0.8460112015887227,0.8396216275697316,-0.45340341410623186,-0.4454150740000812,-0.14260122643074316,0.8396216275697316,False,True,False,False,False,False,False,False,False,True,False,False
-0.8990406377214044,1.359783321852332,-1.0883115904660823,-0.26191556032032015,-0.02146978983677189,2.3864177135781866,-0.35726878350973656,0.2417450036106751,-0.1279651134158714,2.386417713578187,False,True,False,False,False,False,False,False,True,False,False,False
-0.08978267507774389,-1.4107411832861296,-0.46032339696614205,0.4837515153247193,0.1053827350481436,-0.7864973346442852,-1.0471363087057144,-0.03557582944458665,-0.11962593274460727,-0.7864973346442851,False,False,True,False,False,False,False,False,False,True,False,False
0.0720689174509886,-0.5696891013690965,1.182107262956778,-0.26191556032032015,-0.23711908214112823,-1.540064658597122,0.345461826061829,-0.3095545264308861,-0.12624915533826575,-1.5400646585971218,True,False,False,False,False,False,False,False,False,False,False,True
1.0431784726233806,0.02399472116057406,0.264278364764558,-0.6347490981428399,-0.19272069843140782,1.1172516942891981,0.22766305335908119,-0.5132118040653564,-0.1319567806017455,1.1172516942891981,True,False,False,False,False,False,False,False,False,True,False,False
1.0971290034662922,1.3103096699748598,-0.21878947638924204,0.11091797750219957,0.5239960671683648,0.6941963545262014,0.6013695046919367,-0.16378743259716172,-0.12717976101019537,0.6941963545262014,False,True,False,False,False,False,False,True,False,False,False,False
0.17996997913680962,-0.6686364051240415,-0.3154030446200021,0.4837515153247193,1.5388162662476887,0.5487710814826718,-0.5901583111519507,0.7505773039953203,-0.12873543515349622,0.5487710814826721,False,False,False,True,False,False,False,False,False,True,False,False
0.018118386608077613,-0.6686364051240415,-0.701857317543042,-1.3804161737878793,-1.6134689771424615,1.2097950498623533,-0.8067997322144757,-1.1736309750044411,-0.14260122643074316,1.2097950498623533,False,False,False,True,False,False,False,False,False,False,True,False
-0.3055847984493864,1.1618887143424421,0.022744444187657992,0.11091797750219957,-0.9601784739851466,-0.09903240752941617,0.7767136548644181,-0.6924297930585517,-0.1066762217578761,-0.09903240752941604,True,False,False,False,False,False,False,False,False,False,False,True
-0.1976837367635649,-0.12442623447184388,0.9405733423798778,-1.0075826359653597,0.35274515857372885,1.1304721736567913,0.6054315313368588,0.17318220879889928,-0.1384740718469151,1.1304721736567915,False,True,False,False,False,False,False,True,False,False,False,False
-0.9529911685643149,-0.47074179761415125,-1.5713794316198824,1.2294185909697588,-0.05952554730224654,0.9982673799808551,-1.2563306809192152,0.24049562165138266,-0.1078059388859537,0.9982673799808552,False,False,False,True,False,False,False,False,False,False,True,False
0.9892279417804701,0.7660994993226621,0.21597158064917776,-0.6347490981428399,0.4859403097028901,1.3816612816410707,0.7090132107823786,-0.15469350270322282,-0.13477597788813844,1.381661281641071,False,False,False,False,False,True,False,False,True,False,False,False
-0.7371890451926719,-0.07495258259437108,-0.12217590815848194,1.2294185909697588,-0.5732782730861543,-1.2888755506128429,-0.12437925586752187,-0.2815538247236701,-0.09591387858583578,-1.2888755506128429,True,False,False,False,False,False,False,False,False,False,False,True
1.3129311268379342,-0.07495258259437108,-0.1704826922738622,-1.0075826359653597,0.17515162373484713,0.9718264212456679,-0.1595834867901824,-0.38530900218369213,-0.1381485497952329,0.9718264212456681,False,False,False,False,False,True,False,False,False,True,False,False
0.6655247567230062,0.8155731512001344,-0.7501641016584221,-1.3804161737878793,-1.4929590785017917,-0.2312372012053525,-0.20426577988432817,-1.1486814375928454,-0.14260122643074316,-0.23123720120535224,False,False,True,False,False,False,False,False,True,False,False,False
-1.0608922302501365,-0.02547893071689873,1.471947967649058,-1.3804161737878793,0.3654304110622204,0.21825909729283102,1.0894897065234384,0.6790740225255032,-0.14260122643074316,0.21825909729283102,False,True,False,False,False,False,False,True,False,False,False,False
-0.8990406377214044,0.17241567679299158,-1.5230726475045022,0.11091797750219957,-0.750871807925036,-1.8705766427869628,-1.0945266195631418,-0.36612737273730156,-0.11234859091674985,-1.8705766427869626,False,True,False,False,False,False,True,False,False,False,False,False
0.17996997913680962,0.9639941068325519,-0.5569369651969022,0.4837515153247193,0.517653440924119,-0.2312372012053525,0.05638092983152229,0.12350895786793374,-0.12327726303702495,-0.23123720120535224,False,False,True,False,False,False,False,True,False,False,False,False
-0.8450901068784934,0.8155731512001344,-0.8950844540045623,0.11091797750219957,-1.0426326151603416,0.08605430361689471,-0.3464367124566103,-0.6242992561473348,-0.10381103733611372,0.08605430361689484,False,False,False,False,False,True,False,False,False,False,True,False
1.7984859044241306,-1.6086357907960196,1.7617886723413383,1.975085666614798,1.9701148508564015,0.3240229322335802,-0.4933466761146347,0.31325353418352164,-0.12030294766827396,0.3240229322335804,False,True,False,False,False,False,True,False,False,False,False,False
-0.5213869218210294,-0.7675837088789867,-0.7501641016584221,0.4837515153247193,1.811549194750257,0.5884325195854528,-0.8758541851781556,1.4099171355489606,-0.12970807630344994,0.5884325195854527,False,False,False,False,False,True,False,False,True,False,False,False
1.205030065152113,1.0134677587100247,-0.0738691240431021,-0.26191556032032015,1.9384017196351726,-0.2973395980433206,0.5810593714673252,0.5036447999923617,-0.13510975626199365,-0.2973395980433205,False,False,False,True,False,False,False,True,False,False,False,False
-0.9529911685643149,-0.02547893071689873,-1.5230726475045022,-1.3804161737878793,-0.12929443598895007,-1.1831117156720938,-1.1351468860123652,0.18129413804184058,-0.14260122643074316,-1.1831117156720938,False,False,False,False,False,True,True,False,False,False,False,False
-0.6832385143497613,0.2713629805479367,0.6990394218029777,1.6022521287922782,-1.372449179861122,-0.9715840457905959,0.7631735660480101,-0.9229032304937093,-0.028676887287957566,-0.9715840457905958,True,False,False,False,False,False,False,False,True,False,False,False
0.6655247567230062,-1.5096884870410747,-1.2815387269276022,0.11091797750219957,-0.7318439291922987,0.8396216275697316,-1.361943373687196,-0.7307886121137247,-0.11277669424949505,0.8396216275697316,False,False,False,False,False,True,False,False,True,False,False,False
0.3418215716655421,1.4587306256072776,-0.12217590815848194,0.4837515153247193,0.24492051242155066,3.153205516898617,0.7990548014114909,-0.0979542869472421,-0.121006961326834,3.1532055168986166,False,False,False,False,True,False,False,True,False,False,False,False
0.5576236950371846,0.4692575880578266,-1.6679929998506422,0.11091797750219957,0.8728405106018824,-0.3634419948812888,-1.1615500592043604,0.18920496060521846,-0.1290038053072494,-0.3634419948812886,True,False,False,False,False,False,False,False,False,True,False,False
-0.9529911685643149,0.17241567679299158,1.037186910610638,-0.26191556032032015,-1.289995038685927,-0.2973395980433206,0.950703796155258,-0.803603271098723,-0.10435847952091694,-0.2973395980433205,True,False,False,False,False,False,False,False,False,True,False,False
0.2339205099797206,0.9145204549550795,-0.7984708857738022,-1.3804161737878793,-0.8142980703674938,-0.04615049005904159,-0.21103582429253193,-0.7044215647918277,-0.14260122643074316,-0.04615049005904136,False,False,False,False,True,False,False,False,False,False,True,False
-1.5464470078363326,2.2997827075243102,-0.46032339696614205,-0.6347490981428399,0.5557091983895937,0.27114101476320535,0.8315510145708694,1.319577209261672,-0.13498339411456894,0.27114101476320535,True,False,False,False,False,False,False,False,False,True,False,False
-1.492496476993422,0.4197839361803542,-0.3154030446200021,-1.3804161737878793,0.04195647260568586,0.7338577926289824,0.005605596769992998,0.7248713966385452,-0.14260122643074316,0.7338577926289825,False,False,True,False,False,False,False,True,False,False,False,False
0.6655247567230062,0.6671521955677169,0.892266558264498,-0.26191556032032015,-0.8079554441232479,-0.7468358965415042,1.2749889233082257,-0.7725778946616367,-0.1188907233466509,-0.746835896541504,False,True,False,False,False,False,False,True,False,False,False,False
0.7734258184088276,1.359783321852332,-1.7646065680814023,1.2294185909697588,-0.8586964540772142,1.6592913483605367,-1.1249918194000592,-0.8157281308557451,-0.0849715314346856,1.659291348360537,False,True,False,False,False,False,True,False,False,False,False,False
-0.1437332059206544,-0.07495258259437108,-1.0400048063507021,3.093586280082357,-2.0701380667281573,-1.8705766427869628,-0.793259643398068,-1.4655834969145116,18.82580124084306,-1.8705766427869626,False,False,True,False,False,False,False,True,False,False,False,False
1.4747827193666667,-0.8665310126339316,0.6024258535722181,-1.3804161737878793,0.06732697758266896,-1.6061670554350902,-0.23540798416206596,-0.46803849809372755,-0.14260122643074316,-1.6061670554350898,False,False,False,False,False,True,False,False,False,False,False,True
0.8273763492517381,0.02399472116057406,0.07105122830303782,-1.3804161737878793,1.3041390952105951,1.9898033325503774,0.08143009414187681,0.3239158940102827,-0.14260122643074316,1.9898033325503772,False,False,False,True,False,False,False,False,False,False,True,False
0.3418215716655421,-1.9549513539383274,-0.46032339696614205,0.11091797750219957,-1.5817558459212326,-0.40310343298406975,-1.3226771161196134,-1.1770699375515534,-0.06153967742529957,-0.4031034329840697,False,False,False,False,False,True,False,True,False,False,False,False
0.2339205099797206,-0.07495258259437108,-1.474765863389122,-1.3804161737878793,-1.8100903907140804,-0.13869384563219714,-1.1100977217020107,-1.307969157434562,-0.14260122643074316,-0.13869384563219714,False,True,False,False,False,False,False,False,False,True,False,False
-1.0608922302501365,-1.0644256201438218,-0.4120166128507622,1.975085666614798,-0.04049766856950922,0.495889164012297,-0.8501280164269808,0.3216311026188341,-0.0982825290772997,0.495889164012297,False,False,True,False,False,False,False,False,True,False,False,False
-0.6832385143497613,1.2608360180973874,1.3270276153029181,0.11091797750219957,0.14978111875786404,-0.7600563759090977,2.284402544571428,0.26112644169713234,-0.12458754887397791,-0.7600563759090975,False,False,True,False,False,False,False,False,False,False,False,True
-1.3845954153076003,0.4197839361803542,0.3125851488799378,-0.26191556032032015,-0.8586964540772142,-0.09903240752941617,0.5512711760712277,-0.2626597342099865,-0.11790278571814707,-0.09903240752941604,False,False,False,True,False,False,False,False,False,False,True,False
1.3129311268379342,1.2608360180973874,-1.6679929998506422,-1.0075826359653597,-0.32591584956056907,0.4033458084391417,-1.0315652065668455,-0.6263872086349203,-0.13687405177274986,0.4033458084391419,True,False,False,False,False,False,False,False,False,True,False,False
-2.2478039087941717,-1.559162138918547,-0.3154030446200021,0.4837515153247193,0.8474700056248993,0.08605430361689471,-1.0776015085426318,2.9267846418579646,-0.12545697257384347,0.08605430361689484,False,False,False,True,False,False,False,False,True,False,False,False
-1.7622491312079753,0.5682048918127718,0.11935801241841809,0.11091797750219957,0.657191218297526,1.6064094308901624,0.4828937275483684,1.716496247098375,-0.127931154916997,1.6064094308901626,False,False,False,True,False,False,False,False,False,False,True,False
-0.4674363909781184,-0.3223208419817337,0.022744444187657992,0.856585053147239,-0.25614696087386557,0.33724341160117355,-0.17786260669233267,-0.14280034751380585,-0.10955522910099787,0.3372434116011736,False,False,True,False,False,False,False,False,False,True,False,False
0.1260194482938991,0.2713629805479367,0.9405733423798778,0.11091797750219957,-0.8142980703674938,1.1965745704947595,0.9628898760900251,-0.6841239132685563,-0.11082835797634819,1.1965745704947597,False,False,True,False,False,False,True,False,False,False,False,False
0.1260194482938991,0.9639941068325519,1.133800478841398,-0.26191556032032015,0.9299241468000944,1.791496142036473,1.7861272761276203,0.4012366195730486,-0.13259679474969158,1.7914961420364728,False,True,False,False,False,False,False,False,False,False,False,True
0.3418215716655421,2.2997827075243102,2.5830040023027983,-0.26191556032032015,1.9066885884139437,0.19181813855764362,5.0966789917393305,0.8837412007552911,-0.13505011079886664,0.19181813855764385,True,False,False,False,False,False,False,False,False,False,True,False
-0.0358321442348329,1.0134677587100247,0.16766479653379793,-1.0075826359653597,-0.5923061518188917,-1.830915204684182,0.8315510145708694,-0.5076706023990045,-0.1358460973469562,-1.830915204684182,True,False,False,False,False,False,True,False,False,False,False,False
2.0142880277957738,0.5682048918127718,-2.1993676251198226,3.093586280082357,-0.4781388794224677,2.902016408914338,-1.6293601278112504,-0.7901483884601908,-0.06732978806854555,2.902016408914338,False,False,False,True,False,False,False,True,False,False,False,False
-0.2516342676064759,0.22188932867046393,-1.474765863389122,1.2294185909697588,1.3231669739433325,-0.2312372012053525,-1.0451052953832534,0.8632983950785037,-0.1219577535963345,-0.23123720120535224,False,True,False,False,False,False,False,False,True,False,False,False
-0.9529911685643149,-0.9654783163888768,0.264278364764558,-0.6347490981428399,-0.15466494096593317,0.03317238614652015,-0.47642156509412514,0.15976632582018893,-0.13216756170727023,0.03317238614652015,False,True,False,False,False,False,True,False,False,False,False,False
0.7734258184088276,0.7660994993226621,0.40919871711069794,0.11091797750219957,0.6635338445417718,0.046392865514113736,0.8958664364488067,0.0008440568620767879,-0.1279651134158714,0.04639286551411373,False,True,False,False,False,False,False,True,False,False,False,False
1.1510795343092026,2.2997827075243102,-2.054447272773682,0.856585053147239,0.44788455223741547,0.16537717982245645,-1.4025636401364194,-0.21542450792577744,-0.11877157508994693,0.1653771798224567,False,False,True,False,False,False,False,False,False,False,False,True
-0.4134858601352079,0.9145204549550795,-0.9433912381199421,0.856585053147239,-0.6430471617728578,-1.0376864426285641,-0.3572687835097363,-0.44094243444166803,-0.10063573424650908,-1.037686442628564,False,False,True,False,False,False,False,False,False,False,False,True
0.5576236950371846,2.10188810001442,-1.233231942812222,-0.26191556032032015,0.21955000744456757,0.5223301227474847,-0.3085244637706683,-0.17812954612868703,-0.1295015009699187,0.5223301227474848,True,False,False,False,False,False,False,True,False,False,False,False
-0.1437332059206544,-0.12442623447184388,0.21597158064917776,0.11091797750219957,-1.6705526133406734,0.29758197349839255,0.08752313410926008,-1.1991768206715723,-0.04380746358035878,0.29758197349839255,False,False,False,False,False,True,False,False,False,True,False,False
-0.6292879835068509,1.1618887143424421,-1.3298455110429823,1.2294185909697588,0.04829909884993163,1.0908107355540104,-0.6829079195443444,0.15517843141229606,-0.10957166989568928,1.0908107355540104,False,True,False,False,False,False,False,False,False,False,False,True
1.2589805959950235,1.062941410587497,-2.054447272773682,0.4837515153247193,-0.3195732233163233,-0.8129382933794723,-1.4702640842184584,-0.6145621700273443,-0.11406873174471156,-0.8129382933794722,False,False,True,False,False,False,False,False,False,False,True,False
-0.6832385143497613,-0.3223208419817337,-0.0738691240431021,1.975085666614798,0.17515162373484713,-1.4607417823915603,-0.24150102412944946,0.2808602695669796,-0.10252713671115063,-1.46074178239156,False,True,False,False,False,False,False,False,False,False,True,False
0.9892279417804701,-0.6686364051240415,-0.46032339696614205,-1.0075826359653597,-0.46545362693397613,-1.2888755506128429,-0.6713988440503976,-0.6426178181664817,-0.13637799727481345,-1.2888755506128429,False,False,False,True,False,False,False,False,False,True,False,False
-0.8450901068784934,-0.6191627532465692,0.8439597741491182,0.11091797750219957,0.9870077829983064,-0.1915757631025717,0.10309423624812909,1.037496774997706,-0.12951054149818705,-0.1915757631025715,True,False,False,False,False,False,False,False,False,False,False,True
-0.4674363909781184,-0.37179449385920654,1.182107262956778,1.2294185909697588,0.7015896020072464,1.355220322905883,0.5377310872548197,0.5555921544425109,-0.11733889437767683,1.355220322905883,False,False,False,False,False,True,False,False,False,False,True,False
-0.6292879835068509,-0.8665310126339316,0.892266558264498,0.856585053147239,0.7586732382054584,0.16537717982245645,-0.08917502494486158,0.6986674612703875,-0.12138377400649955,0.1653771798224567,False,False,False,True,False,False,False,False,True,False,False,False
-0.7371890451926719,-1.1138992720212944,-0.9433912381199421,1.975085666614798,-1.258281907464698,0.6941963545262014,-1.1067126994979086,-0.823397911997445,-0.03231981673729083,0.6941963545262014,True,False,False,False,False,False,False,False,True,False,False,False
0.8273763492517381,-0.07495258259437108,-0.46032339696614205,0.11091797750219957,-0.6367045355286121,0.7735192307317634,-0.37080887232614407,-0.7053826278374373,-0.11474747831433524,0.7735192307317637,False,False,True,False,False,False,False,False,False,False,True,False
0.6655247567230062,-0.520215449491624,2.5830040023027983,-1.3804161737878793,0.0039007151402112093,-1.8705766427869628,1.2377536790631039,-0.3268255474839082,-0.14260122643074316,-1.8705766427869626,False,False,True,False,False,False,False,False,False,False,True,False
-1.4385459461505112,0.5187312399352993,-0.025562339927722267,-0.26191556032032015,0.6064502083435598,0.5884325195854528,0.319735657310654,1.249962816479701,-0.13139058667467118,0.5884325195854527,False,True,False,False,False,False,False,False,False,False,False,True
0.7194752875659166,-1.163372923898767,0.7473462059183581,-0.26191556032032015,-0.30688797082783176,-0.7071744584387232,-0.41413715653864913,-0.5087223083416803,-0.12560445002637596,-0.707174458438723,True,False,False,False,False,False,False,False,False,True,False,False
-0.4134858601352079,-1.4107411832861296,0.11935801241841809,-1.3804161737878793,-2.0701380667281573,-1.1831117156720938,-0.8440349764595972,-1.4655834969145116,-0.14260122643074316,-1.1831117156720938,False,False,False,True,False,False,False,False,False,False,True,False
-0.1976837367635649,0.17241567679299158,-0.26709626050462226,-0.6347490981428399,0.09904010880389784,0.6413144370558271,-0.09120603826732307,0.001583705582835374,-0.13338431561088224,0.6413144370558271,False,False,False,True,False,False,True,False,False,False,False,False
0.17996997913680962,0.8650468030776067,1.278720831187538,0.856585053147239,-0.3322584758048149,0.495889164012297,1.8355486003075085,-0.39839885816355575,-0.1081132219447908,0.495889164012297,False,True,False,False,False,False,False,False,True,False,False,False
-2.409655501322904,-0.2233735382267886,-1.0883115904660823,0.11091797750219957,0.9426093992885859,0.03317238614652015,-0.8772081940597963,3.555970916394861,-0.12931803142564946,0.03317238614652015,False,True,False,False,False,False,False,False,False,False,True,False
-0.7911395760355829,0.9145204549550795,-0.12217590815848194,-1.3804161737878793,0.7777011169381958,0.12571574171967548,0.47138465205442187,0.8259222048686259,-0.14260122643074316,0.1257157417196756,False,False,False,True,False,False,False,False,False,True,False,False
0.39577210250845263,-1.9054777020608549,-0.5086301810815221,-0.6347490981428399,-0.5986487780631374,-0.8525997314822532,-1.3077830184215649,-0.6071619845761516,-0.12903298432253585,-0.852599731482253,False,False,False,True,False,False,True,False,False,False,False,False
0.39577210250845263,0.37031028430288143,0.40919871711069794,1.6022521287922782,-0.06586817354649231,0.03317238614652015,0.5979844824878345,-0.29635419562605564,-0.10270973859210215,0.03317238614652015,False,False,True,False,False,False,True,False,False,False,False,False
0.3418215716655421,-1.2128465757762394,0.022744444187657992,-1.0075826359653597,-1.7783772594928515,0.5487710814826718,-0.7506083636263833,-1.2932247471652119,-0.1089693071625272,0.5487710814826721,True,False,False,False,False,False,True,False,False,False,False,False
-0.1437332059206544,0.7660994993226621,1.037186910610638,1.6022521287922782,1.0948324291504845,0.019951906778926564,1.503139419864697,0.6445265260255955,-0.11731002314104476,0.019951906778926564,False,False,False,False,True,False,False,True,False,False,False,False
-1.0608922302501365,0.9145204549550795,-2.247674409235202,-1.3804161737878793,-1.7720346332486059,-0.3370010361461016,-1.6733654164645757,-1.2030863526080513,-0.14260122643074316,-0.33700103614610144,True,False,False,False,False,False,False,False,True,False,False,False
-3.0570618714378326,-0.6686364051240415,0.36089193299531813,-0.6347490981428399,1.2851112164778578,-0.3898829536164762,-0.21103582429253193,8.321161762287913,-0.13663631999449355,-0.3898829536164761,False,False,True,False,False,False,False,False,False,False,False,True
0.17996997913680962,1.4092569737298044,0.07105122830303782,1.6022521287922782,0.8284421268921619,-0.2973395980433206,0.9913240626044811,0.31435584581974696,-0.11499074249002439,-0.2973395980433205,True,False,False,False,False,False,False,False,False,False,True,False
1.4747827193666667,-1.1138992720212944,-0.4120166128507622,1.2294185909697588,0.0039007151402112093,1.3023384054355087,-0.8758541851781556,-0.49763923989849856,-0.10886677082329482,1.3023384054355087,False,False,False,False,True,False,False,False,False,True,False,False
-0.08978267507774389,-0.12442623447184388,-1.0400048063507021,-0.26191556032032015,1.5705293974689176,0.15215670045486288,-0.8101847544185777,0.9274905588514851,-0.1343540949232328,0.1521567004548631,False,False,False,False,False,True,False,False,True,False,False,False
-0.9529911685643149,0.6671521955677169,1.4236411835336777,-1.3804161737878793,-0.00878453734828034,0.046392865514113736,1.7739411961928533,0.2835512460946862,-0.14260122643074316,0.04639286551411373,False,True,False,False,False,False,False,True,False,False,False,False
-0.8990406377214044,-1.262320227653712,0.07105122830303782,-0.26191556032032015,0.49862556219138165,0.42978676717432884,-0.7634714480019708,0.6751844371805366,-0.13092117565040215,0.42978676717432907,True,False,False,False,False,False,False,False,True,False,False,False
-0.6292879835068509,-0.7675837088789867,1.230414047072158,-0.26191556032032015,0.42251404726043235,-0.2180167218377589,0.1789187336200129,0.44148068821254066,-0.13056543806318366,-0.21801672183775864,False,False,False,False,True,False,False,False,False,False,True,False
0.8813268800946491,-0.6191627532465692,0.022744444187657992,0.856585053147239,-0.9221227165196719,0.4430072465419227,-0.36877785900368304,-0.8635908826826512,-0.09049023064152942,0.44300724654192264,False,False,True,False,False,False,False,False,False,False,True,False
0.8813268800946491,1.1618887143424421,1.9067090246874778,0.4837515153247193,-1.0109194839391127,-1.7648128078462137,2.8097579906480505,-0.9101538473193697,-0.09555657745436964,-1.7648128078462135,False,False,True,False,False,False,True,False,False,False,False,False
0.7194752875659166,-1.5096884870410747,-0.8950844540045623,-0.26191556032032015,1.4563621250724936,-0.5881901441303806,-1.2373745565762444,0.44813888023115106,-0.1340875807991122,-0.5881901441303806,False,False,True,False,False,False,False,False,False,False,False,True
-1.3845954153076003,1.9039934925045296,0.21597158064917776,-1.0075826359653597,1.0567766716850098,1.077590256186417,1.5031394198646966,1.6393453775008335,-0.13940142844368617,1.077590256186417,True,False,False,False,False,False,False,False,False,False,True,False
0.8273763492517381,-0.4212681457366789,0.5541190694568379,-1.0075826359653597,-0.41471261698000994,0.0067314274113327455,0.09361617407664358,-0.5876524047502798,-0.13656801953911663,0.00673142741133298,True,False,False,False,False,False,False,False,False,True,False,False
-0.35953532929229737,-0.8665310126339316,-0.46032339696614205,0.11091797750219957,0.9743225305098148,-0.6939539790711295,-0.7715955012918154,0.6871977252506549,-0.12945611037580637,-0.6939539790711294,False,True,False,False,False,False,False,True,False,False,False,False
1.2589805959950235,0.5682048918127718,-0.26709626050462226,0.11091797750219957,-0.3195732233163233,-1.1566707569369066,0.1308514183217651,-0.6145621700273443,-0.1197752306819179,-1.1566707569369066,False,False,False,False,False,True,True,False,False,False,False,False
2.0142880277957738,-1.163372923898767,-0.9916980222353221,0.856585053147239,-0.5035093843994508,2.2542129199022503,-1.145301952624671,-0.8009122945710165,-0.10435847952091694,2.2542129199022503,False,True,False,False,False,False,False,False,False,False,True,False
-0.0358321442348329,0.32083663242540905,-0.5569369651969022,-0.26191556032032015,-1.1314293825797825,0.4430072465419227,-0.2516560907417555,-0.8571238042608847,-0.11077504779437773,0.44300724654192264,False,False,False,True,False,False,False,False,False,False,True,False
-0.7371890451926719,0.9145204549550795,-0.4120166128507622,1.6022521287922782,-0.693788171726824,-0.5485287060275996,0.1789187336200129,-0.37687824748479726,-0.08459387943602205,-0.5485287060275995,False,True,False,False,False,False,True,False,False,False,False,False
0.6655247567230062,0.02399472116057406,-0.701857317543042,0.4837515153247193,-1.429532816059334,0.7338577926289824,-0.5035017427269407,-1.1138570354695851,-0.06511592223436326,0.7338577926289825,False,False,True,False,False,False,False,False,True,False,False,False
0.9352774109375596,1.1618887143424421,0.45750550122607775,-1.3804161737878793,-0.750871807925036,-0.5485287060275996,1.2458777323529484,-0.7814774640931366,-0.14260122643074316,-0.5485287060275995,False,False,False,True,False,False,False,False,True,False,False,False
0.018118386608077613,1.1618887143424421,1.8100954564567182,-0.6347490981428399,0.4922829359471359,-1.1698912363045004,2.7054993067617112,0.17259454269199528,-0.13479529948947822,-1.1698912363045002,False,False,False,False,True,False,False,True,False,False,False,False
1.420832188523756,0.32083663242540905,0.5058122853414581,0.11091797750219957,-1.7720346332486059,1.751834703933692,0.6419897711411603,-1.325054722689841,-0.010876209296897322,1.751834703933692,False,False,False,False,False,True,False,False,True,False,False,False
0.8273763492517381,0.6176785436902441,0.3125851488799378,0.11091797750219957,-0.23077645589688248,1.831157580139254,0.6947961175251504,-0.4901045056209206,-0.12087338855299538,1.8311575801392541,False,False,False,False,False,True,False,False,False,False,False,True
-0.3055847984493864,2.2997827075243102,0.40919871711069794,-1.3804161737878793,0.37177303730646616,0.7867397100993573,2.0501590080475727,0.2353546515686002,-0.14260122643074316,0.7867397100993573,False,True,False,False,False,False,False,True,False,False,False,False
-0.4674363909781184,-1.3612675314086569,-0.025562339927722267,0.11091797750219957,1.5515015187361803,-1.8705766427869628,-0.8636681052433887,1.1753576859799044,-0.13154737883909176,-1.8705766427869626,False,False,False,False,False,True,False,False,False,True,False,False
0.4497226333513631,-0.4212681457366789,-0.025562339927722267,0.4837515153247193,0.6064502083435598,-0.6939539790711295,-0.2719662239663672,0.07657860698837457,-0.12391682683728984,-0.6939539790711294,False,False,True,False,False,False,False,True,False,False,False,False
1.1510795343092026,-1.3117938795311843,-1.5230726475045022,0.856585053147239,-0.4083699907357642,1.0908107355540104,-1.3991786179323173,-0.6405415444836593,-0.10653962478193366,1.0908107355540104,True,False,False,False,False,False,False,False,True,False,False,False
-1.2766943536217792,0.6671521955677169,0.7473462059183581,0.11091797750219957,0.3781156635507119,1.9237009357124093,1.1389110307033268,0.8662300411756149,-0.12626323980949097,1.9237009357124093,False,False,False,False,False,True,False,False,False,True,False,False
0.9892279417804701,-2.5981088283454703,0.36089193299531813,-0.26191556032032015,-0.8523538278329684,0.16537717982245645,-1.6368071766602745,-0.8410403731215402,-0.11803075691354913,0.1653771798224567,True,False,False,False,False,False,True,False,False,False,False,False
-0.1437332059206544,0.6176785436902441,0.9405733423798778,1.2294185909697588,-0.38299948575878107,-1.8705766427869628,1.2756659277490454,-0.34075530833321216,-0.10115964800661187,-1.8705766427869626,False,True,False,False,False,False,False,False,False,False,True,False
0.0720689174509886,-0.520215449491624,-1.3298455110429823,0.856585053147239,-2.0701380667281573,-1.1963321950396877,-1.1202527883143165,-1.4655834969145116,9.341600007206159,-1.1963321950396872,False,False,False,False,True,False,True,False,False,False,False,False
2.0142880277957738,-0.7675837088789867,0.11935801241841809,3.093586280082357,0.47325505721439853,1.4081022403762578,-0.41278314765700835,-0.386501909304222,-0.09541614566638047,1.4081022403762582,False,False,False,False,False,True,False,False,True,False,False,False
0.1260194482938991,1.7555725368721127,-0.0738691240431021,1.2294185909697588,-0.44008312195699306,0.3636843703363607,1.038037369021089,-0.45126474440435743,-0.09971401154995616,0.3636843703363608,False,False,False,False,True,False,False,False,False,False,True,False
-0.5753374526639399,-0.17389988634931625,-0.4120166128507622,0.11091797750219957,-0.3512863545375522,1.1040312149216043,-0.38705697890583357,-0.17174462125435816,-0.11935563517182919,1.1040312149216043,True,False,False,False,False,False,False,False,False,False,True,False
0.8813268800946491,-0.6686364051240415,0.5541190694568379,0.856585053147239,0.6508485920532803,0.03317238614652015,-0.10271511376126959,-0.03876122340363812,-0.12054494449205269,0.03317238614652015,True,False,False,False,False,False,False,False,True,False,False,False
-2.355704970479993,-0.520215449491624,0.892266558264498,0.11091797750219957,1.7417803060635535,0.23147957666042462,0.21886199562841593,4.668915063315624,-0.13209823503136675,0.2314795766604246,False,False,False,True,False,False,False,True,False,False,False,False
-1.3845954153076003,-0.6686364051240415,-2.247674409235202,-0.6347490981428399,-0.8016128178790022,1.0379288180836361,-1.6733654164645757,-0.20597746266893555,-0.1268728661759556,1.0379288180836361,False,False,False,False,True,False,True,False,False,False,False,False
-0.0358321442348329,-0.4212681457366789,-0.701857317543042,-0.26191556032032015,0.15612374500210982,-1.1698912363045004,-0.6984790216832132,-0.022547333931923513,-0.12912934967841802,-1.1698912363045002,False,False,False,False,True,False,False,False,True,False,False,False
1.1510795343092026,1.0134677587100247,0.3125851488799378,-1.0075826359653597,-0.18003544594291626,-1.0244659632609703,0.9818460004329961,-0.5271770014015575,-0.1373146036695186,-1.0244659632609703,False,False,False,False,False,True,False,False,False,False,False,True
-0.08978267507774389,-0.9160046645114042,0.7956529900337379,0.856585053147239,0.8157568744036704,2.0162442912855645,-0.18057062445561442,0.43136544972926616,-0.12180253951487277,2.0162442912855645,False,False,False,False,False,True,False,False,False,False,True,False
0.1260194482938991,-1.5096884870410747,0.45750550122607775,0.4837515153247193,-0.11660918350045851,0.21825909729283102,-0.8013836966879126,-0.24997970013191423,-0.11702355320087018,0.21825909729283102,False,False,True,False,False,False,True,False,False,False,False,False
0.9352774109375596,1.5576779293622223,-0.4120166128507622,-0.6347490981428399,0.27663364364277954,0.2447000560280182,0.5133589273852857,-0.24866411160725774,-0.13407993152181513,0.2447000560280182,False,False,True,False,False,False,False,False,False,True,False,False
-1.7622491312079753,-0.7675837088789867,0.11935801241841809,0.11091797750219957,-1.1377720088240282,-1.2359936331424686,-0.41278314765700835,-0.377756235589176,-0.09987959925219857,-1.2359936331424684,False,False,False,False,False,True,False,False,False,True,False,False
0.018118386608077613,0.4692575880578266,0.36089193299531813,-1.3804161737878793,-1.2202261499992233,0.7999601894669506,0.6298036912063932,-0.9222274144707693,-0.14260122643074316,0.7999601894669508,False,True,False,False,False,False,False,False,False,False,True,False
0.0720689174509886,-1.2128465757762394,-0.36370982873538216,-1.3804161737878793,-1.4739311997690543,0.29758197349839255,-0.907673393896714,-1.0895740739890416,-0.14260122643074316,0.29758197349839255,True,False,False,False,False,False,False,False,False,True,False,False
-0.8990406377214044,0.4197839361803542,1.520254751764438,2.347919204437318,1.0377487929522726,1.5270865546846004,1.600628059342833,1.1244814110029542,-0.11040773955485415,1.5270865546846004,False,False,False,True,False,False,False,False,False,True,False,False
0.39577210250845263,0.17241567679299158,0.40919871711069794,-0.6347490981428399,-0.6557324142613494,-0.8129382933794723,0.4490435055073489,-0.6404628191065189,-0.12848783173783113,-0.8129382933794722,True,False,False,False,False,False,False,False,False,True,False,False
0.0720689174509886,-0.8665310126339316,-0.36370982873538216,-1.0075826359653597,-0.7889275653905107,0.23147957666042462,-0.7228511815527474,-0.6575632476491401,-0.13481452591051582,0.2314795766604246,True,False,False,False,False,False,False,False,False,False,True,False
-0.3055847984493864,0.9639941068325519,0.6507326376875979,1.6022521287922782,-0.33860110204906063,-1.7383718491110265,1.2919140343287348,-0.2594637188992141,-0.09644939561012564,-1.7383718491110265,True,False,False,False,False,False,False,False,False,False,False,True
1.852436435267041,-1.6086357907960196,-1.3298455110429823,-1.3804161737878793,-1.9432855418432418,1.8443780595068477,-1.4032406445772398,-1.4102550075597995,-0.14260122643074316,1.8443780595068477,False,False,False,False,True,False,True,False,False,False,False,False
-0.4134858601352079,0.6176785436902441,1.3270276153029181,0.11091797750219957,0.0039007151402112093,-0.6675130203359424,1.6331242725022117,0.023561513879354415,-0.12332439465505841,-0.6675130203359423,False,False,True,False,False,False,False,False,False,False,True,False
-0.5213869218210294,-1.163372923898767,-0.21878947638924204,-1.3804161737878793,1.0060356617310438,1.0379288180836361,-0.8203398210308834,0.8132037690083382,-0.14260122643074316,1.0379288180836361,False,False,True,False,False,False,False,False,True,False,False,False
0.8813268800946491,1.50820427748475,0.40919871711069794,-0.26191556032032015,0.14343849251361826,-0.5881901441303806,1.454395100125629,-0.3048353070420295,-0.12905236752554758,-0.5881901441303806,False,False,True,False,False,False,False,False,False,True,False,False
-0.08978267507774389,0.5187312399352993,0.6990394218029777,-1.3804161737878793,-0.33860110204906063,-0.9848045251581895,0.969659920498229,-0.32741412892824495,-0.14260122643074316,-0.9848045251581893,False,False,False,False,False,True,False,True,False,False,False,False
-0.6292879835068509,0.4692575880578266,-1.0883115904660823,-0.26191556032032015,-1.7847198857370974,-1.3020960299804367,-0.6497347019441452,-1.2472173688465287,-0.039512082586863805,-1.3020960299804363,False,False,False,False,False,True,False,False,False,True,False,False
-0.6292879835068509,-0.12442623447184388,0.6990394218029777,1.975085666614798,-0.23711908214112823,-1.5797260966999027,0.4327953989276591,-0.06318769665568691,-0.09354501315331092,-1.5797260966999027,False,False,False,True,False,False,False,False,False,True,False,False
-0.5213869218210294,0.4197839361803542,0.16766479653379793,-1.3804161737878793,-1.1948556450222403,0.03317238614652015,0.4253483500786351,-0.8171862954766698,-0.14260122643074316,0.03317238614652015,False,False,False,True,False,False,False,False,True,False,False,False
-2.5175565630087253,0.2713629805479367,-0.1704826922738622,0.856585053147239,2.6424332327464537,-1.1037888394665323,0.04419484989675528,6.99339771883352,-0.12985364412746778,-1.1037888394665318,True,False,False,False,False,False,False,False,True,False,False,False
-0.2516342676064759,-0.07495258259437108,-0.4120166128507622,0.856585053147239,-0.9284653427639177,0.9189445037752936,-0.33560464140348406,-0.6820344491411605,-0.09020232458744537,0.9189445037752938,False,True,False,False,False,False,True,False,False,False,False,False
1.852436435267041,0.02399472116057406,-0.5086301810815221,-0.26191556032032015,0.20052212871183023,0.29758197349839255,-0.3572687835097363,-0.4752035374651627,-0.12939203251202883,0.29758197349839255,False,False,False,True,False,False,False,True,False,False,False,False
-0.6292879835068509,-0.37179449385920654,1.616868319995198,1.6022521287922782,1.0948324291504845,0.7206373132613891,0.8180109257544614,0.9558542343282342,-0.11731002314104476,0.7206373132613894,False,False,False,False,False,True,True,False,False,False,False,False
0.17996997913680962,0.5187312399352993,0.6990394218029777,-0.26191556032032015,-0.07855342603498386,-0.7468358965415042,0.969659920498229,-0.24260548024370815,-0.12754693875830364,-0.746835896541504,False,False,False,False,False,True,False,False,True,False,False,False
-0.3055847984493864,0.17241567679299158,-0.7984708857738022,0.856585053147239,-1.9496281680874874,-0.032930010691448006,-0.5156878226617077,-1.3816410947815787,0.33160883525110185,-0.03293001069144777,False,True,False,False,False,False,False,False,False,True,False,False
-0.3055847984493864,-0.8665310126339316,0.45750550122607775,-0.6347490981428399,0.1878368762233387,0.48266868464470364,-0.3085244637706683,0.10723203778675544,-0.13374576309401404,0.48266868464470375,False,False,True,False,False,False,False,False,False,True,False,False
-1.1687932919359578,-0.520215449491624,-0.6052437493122822,-0.26191556032032015,-1.2773097861974354,0.03317238614652015,-0.6835849239851647,-0.740075119346594,-0.10496550724964435,0.03317238614652015,True,False,False,False,False,False,False,False,False,False,True,False
1.1510795343092026,2.0524144481369477,-0.4120166128507622,0.4837515153247193,0.543023945901102,0.4430072465419227,0.7706206148970344,-0.16818928164156838,-0.12346442006747257,0.44300724654192264,False,False,False,False,True,False,True,False,False,False,False,False
0.9352774109375596,2.0524144481369477,-0.1704826922738622,-0.6347490981428399,0.39080091603920347,-1.1170093188341257,1.09219772428672,-0.18946262799771565,-0.1344742330857244,-1.1170093188341255,False,False,False,True,False,False,True,False,False,False,False,False
-2.032001785422529,-1.8065303983059098,0.16766479653379793,0.4837515153247193,0.19417950246758445,0.61487347832064,-1.0979116417672437,1.5536921671721342,-0.12052440791669079,0.61487347832064,False,True,False,False,False,False,False,False,True,False,False,False
-0.0358321442348329,-0.07495258259437108,0.21597158064917776,-0.26191556032032015,1.729095053575062,0.2843614941307992,0.1220503605911001,0.9970337726768567,-0.1346977254027124,0.2843614941307993,True,False,False,False,False,False,True,False,False,False,False,False
1.1510795343092026,0.37031028430288143,0.7473462059183581,0.11091797750219957,0.77135849069395,0.7735192307317634,0.8870653787181415,-0.05482473855946647,-0.12851926468814942,0.7735192307317637,True,False,False,False,False,False,False,False,False,False,True,False
-0.4134858601352079,0.17241567679299158,1.3270276153029181,0.4837515153247193,-0.6684176667498409,-0.3898829536164762,1.1822393149158323,-0.4591582755522963,-0.10699987044862268,-0.3898829536164761,False,True,False,False,False,False,False,True,False,False,False,False
0.2339205099797206,-2.1528459614482176,0.5058122853414581,-1.3804161737878793,-0.4083699907357642,1.6857323070957237,-1.287472885196953,-0.4583894251158089,-0.14260122643074316,1.685732307095724,False,False,True,False,False,False,False,False,False,False,False,True
-0.1976837367635649,-0.3223208419817337,-0.8467776698891822,-1.3804161737878793,0.4098287947719408,0.0992747829844883,-0.7506083636263833,0.2117918720225138,-0.14260122643074316,0.09927478298448841,False,False,False,False,False,True,False,True,False,False,False,False
-1.654348069522154,-1.0644256201438218,-0.5569369651969022,0.11091797750219957,1.1709439440814338,0.05961334488170732,-0.9151204427457381,2.135840089332631,-0.13025200607444512,0.05961334488170732,False,False,False,False,True,False,False,True,False,False,False,False
1.2589805959950235,-1.559162138918547,-0.8467776698891822,0.856585053147239,0.263948391154288,-0.5617491853951933,-1.2414365832211665,-0.33088839439828843,-0.11689878406316348,-0.561749185395193,False,False,False,False,False,True,False,False,False,False,True,False
-1.0608922302501365,2.1513617518918924,-1.7646065680814023,-1.3804161737878793,0.9045536418231113,1.4477636784790389,-1.016671108868797,1.153802900526548,-0.14260122643074316,1.4477636784790389,False,False,False,True,False,False,False,False,True,False,False,False
-0.4674363909781184,0.37031028430288143,-0.8467776698891822,-1.3804161737878793,1.3104817214548408,-1.7119308903758392,-0.4757445606533049,0.9996032815140764,-0.14260122643074316,-1.7119308903758388,False,False,False,True,False,False,False,False,True,False,False,False
1.852436435267041,1.7555725368721127,1.133800478841398,0.856585053147239,-1.2709671599531895,1.2494564879651344,2.544372249846458,-1.1170140139798246,-0.06792247655958646,1.2494564879651344,False,False,False,False,False,True,True,False,False,False,False,False
-0.2516342676064759,0.07346837303804642,0.7473462059183581,-1.0075826359653597,1.2597407115008747,0.4165662878067355,0.6352197267329562,0.8197678924244287,-0.13959609296000902,0.4165662878067355,False,False,False,True,False,False,False,False,False,False,False,True
-0.6292879835068509,-0.37179449385920654,-0.46032339696614205,0.4837515153247193,0.4859403097028901,-0.2047962424701653,-0.521103858188271,0.49000649444987027,-0.12303810507423141,-0.20479624247016506,False,False,True,False,False,False,True,False,False,False,False,False
0.9892279417804701,0.07346837303804642,0.9405733423798778,-0.26191556032032015,1.7861786897732739,1.4609841578466323,0.7841607037134419,0.5121363950965645,-0.13481452591051582,1.4609841578466325,False,False,False,False,True,False,False,False,False,True,False,False
0.5576236950371846,1.3103096699748598,0.988880126495258,0.4837515153247193,1.4563621250724936,-0.28411911867572703,1.9553783863327179,0.5173095685617168,-0.12841181704469154,-0.2841191186757269,False,False,False,False,False,True,False,True,False,False,False,False
-1.2766943536217792,-0.2233735382267886,0.11935801241841809,-0.6347490981428399,1.7608081847962909,0.9982673799808551,-0.04787775405481756,2.183161003102163,-0.13737577120559888,0.9982673799808552,False,False,True,False,False,False,False,False,True,False,False,False
1.960337496952863,-0.520215449491624,-0.9433912381199421,-0.6347490981428399,-0.00878453734828034,-1.3417574680832176,-0.8873632606721022,-0.5829925715428982,-0.13290367915708579,-1.3417574680832174,True,False,False,False,False,False,False,False,False,True,False,False
-0.2516342676064759,0.02399472116057406,-1.3781522951583622,-0.26191556032032015,1.3675653576530529,-1.5929465760674966,-1.015317099987156,0.8937697469363564,-0.13386807612352686,-1.5929465760674963,False,True,False,False,False,False,False,True,False,False,False,False
-1.8161996620508862,-0.02547893071689873,-0.9916980222353221,-1.3804161737878793,0.37177303730646616,1.7650551833012857,-0.7404532970140775,1.4565410145821165,-0.14260122643074316,1.7650551833012855,True,False,False,False,False,False,False,False,True,False,False,False
0.5576236950371846,1.2113623662199144,-1.7162997839660221,0.4837515153247193,-0.20540595091989935,-1.8705766427869628,-1.0924956062406808,-0.41707529322744114,-0.11580969752216436,-1.8705766427869626,False,True,False,False,False,False,False,False,False,False,True,False
-0.4134858601352079,-0.6191627532465692,0.892266558264498,-1.3804161737878793,3.1498433322861157,1.1965745704947595,0.1308514183217651,2.2823258115972673,-0.14260122643074316,1.1965745704947597,False,False,True,False,False,False,True,False,False,False,False,False
-0.1437332059206544,-0.02547893071689873,-2.1510608410044423,0.4837515153247193,-0.8586964540772142,-0.44276487108685053,-1.6016029457376144,-0.6579061133843305,-0.10143715857641633,-0.4427648710868504,False,False,False,False,True,False,False,True,False,False,False,False
-0.3055847984493864,1.6566252331171671,-0.26709626050462226,-0.6347490981428399,0.39080091603920347,1.355220322905883,0.7415094239417571,0.2486087150632738,-0.1344742330857244,1.355220322905883,False,False,True,False,False,False,True,False,False,False,False,False
-1.0608922302501365,-0.47074179761415125,1.085493694726018,1.2294185909697588,-1.5754132196769868,-0.9054816489526277,0.3820200658661303,-1.0299499382782584,-0.002539182896020994,-0.9054816489526276,False,False,False,False,True,False,False,False,False,False,False,True
0.39577210250845263,-0.5696891013690965,0.40919871711069794,-1.0075826359653597,0.6191354608320514,1.0908107355540104,-0.10948515816947335,0.10325581873835339,-0.13888193182931693,1.0908107355540104,False,False,False,False,False,True,False,False,False,True,False,False
-0.7911395760355829,2.2997827075243102,1.278720831187538,2.7207527422598377,-0.4591110006897304,-0.6939539790711295,3.2687670015242754,-0.16927514891246953,-0.07441415873792884,-0.6939539790711294,False,True,False,False,False,False,True,False,False,False,False,False
1.4747827193666667,0.6671521955677169,-0.26709626050462226,-1.3804161737878793,0.3590877848179746,0.13893622108726905,0.18636578246903715,-0.33187508579178093,-0.14260122643074316,0.13893622108726916,False,False,False,False,False,True,False,True,False,False,False,False
-1.492496476993422,0.5187312399352993,-0.21878947638924204,1.2294185909697588,-0.5098520106436966,0.03317238614652015,0.14642252046063436,0.15259038841297173,-0.09780405461194538,0.03317238614652015,False,False,False,False,False,True,False,False,True,False,False,False
0.4497226333513631,1.359783321852332,-0.26709626050462226,0.856585053147239,-1.3851344323496135,-1.8705766427869628,0.574966331499941,-1.0709069395175643,-0.0555902059386615,-1.8705766427869626,False,False,False,False,False,True,False,False,False,False,False,True
-0.7371890451926719,0.5682048918127718,-0.6052437493122822,-0.6347490981428399,1.4309916200955106,0.5223301227474847,-0.17718560225151264,1.3038418380403378,-0.13688440832728513,0.5223301227474848,False,False,True,False,False,False,False,False,False,False,False,True
1.0431784726233806,-1.3117938795311843,0.11935801241841809,0.856585053147239,0.3971435422834493,-0.7864973346442852,-0.7776885412591988,-0.21398691408234474,-0.11828276172911008,-0.7864973346442851,True,False,False,False,False,False,False,True,False,False,False,False
-0.6292879835068509,0.9639941068325519,2.2448565134951384,0.11091797750219957,1.0504340454407641,-0.4163239123516634,2.922817732265056,0.9218861699621034,-0.12977607263272167,-0.4163239123516633,False,False,False,True,False,False,False,False,False,False,False,True
1.2589805959950235,-0.7675837088789867,-0.025562339927722267,1.6022521287922782,-0.30688797082783176,-1.434300823656373,-0.48996165391053315,-0.6083953488180169,-0.09727648935243062,-1.434300823656373,False,False,False,False,True,False,False,False,True,False,False,False
1.7984859044241306,0.7660994993226621,0.36089193299531813,0.11091797750219957,-0.17369281969867048,-1.8705766427869628,0.8491531300321999,-0.6306191761950267,-0.12152522368932782,-1.8705766427869626,False,False,False,False,False,True,False,False,False,False,True,False
-1.870150192893797,-1.163372923898767,0.7473462059183581,0.4837515153247193,-0.1483223147216874,0.16537717982245645,-0.41413715653864913,0.8946861785711793,-0.11660286778590517,0.1653771798224567,False,False,False,True,False,False,False,False,True,False,False,False
0.9892279417804701,0.6176785436902441,0.40919871711069794,0.4837515153247193,0.5493665721453479,-0.5353082266600061,0.7841607037134419,-0.12216521500567214,-0.12351064423743217,-0.5353082266600059,False,False,True,False,False,False,False,True,False,False,False,False
0.9892279417804701,-0.37179449385920654,-1.0883115904660823,1.2294185909697588,0.31468940110825416,-0.7600563759090977,-0.9259525137988646,-0.2425198794866093,-0.11325135523911703,-0.7600563759090975,False,False,False,True,False,False,False,False,False,False,True,False
0.17996997913680962,-1.1138992720212944,1.085493694726018,0.856585053147239,0.6762190970302634,0.4033458084391417,-0.2252529175497602,0.2208798190678383,-0.12074822819655676,0.4033458084391419,False,False,False,False,True,False,False,True,False,False,False,False
0.9892279417804701,0.5187312399352993,-0.7501641016584221,-0.26191556032032015,-0.49082413191095925,0.892503545040106,-0.33018860587692056,-0.6556291332455019,-0.12363282396346936,0.8925035450401059,False,False,True,False,False,False,False,False,False,False,True,False
1.852436435267041,-0.9654783163888768,1.375334399418298,0.4837515153247193,2.0842821232528252,1.6592913483605367,0.05299590762742029,0.3464245294523138,-0.1305532065709402,1.659291348360537,False,False,False,True,False,False,False,False,False,True,False,False
0.0720689174509886,-0.8170573607564591,0.36089193299531813,1.2294185909697588,1.4183063676070191,-0.3370010361461016,-0.32071054370543506,0.7344716372238763,-0.12251973561542003,-0.33700103614610144,True,False,False,False,False,False,False,False,True,False,False,False
0.6655247567230062,0.5682048918127718,-0.1704826922738622,0.4837515153247193,0.09269748255965206,-1.2095526744072813,0.21886199562841593,-0.2780713845113441,-0.11949157430199828,-1.2095526744072809,False,False,False,False,False,True,True,False,False,False,False,False
0.1260194482938991,0.02399472116057406,-0.8467776698891822,-0.26191556032032015,0.44154192599316966,-1.7780332872138074,-0.613176462139844,0.0973356703773991,-0.130656388605004,-1.7780332872138072,False,False,False,True,False,False,False,True,False,False,False,False
-1.8161996620508862,-1.3612675314086569,0.5541190694568379,-1.3804161737878793,0.23857788617730488,0.8131806688345444,-0.6524427197074267,1.2971524048641185,-0.14260122643074316,0.8131806688345444,False,False,False,False,True,False,False,True,False,False,False,False
0.2878710408226311,-0.8665310126339316,0.5541190694568379,0.11091797750219957,1.7925213160175197,0.0992747829844883,-0.2597801440316002,0.8455513439964579,-0.13223597918086677,0.09927478298448841,False,True,False,False,False,False,False,False,False,False,True,False
0.6115742258800956,0.7166258474451892,-1.1366183745814622,0.11091797750219957,-1.004576857694867,-0.8129382933794723,-0.614530471021485,-0.8735686608190908,-0.10518820381284612,-0.8129382933794722,False,False,False,False,False,True,False,False,False,False,False,True
-0.8990406377214044,-2.40021422083558,-1.6196862157352623,-0.6347490981428399,0.08001223007116051,-1.8705766427869628,-1.6293601278112504,0.32631855162430673,-0.13330298992717757,-1.8705766427869626,False,True,False,False,False,False,False,False,False,False,True,False
-0.2516342676064759,1.359783321852332,-0.025562339927722267,0.856585053147239,-0.1483223147216874,-0.9054816489526277,0.8491531300321995,-0.1466092664960373,-0.11140319605693756,-0.9054816489526276,False,False,False,True,False,False,False,False,False,False,False,True
-0.4134858601352079,-0.9160046645114042,0.36089193299531813,0.4837515153247193,-0.3703142332702895,1.6460708689929433,-0.39382702331403735,-0.24512214250241335,-0.11322018171687419,1.6460708689929433,False,False,False,False,True,False,False,False,False,False,True,False
0.6115742258800956,-0.2233735382267886,0.3125851488799378,-0.6347490981428399,0.3400599060852373,0.0728338242493009,0.08481511634597881,-0.1265023200320124,-0.1343035875561702,0.07283382424930089,False,True,False,False,False,False,False,False,True,False,False,False
0.39577210250845263,0.7660994993226621,1.182107262956778,-1.0075826359653597,-0.8967522115426888,-0.3634419948812888,1.643279339114518,-0.7810663426791814,-0.13410283822855956,-0.3634419948812886,False,False,False,False,False,True,False,True,False,False,False,False
0.6655247567230062,0.17241567679299158,-0.8467776698891822,1.2294185909697588,0.37177303730646616,-0.6542925409683488,-0.55427707578847,-0.12484401516899982,-0.11393567866068345,-0.6542925409683487,False,False,True,False,False,False,True,False,False,False,False,False
-1.114842761093047,-1.163372923898767,0.40919871711069794,0.4837515153247193,1.500760508782214,-1.8044742459489946,-0.5563080891109312,1.73926604848666,-0.12858792673565317,-1.8044742459489944,False,False,False,False,True,False,False,False,False,False,True,False
-0.6292879835068509,0.6176785436902441,-0.8467776698891822,0.856585053147239,1.2216849540354,0.257920535395612,-0.3775789167343483,1.0529058468028933,-0.12436237790451836,0.2579205353956121,False,True,False,False,False,False,True,False,False,False,False,False
0.39577210250845263,0.12294202491551877,-1.233231942812222,-1.3804161737878793,-1.175827766289503,1.05114929745123,-0.8772081940597963,-0.9438704226054221,-0.14260122643074316,1.05114929745123,False,False,False,False,False,True,False,False,False,True,False,False
-1.3306448844646899,0.4692575880578266,1.5685615358798182,0.11091797750219957,-0.1990633246756536,-1.0112454838933769,1.6960856854985085,0.35362875983704184,-0.12124041284147086,-1.0112454838933767,False,False,True,False,False,False,False,True,False,False,False,False
0.018118386608077613,0.5187312399352993,-1.2815387269276022,-0.26191556032032015,0.9933504092425521,-0.04615049005904159,-0.8067997322144757,0.4929313375655446,-0.1328034978835976,-0.04615049005904136,False,True,False,False,False,False,False,True,False,False,False,False
0.2878710408226311,-0.2728471901042614,0.07105122830303782,0.856585053147239,0.30200414861976266,-1.3814189061859983,-0.11354718481439585,-0.046265877044720814,-0.11731002314104476,-1.3814189061859983,False,False,False,False,False,True,True,False,False,False,False,False
0.8813268800946491,-1.3117938795311843,-0.3154030446200021,1.6022521287922782,-0.750871807925036,-0.42954439171925696,-0.9422006203785538,-0.773790879454694,-0.08209595540275656,-0.42954439171925685,False,False,False,False,False,True,False,False,False,True,False,False
0.018118386608077613,1.062941410587497,0.264278364764558,0.856585053147239,-0.7255013029480529,2.2938743580050307,0.9669519027349476,-0.6059455157348594,-0.09807446007564033,2.293874358005031,False,False,False,False,True,False,True,False,False,False,False,False
-0.1976837367635649,1.2113623662199144,0.988880126495258,-0.6347490981428399,0.2322352599330591,-0.2180167218377589,1.8646597912627854,0.09167291977126889,-0.1339160604658742,-0.21801672183775864,True,False,False,False,False,False,False,False,False,False,True,False
0.2339205099797206,0.12294202491551877,0.6024258535722181,0.4837515153247193,0.4161714210161866,1.3023384054355087,0.5634572560059947,0.04136335860110479,-0.12249053679198807,1.3023384054355087,True,False,False,False,False,False,True,False,False,False,False,False
1.0971290034662922,-0.2728471901042614,0.022744444187657992,1.6022521287922782,-0.6303619092843663,1.870819018242035,-0.14604339797377464,-0.7430707668410681,-0.08713806132175544,1.870819018242035,False,False,False,False,True,False,False,False,True,False,False,False
0.2878710408226311,0.4197839361803542,-0.7984708857738022,-1.3804161737878793,2.1984493956492495,0.42978676717432884,-0.41413715653864913,1.0884292254715024,-0.14260122643074316,0.42978676717432907,False,False,False,True,False,False,False,False,False,True,False,False
-0.9529911685643149,-1.2128465757762394,-1.3781522951583622,-0.6347490981428399,-0.6493897880171036,-0.05937096942663541,-1.319969098356332,-0.26002601250201846,-0.12855055793646628,-0.05937096942663529,False,False,False,False,True,False,False,False,False,True,False,False
0.9352774109375596,0.07346837303804642,1.133800478841398,1.6022521287922782,-1.537357462211512,-0.931922607687815,0.9331016806939281,-1.1893099067366486,0.006170557626306264,-0.9319226076878148,True,False,False,False,False,False,False,True,False,False,False,False
-0.2516342676064759,1.1124150624649694,-0.5569369651969022,0.11091797750219957,2.5282659603500295,0.27114101476320535,0.1274663961176631,1.69037794550593,-0.133892134388836,0.27114101476320535,False,False,True,False,False,False,False,False,False,True,False,False
-1.2227438227788685,1.4092569737298044,0.45750550122607775,0.4837515153247193,1.6656687911326042,-0.3634419948812888,1.4354389757826576,2.021383887687517,-0.12920546197645374,-0.3634419948812886,True,False,False,False,False,False,False,False,False,False,False,True
1.205030065152113,-0.47074179761415125,1.616868319995198,1.975085666614798,-1.3597639273726303,-0.3634419948812888,0.7096902152231993,-1.116606330374053,-0.016704749878040936,-0.3634419948812886,False,False,False,True,False,False,False,True,False,False,False,False
-1.4385459461505112,1.2113623662199144,-0.1704826922738622,0.4837515153247193,0.9870077829983064,-0.2047962424701653,0.5973074780470142,1.6360594487158453,-0.12623787026504804,-0.20479624247016506,False,False,False,False,False,True,False,False,True,False,False,False
-1.978051254579618,-0.7675837088789867,-0.8467776698891822,1.975085666614798,-0.47179625317822194,0.3769048497039545,-0.9273065226805053,0.606468429419461,-0.08637078433408168,0.3769048497039547,False,False,False,False,True,False,False,False,True,False,False,False
-0.5753374526639399,0.4197839361803542,-1.8129133521967822,0.4837515153247193,-1.936942915598996,0.654534916423421,-1.2955969384867978,-1.3653229198338355,0.2166488202979273,0.654534916423421,False,False,False,False,True,False,False,False,False,False,True,False
-0.1437332059206544,-0.07495258259437108,0.16766479653379793,-1.3804161737878793,-1.569070593432741,-0.8525997314822532,0.08684612966843983,-1.1315179822606671,-0.14260122643074316,-0.852599731482253,False,False,True,False,False,False,False,False,False,True,False,False
-0.8990406377214044,0.9639941068325519,0.11935801241841809,-1.0075826359653597,-0.47179625317822194,1.9633623738151902,0.7482794683499616,-0.1335501156998149,-0.1363533995311141,1.96336237381519,True,False,False,False,False,False,False,False,True,False,False,False
1.3668816576808456,-1.3117938795311843,-0.36370982873538216,-1.0075826359653597,-0.6557324142613494,-1.5004032204943412,-0.9604797402807044,-0.7920155966630891,-0.13554452908428713,-1.500403220494341,False,False,True,False,False,False,False,False,False,True,False,False
0.6115742258800956,0.12294202491551877,-1.233231942812222,0.11091797750219957,0.910896268067357,0.5884325195854528,-0.8772081940597963,0.1906484850191059,-0.1291770208629627,0.5884325195854527,True,False,False,False,False,False,False,True,False,False,False,False
0.6655247567230062,-0.4212681457366789,-0.12217590815848194,1.2294185909697588,2.376042930488131,0.6413144370558271,-0.3328966236402023,0.9756070919260175,-0.12683925856857356,0.6413144370558271,True,False,False,False,False,False,False,False,False,True,False,False
0.1260194482938991,0.02399472116057406,0.988880126495258,-1.0075826359653597,1.0060356617310438,0.8660625863049187,0.7760366504235979,0.4485978064606823,-0.13934875687188278,0.8660625863049187,False,False,True,False,False,False,True,False,False,False,False,False
-1.0069416994072253,0.6176785436902441,-0.5086301810815221,-0.6347490981428399,-1.9115724106220129,1.05114929745123,-0.0648028650753278,-1.3285430255961272,-0.021008902922577757,1.05114929745123,False,False,False,False,True,False,True,False,False,False,False,False
-0.8990406377214044,1.50820427748475,-0.3154030446200021,-1.0075826359653597,1.1265455603717134,0.03317238614652015,0.6013695046919367,1.1984832655148818,-0.1394711270137013,0.03317238614652015,False,False,False,False,False,True,False,False,True,False,False,False
1.4747827193666667,0.2713629805479367,-0.5569369651969022,-1.0075826359653597,-0.6113340305516289,0.8660625863049187,-0.27535124617046897,-0.7847664354047778,-0.1357583683978161,0.8660625863049187,False,False,True,False,False,False,False,False,False,False,False,True
-1.8161996620508862,0.17241567679299158,-0.7501641016584221,0.4837515153247193,-0.497166758155205,0.03317238614652015,-0.4770985695349454,0.41672008451708265,-0.11086025844668393,0.03317238614652015,False,True,False,False,False,False,False,False,True,False,False,False
1.0431784726233806,0.07346837303804642,0.5541190694568379,-1.3804161737878793,-0.7191586767038072,-0.680733499703536,0.48627874975247015,-0.780261974695356,-0.14260122643074316,-0.6807334997035358,False,False,False,True,False,False,True,False,False,False,False,False
-0.6832385143497613,-0.9160046645114042,0.8439597741491182,-1.0075826359653597,0.8030716219151789,0.5223301227474847,-0.15687546902690064,0.7692725093457018,-0.13911950791619215,0.5223301227474848,False,False,False,False,False,True,False,False,False,True,False,False
0.018118386608077613,0.6176785436902441,-0.4120166128507622,0.11091797750219957,0.3590877848179746,1.5535275134197875,0.024561721112963772,0.08744172380155794,-0.1261355992890124,1.5535275134197875,False,False,False,True,False,False,False,True,False,False,False,False
-0.08978267507774389,1.4092569737298044,-1.3298455110429823,0.4837515153247193,1.0504340454407641,-1.1831117156720938,-0.6185924976664072,0.5856228365991999,-0.1265697841832163,-1.1831117156720938,False,True,False,False,False,False,False,True,False,False,False,False
-1.7622491312079753,-1.1138992720212944,0.16766479653379793,-1.3804161737878793,0.2576057649100422,0.39012532907154834,-0.6240085331929703,1.2502845636732312,-0.14260122643074316,0.3901253290715483,False,False,False,True,False,False,False,True,False,False,False,False
-0.4134858601352079,-0.2233735382267886,1.9550158088028577,0.11091797750219957,-0.7952701916347564,1.7650551833012857,1.2127045147527495,-0.550237481105438,-0.11130023226032434,1.7650551833012855,False,False,False,True,False,False,False,False,False,False,False,True
-0.4134858601352079,-1.6086357907960196,-1.2815387269276022,-0.6347490981428399,1.450019498828248,-0.6014106234979743,-1.3890235513200118,1.0618644571851694,-0.1369152544681311,-0.6014106234979741,False,False,False,False,True,False,False,False,False,True,False,False
0.2878710408226311,-0.7675837088789867,-0.9433912381199421,0.11091797750219957,-0.08489605227922964,-0.7468358965415042,-0.978758860182855,-0.27775885782562243,-0.12246491807907246,-0.746835896541504,False,False,False,False,False,True,True,False,False,False,False,False
-1.492496476993422,2.2997827075243102,-1.1366183745814622,-0.26191556032032015,-0.4083699907357642,-0.31056007741091424,-0.11625520257767735,0.25783747038549104,-0.12457042560633841,-0.31056007741091407,False,False,False,False,False,True,True,False,False,False,False,False
-0.5753374526639399,0.6176785436902441,-0.3154030446200021,-1.3804161737878793,-0.3893421120030268,0.03317238614652015,0.11392630730125534,-0.20039050042026563,-0.14260122643074316,0.03317238614652015,False,False,False,False,True,False,False,False,True,False,False,False
-0.5753374526639399,0.12294202491551877,-0.5086301810815221,0.11091797750219957,0.8918683893346196,-0.7732768552766913,-0.3085244637706683,0.7640207648319518,-0.12909096826316924,-0.7732768552766911,False,True,False,False,False,False,False,False,False,False,True,False
0.9892279417804701,0.17241567679299158,-0.1704826922738622,-1.0075826359653597,1.4944178825379684,0.39012532907154834,-0.014027532013798511,0.3625062716878316,-0.13979358841012832,0.3901253290715483,False,False,True,False,False,False,False,False,False,True,False,False
-1.0069416994072253,-0.520215449491624,-2.247674409235202,0.11091797750219957,0.517653440924119,0.2843614941307992,-1.6733654164645757,0.7709169950015224,-0.1271420557157686,0.2843614941307993,False,True,False,False,False,False,False,False,True,False,False,False
1.3668816576808456,0.2713629805479367,2.2931632976105183,-1.3804161737878793,0.19417950246758445,1.328779364170696,2.081301212325311,-0.3872707597407097,-0.14260122643074316,1.328779364170696,True,False,False,False,False,False,False,False,False,False,False,True
-1.0608922302501365,1.1124150624649694,-0.7984708857738022,-0.26191556032032015,1.0440914191965183,-1.1434502775693132,-0.12979529139408535,1.276673904244466,-0.13296281054290077,-1.143450277569313,False,False,False,False,False,True,False,False,False,True,False,False
-1.3845954153076003,1.3103096699748598,-1.5230726475045022,0.11091797750219957,-0.35762898078179794,-0.7732768552766913,-0.860960087480107,0.2348846493170161,-0.11926985808231291,-0.7732768552766911,False,True,False,False,False,False,True,False,False,False,False,False
-0.3055847984493864,-1.6581094426734921,-0.4120166128507622,1.2294185909697588,-0.9728637264736382,-0.4559853504544443,-1.1588420414410787,-0.7012658353883341,-0.07900983884888654,-0.4559853504544442,False,False,False,False,False,True,False,False,False,False,True,False
-0.6292879835068509,0.4692575880578266,0.16766479653379793,0.4837515153247193,0.6318207133205429,0.05961334488170732,0.45919857211965465,0.6016158487957283,-0.12409185634167817,0.05961334488170732,False,False,False,False,False,True,True,False,False,False,False,False
1.3668816576808456,-1.3117938795311843,-0.0738691240431021,-1.3804161737878793,-0.47179625317822194,2.0955671674911267,-0.8508050208678011,-0.7044215647918278,-0.14260122643074316,2.0955671674911267,False,True,False,False,False,False,True,False,False,False,False,False
-1.3306448844646899,2.0029407962594754,-0.26709626050462226,-1.3804161737878793,-0.8396685753444768,0.03317238614652015,0.9358096984572095,-0.2692201823050154,-0.14260122643074316,0.03317238614652015,True,False,False,False,False,False,False,False,False,True,False,False
-0.8990406377214044,0.17241567679299158,0.5058122853414581,-0.6347490981428399,-0.4210552432242557,0.46944820527710984,0.5262220117608735,-0.09126334169299907,-0.1304885811770562,0.4694482052771098,False,True,False,False,False,False,False,False,False,True,False,False
-1.7082986003650646,-0.9654783163888768,-0.1704826922738622,0.4837515153247193,-2.0701380667281573,0.48266868464470364,-0.6835849239851647,-1.4655834969145116,7.760899801600008,0.48266868464470375,False,False,False,False,False,True,True,False,False,False,False,False
1.636634311895399,0.6671521955677169,-0.8467776698891822,0.11091797750219957,0.6064502083435598,0.17859765919005005,-0.3579457879505568,-0.25281524044719345,-0.1276537067559805,0.17859765919005027,False,True,False,False,False,False,False,False,False,False,False,True
0.5576236950371846,0.22188932867046393,1.5685615358798182,-1.0075826359653597,0.3083467748640084,0.9453854625104807,1.428668931374454,-0.12820058404835036,-0.13839723652221617,0.945385462510481,False,False,False,False,True,False,False,False,False,True,False,False
-1.8161996620508862,-0.37179449385920654,0.45750550122607775,0.4837515153247193,1.951086972123664,1.6725118277281306,0.07059802308875031,3.3464345298098057,-0.1301547681188837,1.6725118277281306,True,False,False,False,False,False,False,False,False,False,False,True
0.9892279417804701,1.062941410587497,-0.6535505334276622,-0.26191556032032015,-1.569070593432741,0.0728338242493009,0.002220574565890997,-1.208610024103862,-0.08332496872051254,0.07283382424930089,False,False,True,False,False,False,False,False,False,False,True,False
-0.4134858601352079,-0.12442623447184388,0.6990394218029777,1.975085666614798,1.9764574771006471,0.8660625863049187,0.4327953989276591,1.4398431602307074,-0.12033784325319176,0.8660625863049187,False,False,False,True,False,False,False,False,True,False,False,False
1.5287332502095772,1.1618887143424421,0.16766479653379793,0.856585053147239,0.6064502083435598,1.2891179260679149,0.9331016806939281,-0.2288000274478406,-0.1201799469185992,1.2891179260679149,False,False,False,False,True,False,True,False,False,False,False,False
-0.6832385143497613,0.7166258474451892,-0.21878947638924204,0.856585053147239,2.0018279820776304,-0.32378055677850803,0.2601592665184597,1.7016958761959895,-0.12785130227267644,-0.32378055677850787,False,True,False,False,False,False,False,False,False,False,False,True
-0.9529911685643149,-1.8065303983059098,-0.7501641016584221,-0.26191556032032015,1.6846966698653416,0.9057240244076997,-1.3165840761522298,1.7205327118899347,-0.1346044294377947,0.9057240244076998,False,False,True,False,False,False,False,False,False,False,False,True
-0.5213869218210294,-0.6686364051240415,-0.025562339927722267,-0.26191556032032015,-1.6642099870964275,-0.13869384563219714,-0.42767724535505713,-1.1648775484215994,-0.06964583232584393,-0.13869384563219714,False,False,True,False,False,False,False,False,False,False,True,False
1.6905848427383097,1.50820427748475,-0.4120166128507622,1.2294185909697588,0.060984351338423184,0.535550602115078,0.48763275863411093,-0.5092518386065242,-0.10976769100272225,0.5355506021150781,False,False,False,False,False,True,False,False,False,True,False,False
0.2339205099797206,-2.20231961332569,-0.0738691240431021,2.7207527422598377,-1.0109194839391127,0.3240229322335802,-1.3991786179323173,-0.8235933824473994,-0.03910299868272142,0.3240229322335804,False,False,True,False,False,False,False,False,False,False,False,True
0.7734258184088276,-1.4602148351636022,-0.701857317543042,0.4837515153247193,0.1307532400251267,0.48266868464470364,-1.1534260059145158,-0.284956208839161,-0.1198900165800801,0.48266868464470375,False,False,False,False,False,True,False,False,False,False,False,True
-1.7082986003650646,-0.9654783163888768,-0.1704826922738622,0.4837515153247193,-0.015127163592526116,1.474204637214226,-0.6835849239851647,0.8735970749747121,-0.11828276172911008,1.4742046372142261,False,True,False,False,False,False,True,False,False,False,False,False
0.39577210250845263,0.7166258474451892,1.3270276153029181,0.856585053147239,0.7777011169381958,-1.1566707569369066,1.7333209297436296,0.19575813687826288,-0.12152522368932782,-1.1566707569369066,False,True,False,False,False,False,False,False,False,False,True,False
-0.2516342676064759,0.22188932867046393,0.8439597741491182,-1.3804161737878793,1.6910392961095873,-0.04615049005904159,0.839675067860714,1.115775310472139,-0.14260122643074316,-0.04615049005904136,False,False,False,False,False,True,False,False,False,False,True,False
-0.35953532929229737,-0.4212681457366789,2.148242945264378,-1.3804161737878793,-0.053182921058000765,-1.5797260966999027,1.0989677686949235,-0.03936593723008872,-0.14260122643074316,-1.5797260966999027,False,False,True,False,False,False,False,False,False,False,True,False
-2.733358686380368,-0.6191627532465692,0.264278364764558,-1.3804161737878793,1.2724259639893662,1.0643697768188232,-0.22999194863550296,5.625139653592004,-0.14260122643074316,1.0643697768188232,False,False,False,True,False,False,False,False,False,True,False,False
-3.0570618714378326,0.4197839361803542,0.5058122853414581,0.11091797750219957,-0.7762423129020191,-0.7997178140118787,0.7191682773946848,2.3085110831937956,-0.11175829558964755,-0.7997178140118786,False,False,False,False,True,False,False,False,True,False,False,False
-0.0358321442348329,0.32083663242540905,1.9550158088028577,-0.6347490981428399,-0.2942027183393402,0.5091096433798908,1.8605977646178629,-0.31444353784008244,-0.131350691159525,0.509109643379891,False,True,False,False,False,False,False,False,False,False,False,True
0.1260194482938991,1.2608360180973874,-0.7501641016584221,0.4837515153247193,1.4436768725840021,-0.5353082266600061,-0.015381540895439022,0.7209246310645755,-0.12836068403789497,-0.5353082266600059,False,False,False,False,False,True,False,False,False,False,True,False
-1.4385459461505112,0.8155731512001344,-1.7162997839660221,1.6022521287922782,0.5113108146798732,2.042685250020752,-1.1520719970328748,1.153438658420665,-0.1116071047521912,2.042685250020752,False,False,False,True,False,False,False,False,False,True,False,False
0.9352774109375596,0.7660994993226621,0.264278364764558,-0.26191556032032015,0.3781156635507119,-1.8705766427869628,0.7557265171989859,-0.1960405706209983,-0.13034773646480402,-1.8705766427869626,False,True,False,False,False,False,False,False,True,False,False,False
1.5287332502095772,0.07346837303804642,1.5685615358798182,-1.3804161737878793,-0.32591584956056907,-0.5485287060275996,1.2682188789000215,-0.6596227052004486,-0.14260122643074316,-0.5485287060275995,True,False,False,False,False,False,False,True,False,False,False,False
0.8813268800946491,-2.6475824802229426,0.16766479653379793,-1.0075826359653597,-1.169485140045257,-0.3502215155136952,-1.6733654164645757,-0.9933019984563671,-0.13154737883909176,-0.350221515513695,False,False,False,False,True,False,False,False,False,False,False,True
2.0142880277957738,1.3103096699748598,-0.5086301810815221,0.4837515153247193,-1.169485140045257,0.42978676717432884,0.2764073730981492,-1.0834648299801946,-0.08733198847248616,0.42978676717432907,False,False,False,False,True,False,False,False,True,False,False,False
2.0142880277957738,0.7660994993226621,0.6507326376875979,-1.0075826359653597,2.0842821232528252,-0.5485287060275996,1.1294329685318416,0.2970061287332184,-0.14019162245878256,-0.5485287060275995,False,False,True,False,False,False,False,False,True,False,False,False
1.636634311895399,1.0134677587100247,0.022744444187657992,0.856585053147239,1.6973819223538331,-1.5136236998619346,0.6812560287087428,0.24148840910820632,-0.1266613924246307,-1.5136236998619346,False,False,False,False,True,False,False,False,False,False,False,True
1.7984859044241306,0.32083663242540905,0.45750550122607775,1.2294185909697588,-1.1631425138010114,1.077590256186417,0.6013695046919363,-1.0662527348312796,-0.06576163310266642,1.077590256186417,False,False,True,False,False,False,False,False,True,False,False,False
0.018118386608077613,2.2997827075243102,-0.3154030446200021,-0.6347490981428399,-0.8396685753444768,0.03317238614652015,1.0346523468169866,-0.6789336462123772,-0.12638891662965443,0.03317238614652015,False,False,False,True,False,False,False,True,False,False,False,False
-1.0608922302501365,0.8650468030776067,-1.233231942812222,1.975085666614798,1.1836291965699253,0.6413144370558271,-0.6639517952013734,1.3995449079623832,-0.11492359637149152,0.6413144370558271,True,False,False,False,False,False,False,False,False,False,True,False
