cleanliness_score,odor_score,waste_level,complaints,footfall,hours_since_cleaning,odor_x_waste,crowding_index,complaint_rate,hours_norm,location_Bangalore,location_Chennai,location_Delhi,location_Kolkata,location_Mumbai,location_Pune,facility_type_Bus Stand,facility_type_Hospital,facility_type_Market,facility_type_Park,facility_type_Public Toilet,facility_type_Railway Station
4.3,4.3,1.8,6,479,20.3,7.74,90.37735849056604,0.0125,0.8458333333333333,False,False,True,False,False,False,False,False,False,True,False,False
4.5,4.7,1.7,4,441,13.3,7.99,80.18181818181819,0.00904977375565611,0.5541666666666667,False,False,False,False,True,False,False,False,False,True,False,False
8.4,5.5,4.4,4,112,8.7,24.200000000000003,11.914893617021276,0.035398230088495575,0.3625,False,False,False,False,True,False,False,False,False,True,False,False
6.7,6.2,3.7,5,268,15.4,22.94,34.8051948051948,0.01858736059479554,0.6416666666666667,False,True,False,False,False,False,True,False,False,False,False,False
6.8,9.7,3.6,0,271,32.0,34.92,34.743589743589745,0.0,1.3333333333333333,False,False,False,False,True,False,True,False,False,False,False,False
3.3,2.5,3.7,6,218,9.4,9.25,50.697674418604656,0.0273972602739726,0.39166666666666666,False,True,False,False,False,False,True,False,False,False,False,False
8.0,3.9,2.7,4,109,12.2,10.530000000000001,12.11111111111111,0.03636363636363636,0.5083333333333333,False,False,False,False,False,True,False,False,True,False,False,False
4.2,4.4,2.9,5,584,20.9,12.76,112.3076923076923,0.008547008547008548,0.8708333333333332,False,False,True,False,False,False,False,False,True,False,False,False
6.6,7.7,6.3,4,451,18.3,48.51,59.3421052631579,0.008849557522123894,0.7625000000000001,False,True,False,False,False,False,False,False,False,False,True,False
4.4,7.6,5.6,5,195,14.7,42.559999999999995,36.11111111111111,0.025510204081632654,0.6124999999999999,False,True,False,False,False,False,True,False,False,False,False,False
6.9,4.8,4.9,3,420,21.3,23.52,53.164556962025316,0.007125890736342043,0.8875000000000001,False,False,True,False,False,False,False,False,False,False,False,True
5.5,7.9,7.0,3,438,22.0,55.300000000000004,67.38461538461539,0.00683371298405467,0.9166666666666666,True,False,False,False,False,False,True,False,False,False,False,False
3.2,4.0,6.4,4,339,13.6,25.6,80.71428571428571,0.011764705882352941,0.5666666666666667,True,False,False,False,False,False,False,False,True,False,False,False
4.6,7.1,4.1,8,376,10.5,29.109999999999996,67.14285714285715,0.021220159151193633,0.4375,False,False,True,False,False,False,False,False,True,False,False,False
10.0,5.3,4.7,0,337,13.5,24.91,30.636363636363637,0.0,0.5625,False,True,False,False,False,False,False,False,False,True,False,False
5.0,3.8,5.2,5,375,18.6,19.759999999999998,62.5,0.013297872340425532,0.775,False,False,True,False,False,False,False,False,True,False,False,False
8.5,5.3,2.6,6,535,8.1,13.78,56.31578947368421,0.011194029850746268,0.33749999999999997,False,False,False,True,False,False,False,True,False,False,False,False
8.6,8.8,6.7,0,589,16.0,58.96000000000001,61.35416666666667,0.0,0.6666666666666666,True,False,False,False,False,False,False,False,False,False,False,True
6.0,3.0,2.7,0,255,6.3,8.100000000000001,36.42857142857143,0.0,0.2625,True,False,False,False,False,False,False,False,True,False,False,False
7.9,8.1,2.4,4,107,13.5,19.439999999999998,12.022471910112358,0.037037037037037035,0.5625,False,True,False,False,False,False,True,False,False,False,False,False
6.2,5.8,2.4,0,580,16.8,13.92,80.55555555555556,0.0,0.7000000000000001,False,False,False,False,True,False,False,False,False,False,True,False
9.4,6.2,4.5,6,343,3.9,27.900000000000002,32.980769230769226,0.01744186046511628,0.1625,False,False,False,False,False,True,False,True,False,False,False,False
7.6,0.6,0.3,4,84,20.1,0.18,9.767441860465116,0.047058823529411764,0.8375,False,False,True,False,False,False,False,False,False,True,False,False
3.2,4.4,2.1,6,340,18.3,9.240000000000002,80.95238095238095,0.017595307917888565,0.7625000000000001,False,True,False,False,False,False,False,False,False,False,True,False
5.5,5.8,1.2,2,376,4.8,6.96,57.84615384615385,0.005305039787798408,0.19999999999999998,False,False,False,True,False,False,True,False,False,False,False,False
10.0,5.4,2.4,2,485,8.6,12.96,44.09090909090909,0.00411522633744856,0.35833333333333334,True,False,False,False,False,False,False,False,False,True,False,False
5.7,4.8,3.5,0,302,12.3,16.8,45.07462686567164,0.0,0.5125000000000001,False,False,False,False,False,True,False,False,False,True,False,False
4.8,5.4,7.0,9,713,6.8,37.800000000000004,122.93103448275862,0.012605042016806723,0.2833333333333333,False,False,False,False,True,False,True,False,False,False,False,False
3.2,4.6,5.2,5,64,15.3,23.919999999999998,15.238095238095237,0.07692307692307693,0.6375000000000001,False,False,True,False,False,False,False,False,False,False,False,True
6.5,5.0,5.0,5,124,13.1,25.0,16.533333333333335,0.04,0.5458333333333333,False,False,False,True,False,False,True,False,False,False,False,False
3.6,4.0,3.7,4,460,14.9,14.8,100.00000000000001,0.008676789587852495,0.6208333333333333,False,False,False,False,True,False,False,False,True,False,False,False
7.2,8.8,3.6,6,105,6.6,31.680000000000003,12.80487804878049,0.05660377358490566,0.27499999999999997,False,False,False,False,False,True,False,False,False,False,False,True
5.5,0.1,4.3,2,100,21.2,0.43,15.384615384615385,0.019801980198019802,0.8833333333333333,False,True,False,False,False,False,False,False,True,False,False,False
5.2,4.3,3.7,7,404,27.9,15.91,65.16129032258064,0.01728395061728395,1.1624999999999999,False,False,False,False,False,True,False,True,False,False,False,False
7.2,6.5,5.5,8,593,6.7,35.75,72.31707317073172,0.013468013468013467,0.2791666666666667,False,True,False,False,False,False,False,True,False,False,False,False
5.7,5.4,3.5,5,316,14.8,18.900000000000002,47.16417910447761,0.015772870662460567,0.6166666666666667,True,False,False,False,False,False,False,False,True,False,False,False
7.9,6.8,5.3,2,216,20.8,36.04,24.269662921348313,0.009216589861751152,0.8666666666666667,True,False,False,False,False,False,False,False,False,False,True,False
6.1,7.5,2.7,0,387,11.2,20.25,54.50704225352113,0.0,0.4666666666666666,False,False,False,False,False,True,False,False,False,True,False,False
3.2,1.6,0.3,6,410,8.4,0.48,97.61904761904762,0.014598540145985401,0.35000000000000003,False,True,False,False,False,False,False,True,False,False,False,False
6.6,6.7,7.2,5,514,12.7,48.24,67.63157894736842,0.009708737864077669,0.5291666666666667,True,False,False,False,False,False,False,False,True,False,False,False
4.8,4.0,3.0,5,232,15.9,12.0,40.0,0.02145922746781116,0.6625,False,True,False,False,False,False,False,False,True,False,False,False
4.8,8.5,3.5,6,215,6.6,29.75,37.06896551724138,0.027777777777777776,0.27499999999999997,True,False,False,False,False,False,True,False,False,False,False,False
6.6,4.2,4.6,0,309,16.1,19.32,40.65789473684211,0.0,0.6708333333333334,True,False,False,False,False,False,False,False,True,False,False,False
4.5,6.0,3.8,6,332,14.6,22.799999999999997,60.36363636363637,0.018018018018018018,0.6083333333333333,False,False,False,False,False,True,False,False,False,False,True,False
6.0,3.7,3.2,3,206,0.8,11.840000000000002,29.428571428571427,0.014492753623188406,0.03333333333333333,False,False,False,False,True,False,False,False,False,False,False,True
4.8,3.4,8.4,5,327,16.3,28.56,56.37931034482759,0.01524390243902439,0.6791666666666667,False,False,False,True,False,False,False,False,False,False,False,True
8.3,9.0,7.4,6,105,1.2,66.60000000000001,11.29032258064516,0.05660377358490566,0.049999999999999996,True,False,False,False,False,False,False,False,False,False,False,True
6.3,5.5,3.6,1,291,20.3,19.8,39.86301369863014,0.003424657534246575,0.8458333333333333,True,False,False,False,False,False,False,False,False,False,False,True
7.5,5.0,5.8,4,487,22.5,29.0,57.294117647058826,0.00819672131147541,0.9375,False,False,True,False,False,False,False,False,False,True,False,False
5.7,7.3,7.2,1,190,20.3,52.56,28.35820895522388,0.005235602094240838,0.8458333333333333,False,False,False,True,False,False,False,False,False,False,False,True
10.0,5.6,5.0,6,371,0.0,28.0,33.72727272727273,0.016129032258064516,0.0,False,False,False,True,False,False,True,False,False,False,False,False
4.4,2.5,1.5,4,121,12.1,3.75,22.407407407407405,0.03278688524590164,0.5041666666666667,False,False,True,False,False,False,False,False,False,False,False,True
7.1,7.1,6.4,4,178,5.9,45.44,21.97530864197531,0.0223463687150838,0.24583333333333335,False,False,True,False,False,False,False,False,False,False,True,False
5.4,5.4,6.9,6,90,6.0,37.260000000000005,14.0625,0.06593406593406594,0.25,False,False,False,False,False,True,False,False,False,True,False,False
7.1,4.5,0.5,0,56,18.8,2.25,6.913580246913581,0.0,0.7833333333333333,True,False,False,False,False,False,True,False,False,False,False,False
8.6,3.9,4.4,3,315,28.5,17.16,32.8125,0.00949367088607595,1.1875,False,True,False,False,False,False,False,False,False,False,False,True
2.9,4.1,6.8,2,277,5.9,27.879999999999995,71.02564102564102,0.007194244604316547,0.24583333333333335,False,False,False,False,False,True,True,False,False,False,False,False
5.4,5.4,1.8,0,213,13.7,9.72,33.28125,0.0,0.5708333333333333,False,False,False,False,True,False,False,False,False,True,False,False
6.3,4.3,3.9,0,251,15.6,16.77,34.38356164383562,0.0,0.65,False,True,False,False,False,False,False,False,False,False,False,True
5.2,6.6,3.3,8,540,16.1,21.779999999999998,87.09677419354838,0.014787430683918669,0.6708333333333334,True,False,False,False,False,False,False,False,False,True,False,False
7.4,4.8,4.5,1,326,20.3,21.599999999999998,38.80952380952381,0.0030581039755351682,0.8458333333333333,False,False,True,False,False,False,False,False,False,False,True,False
5.1,5.0,2.1,4,509,22.6,10.5,83.44262295081968,0.00784313725490196,0.9416666666666668,True,False,False,False,False,False,True,False,False,False,False,False
7.5,5.2,6.7,1,252,15.4,34.84,29.647058823529413,0.003952569169960474,0.6416666666666667,False,False,False,False,False,True,False,False,False,False,False,True
10.0,3.6,3.4,3,241,15.1,12.24,21.90909090909091,0.012396694214876033,0.6291666666666667,False,False,False,False,True,False,False,True,False,False,False,False
6.3,5.7,5.7,1,337,5.0,32.49,46.16438356164384,0.0029585798816568047,0.20833333333333334,False,True,False,False,False,False,False,True,False,False,False,False
5.4,4.6,4.4,2,0,30.6,20.24,0.0,2.0,1.2750000000000001,False,False,True,False,False,False,False,False,False,False,True,False
7.3,4.3,0.3,2,545,7.3,1.2899999999999998,65.66265060240963,0.003663003663003663,0.30416666666666664,False,False,True,False,False,False,False,False,False,True,False,False
7.0,3.9,4.1,7,295,10.6,15.989999999999998,36.875,0.02364864864864865,0.44166666666666665,True,False,False,False,False,False,False,False,False,False,False,True
7.3,4.3,6.0,2,247,13.0,25.799999999999997,29.75903614457831,0.008064516129032258,0.5416666666666666,True,False,False,False,False,False,False,False,False,False,True,False
5.7,5.5,1.4,3,209,10.9,7.699999999999999,31.19402985074627,0.014285714285714285,0.45416666666666666,True,False,False,False,False,False,False,False,True,False,False,False
3.4,7.2,3.7,0,412,16.9,26.64,93.63636363636363,0.0,0.7041666666666666,False,False,True,False,False,False,False,False,False,False,True,False
7.7,2.5,9.1,4,492,10.2,22.75,56.55172413793104,0.008113590263691683,0.425,False,False,False,True,False,False,False,True,False,False,False,False
9.1,0.0,5.6,4,333,10.2,0.0,32.97029702970297,0.011976047904191617,0.425,False,False,False,False,False,True,False,False,True,False,False,False
7.1,9.0,3.5,4,132,27.2,31.5,16.296296296296298,0.03007518796992481,1.1333333333333333,False,True,False,False,False,False,False,False,True,False,False,False
10.0,7.1,4.3,4,180,21.0,30.529999999999998,16.363636363636363,0.022099447513812154,0.875,False,False,True,False,False,False,False,False,False,False,True,False
6.8,8.9,5.8,2,622,3.8,51.62,79.74358974358975,0.0032102728731942215,0.15833333333333333,False,True,False,False,False,False,False,False,False,True,False,False
4.2,4.3,2.5,6,362,20.7,10.75,69.61538461538461,0.01652892561983471,0.8624999999999999,False,True,False,False,False,False,False,False,True,False,False,False
6.5,5.6,2.8,0,258,20.9,15.679999999999998,34.4,0.0,0.8708333333333332,False,True,False,False,False,False,False,False,False,True,False,False
3.9,4.2,8.4,3,405,18.2,35.28,82.65306122448979,0.007389162561576354,0.7583333333333333,False,False,True,False,False,False,False,False,False,False,False,True
5.4,5.2,5.3,2,175,24.1,27.56,27.34375,0.011363636363636364,1.0041666666666667,False,False,False,True,False,False,False,False,False,False,True,False
9.6,5.1,8.1,6,429,0.0,41.309999999999995,40.47169811320755,0.013953488372093023,0.0,False,True,False,False,False,False,False,False,False,False,False,True
5.8,3.1,6.4,2,399,15.5,19.840000000000003,58.6764705882353,0.005,0.6458333333333334,True,False,False,False,False,False,False,True,False,False,False,False
6.6,6.1,1.5,11,298,16.5,9.149999999999999,39.21052631578947,0.03678929765886288,0.6875,False,False,True,False,False,False,False,False,True,False,False,False
5.5,6.4,5.7,11,205,14.5,36.480000000000004,31.53846153846154,0.05339805825242718,0.6041666666666666,False,False,False,True,False,False,False,False,False,True,False,False
7.0,3.5,8.8,6,87,8.8,30.800000000000004,10.875,0.06818181818181818,0.3666666666666667,False,True,False,False,False,False,True,False,False,False,False,False
7.2,4.9,5.6,5,347,16.9,27.44,42.31707317073171,0.014367816091954023,0.7041666666666666,False,True,False,False,False,False,False,False,False,False,True,False
3.9,8.8,5.6,1,629,1.1,49.28,128.3673469387755,0.0015873015873015873,0.04583333333333334,False,False,False,True,False,False,False,False,False,False,False,True
3.8,1.9,6.9,6,69,11.2,13.11,14.375,0.08571428571428572,0.4666666666666666,False,False,False,False,True,False,False,False,True,False,False,False
5.1,5.4,4.5,0,375,4.0,24.3,61.47540983606558,0.0,0.16666666666666666,False,False,False,False,True,False,False,False,False,False,True,False
7.0,3.4,2.8,4,327,8.1,9.52,40.875,0.012195121951219513,0.33749999999999997,True,False,False,False,False,False,False,False,False,True,False,False
4.0,10.0,3.3,1,239,13.6,33.0,47.8,0.004166666666666667,0.5666666666666667,False,False,False,True,False,False,True,False,False,False,False,False
8.8,2.6,9.3,8,156,4.7,24.180000000000003,15.918367346938775,0.050955414012738856,0.19583333333333333,False,False,True,False,False,False,False,False,True,False,False,False
5.0,5.7,9.2,3,291,11.1,52.44,48.5,0.010273972602739725,0.46249999999999997,False,False,True,False,False,False,False,False,False,True,False,False
8.0,1.8,2.3,1,160,10.7,4.14,17.77777777777778,0.006211180124223602,0.4458333333333333,False,False,False,True,False,False,False,False,False,False,False,True
5.5,4.5,10.0,1,433,8.8,45.0,66.61538461538461,0.002304147465437788,0.3666666666666667,False,False,False,True,False,False,True,False,False,False,False,False
8.7,4.4,4.7,3,371,4.3,20.680000000000003,38.24742268041238,0.008064516129032258,0.17916666666666667,False,True,False,False,False,False,False,False,False,True,False,False
5.6,7.2,6.4,0,97,6.2,46.080000000000005,14.696969696969697,0.0,0.25833333333333336,False,False,True,False,False,False,True,False,False,False,False,False
7.3,5.3,1.2,8,431,18.4,6.359999999999999,51.92771084337349,0.018518518518518517,0.7666666666666666,False,False,False,False,False,True,False,False,False,False,False,True
8.4,3.6,6.3,7,247,0.0,22.68,26.27659574468085,0.028225806451612902,0.0,False,False,False,False,True,False,True,False,False,False,False,False
5.5,7.1,3.5,0,193,14.2,24.849999999999998,29.692307692307693,0.0,0.5916666666666667,False,False,True,False,False,False,True,False,False,False,False,False
8.3,3.8,2.5,7,195,19.9,9.5,20.96774193548387,0.03571428571428571,0.8291666666666666,False,False,True,False,False,False,False,False,False,False,False,True
7.8,6.5,4.5,10,287,12.7,29.25,32.61363636363636,0.034722222222222224,0.5291666666666667,False,False,False,False,False,True,False,False,False,False,False,True
3.0,8.0,8.3,0,239,11.2,66.4,59.75,0.0,0.4666666666666666,False,False,False,False,False,True,True,False,False,False,False,False
6.0,9.3,7.4,5,246,11.3,68.82000000000001,35.142857142857146,0.020242914979757085,0.4708333333333334,False,False,False,False,False,True,False,False,False,True,False,False
4.4,7.6,2.6,0,396,10.5,19.759999999999998,73.33333333333333,0.0,0.4375,True,False,False,False,False,False,False,False,False,False,True,False
8.0,4.0,4.6,0,92,13.6,18.4,10.222222222222221,0.0,0.5666666666666667,False,False,True,False,False,False,True,False,False,False,False,False
5.2,3.3,0.9,0,0,32.4,2.9699999999999998,0.0,0.0,1.3499999999999999,False,False,False,False,True,False,False,False,False,False,True,False
1.7,1.4,4.6,0,203,16.7,6.4399999999999995,75.18518518518518,0.0,0.6958333333333333,True,False,False,False,False,False,False,False,False,False,True,False
5.6,2.3,4.5,1,365,15.6,10.35,55.303030303030305,0.00273224043715847,0.65,False,False,False,False,False,True,False,False,False,True,False,False
5.5,5.8,4.1,0,433,9.8,23.779999999999998,66.61538461538461,0.0,0.4083333333333334,False,False,False,True,False,False,False,True,False,False,False,False
5.0,5.8,3.8,7,168,6.6,22.04,28.0,0.04142011834319527,0.27499999999999997,False,False,False,False,False,True,False,False,False,True,False,False
3.3,5.8,0.0,5,545,17.3,0.0,126.74418604651163,0.009157509157509158,0.7208333333333333,False,False,False,True,False,False,False,False,False,True,False,False
9.6,4.2,2.4,2,264,20.5,10.08,24.90566037735849,0.007547169811320755,0.8541666666666666,False,False,False,False,False,True,False,False,False,True,False,False
8.8,3.2,10.0,5,471,10.4,32.0,48.06122448979591,0.01059322033898305,0.43333333333333335,True,False,False,False,False,False,False,False,False,False,True,False
6.8,1.7,5.0,10,513,13.1,8.5,65.76923076923077,0.019455252918287938,0.5458333333333333,False,False,False,False,False,True,True,False,False,False,False,False
7.0,5.1,2.9,0,449,10.1,14.79,56.125,0.0,0.42083333333333334,False,False,True,False,False,False,False,False,True,False,False,False
1.9,2.7,1.9,3,264,15.6,5.13,91.0344827586207,0.011320754716981131,0.65,True,False,False,False,False,False,False,True,False,False,False,False
6.2,6.0,6.7,3,359,27.0,40.2,49.86111111111111,0.008333333333333333,1.125,True,False,False,False,False,False,False,False,False,False,True,False
8.1,7.9,4.5,4,357,23.5,35.550000000000004,39.23076923076923,0.0111731843575419,0.9791666666666666,False,False,False,True,False,False,False,False,False,False,False,True
4.4,6.5,2.1,3,388,6.9,13.65,71.85185185185185,0.007712082262210797,0.28750000000000003,False,False,False,False,False,True,True,False,False,False,False,False
6.1,5.3,7.6,3,455,11.8,40.279999999999994,64.08450704225352,0.006578947368421052,0.4916666666666667,False,False,True,False,False,False,True,False,False,False,False,False
6.0,3.8,1.6,6,532,25.3,6.08,76.0,0.01125703564727955,1.0541666666666667,False,False,True,False,False,False,False,False,False,False,True,False
4.4,6.5,3.4,6,551,19.6,22.099999999999998,102.03703703703702,0.010869565217391304,0.8166666666666668,False,True,False,False,False,False,False,False,False,False,True,False
4.9,1.7,6.6,6,66,13.1,11.219999999999999,11.1864406779661,0.08955223880597014,0.5458333333333333,False,False,True,False,False,False,True,False,False,False,False,False
6.1,3.6,4.0,4,274,9.7,14.4,38.59154929577465,0.014545454545454545,0.4041666666666666,True,False,False,False,False,False,False,False,False,False,False,True
8.1,3.9,4.0,4,191,6.7,15.6,20.98901098901099,0.020833333333333332,0.2791666666666667,True,False,False,False,False,False,False,False,True,False,False,False
7.3,7.9,1.0,1,335,23.4,7.9,40.361445783132524,0.002976190476190476,0.975,False,False,False,True,False,False,False,False,True,False,False,False
8.7,4.6,6.1,7,490,13.7,28.059999999999995,50.51546391752578,0.014256619144602852,0.5708333333333333,False,False,False,False,False,True,False,False,False,True,False,False
4.4,2.4,5.3,8,251,14.4,12.719999999999999,46.48148148148148,0.031746031746031744,0.6,False,False,True,False,False,False,False,False,True,False,False,False
7.0,7.9,0.3,14,411,0.9,2.37,51.375,0.03398058252427184,0.0375,True,False,False,False,False,False,False,False,True,False,False,False
6.9,3.6,0.6,4,376,20.3,2.16,47.59493670886076,0.010610079575596816,0.8458333333333333,False,False,True,False,False,False,False,False,False,False,False,True
6.9,6.5,5.8,4,475,19.1,37.699999999999996,60.12658227848101,0.008403361344537815,0.7958333333333334,False,False,True,False,False,False,False,False,False,False,False,True
5.1,7.5,3.4,1,529,3.8,25.5,86.72131147540983,0.0018867924528301887,0.15833333333333333,False,False,True,False,False,False,False,False,False,False,True,False
3.3,8.4,4.2,4,203,3.1,35.28,47.2093023255814,0.0196078431372549,0.12916666666666668,False,True,False,False,False,False,False,True,False,False,False,False
8.2,7.6,5.8,0,0,15.1,44.08,0.0,0.0,0.6291666666666667,True,False,False,False,False,False,False,False,False,True,False,False
5.9,4.6,3.2,3,229,23.9,14.719999999999999,33.188405797101446,0.013043478260869565,0.9958333333333332,False,False,False,False,False,True,False,False,True,False,False,False
6.6,6.9,6.5,9,322,19.3,44.85,42.36842105263158,0.02786377708978328,0.8041666666666667,False,False,True,False,False,False,False,False,True,False,False,False
6.1,5.8,8.5,1,387,8.0,49.3,54.50704225352113,0.002577319587628866,0.3333333333333333,False,False,False,False,True,False,False,False,False,True,False,False
8.0,3.0,6.1,7,391,20.2,18.299999999999997,43.44444444444444,0.017857142857142856,0.8416666666666667,True,False,False,False,False,False,False,False,False,False,True,False
5.1,3.9,5.1,0,165,18.3,19.889999999999997,27.049180327868854,0.0,0.7625000000000001,True,False,False,False,False,False,False,False,True,False,False,False
5.5,5.6,7.9,9,88,28.4,44.24,13.538461538461538,0.10112359550561797,1.1833333333333333,False,False,False,True,False,False,False,False,False,False,True,False
8.0,6.8,2.6,4,198,12.4,17.68,22.0,0.020100502512562814,0.5166666666666667,True,False,False,False,False,False,True,False,False,False,False,False
4.6,8.0,4.2,0,176,2.8,33.6,31.42857142857143,0.0,0.11666666666666665,False,False,False,True,False,False,False,False,True,False,False,False
7.7,4.8,2.1,0,529,0.1,10.08,60.80459770114943,0.0,0.004166666666666667,True,False,False,False,False,False,False,False,True,False,False,False
7.6,6.7,2.8,3,264,8.6,18.759999999999998,30.697674418604652,0.011320754716981131,0.35833333333333334,False,False,False,False,False,True,False,False,False,True,False,False
7.4,5.2,6.0,3,269,7.1,31.200000000000003,32.023809523809526,0.011111111111111112,0.29583333333333334,False,False,False,False,True,False,False,False,False,True,False,False
4.7,6.0,2.9,6,432,11.4,17.4,75.78947368421052,0.013856812933025405,0.47500000000000003,False,False,True,False,False,False,False,False,False,True,False,False
7.8,6.2,2.2,4,520,6.6,13.640000000000002,59.090909090909086,0.007677543186180422,0.27499999999999997,False,False,False,False,False,True,False,False,False,True,False,False
5.2,8.9,2.2,0,553,11.2,19.580000000000002,89.19354838709677,0.0,0.4666666666666666,False,False,False,False,True,False,False,False,False,False,True,False
10.0,9.1,3.4,2,430,22.5,30.939999999999998,39.09090909090909,0.004640371229698376,0.9375,False,True,False,False,False,False,False,False,False,False,True,False
5.8,0.0,4.5,7,302,15.0,0.0,44.411764705882355,0.0231023102310231,0.625,False,False,False,True,False,False,False,False,True,False,False,False
3.5,4.2,8.2,2,220,4.8,34.44,48.888888888888886,0.00904977375565611,0.19999999999999998,False,False,True,False,False,False,True,False,False,False,False,False
7.3,7.2,3.7,0,0,10.5,26.64,0.0,0.0,0.4375,False,False,False,False,True,False,False,True,False,False,False,False
4.7,3.7,7.3,8,301,14.5,27.01,52.80701754385965,0.026490066225165563,0.6041666666666666,True,False,False,False,False,False,False,False,False,True,False,False
8.2,9.5,5.0,0,194,2.6,47.5,21.086956521739133,0.0,0.10833333333333334,False,False,False,False,True,False,False,False,True,False,False,False
5.0,5.9,4.8,2,255,21.9,28.32,42.5,0.0078125,0.9125,False,False,True,False,False,False,True,False,False,False,False,False
6.4,4.1,3.8,1,446,18.0,15.579999999999998,60.27027027027027,0.0022371364653243847,0.75,True,False,False,False,False,False,False,False,False,False,False,True
8.7,8.3,5.6,0,199,10.0,46.480000000000004,20.515463917525775,0.0,0.4166666666666667,True,False,False,False,False,False,False,False,False,True,False,False
5.0,8.0,6.4,6,287,17.6,51.2,47.833333333333336,0.020833333333333332,0.7333333333333334,False,True,False,False,False,False,False,False,False,True,False,False
4.8,9.9,0.0,7,281,16.9,0.0,48.44827586206897,0.024822695035460994,0.7041666666666666,False,False,False,False,True,False,False,False,False,False,False,True
7.7,5.7,5.8,4,598,13.7,33.06,68.73563218390805,0.00667779632721202,0.5708333333333333,False,False,False,False,True,False,False,True,False,False,False,False
8.3,6.6,6.9,6,363,18.6,45.54,39.03225806451613,0.016483516483516484,0.775,True,False,False,False,False,False,False,False,False,True,False,False
5.9,3.5,7.6,4,0,14.4,26.599999999999998,0.0,4.0,0.6,False,True,False,False,False,False,False,True,False,False,False,False
6.0,5.1,4.7,4,204,7.2,23.97,29.142857142857142,0.01951219512195122,0.3,False,False,False,False,False,True,True,False,False,False,False,False
3.3,9.3,7.4,8,440,13.5,68.82000000000001,102.32558139534885,0.018140589569160998,0.5625,False,False,False,False,False,True,False,False,True,False,False,False
5.8,1.9,5.3,0,398,20.9,10.069999999999999,58.529411764705884,0.0,0.8708333333333332,False,True,False,False,False,False,True,False,False,False,False,False
2.7,8.3,6.0,3,380,9.2,49.800000000000004,102.7027027027027,0.007874015748031496,0.3833333333333333,False,False,False,True,False,False,False,False,False,True,False,False
4.5,5.9,3.4,3,199,16.6,20.060000000000002,36.18181818181818,0.015,0.6916666666666668,False,False,False,True,False,False,False,False,False,False,True,False
6.3,8.0,3.7,4,139,23.6,29.6,19.041095890410958,0.02857142857142857,0.9833333333333334,False,False,True,False,False,False,False,False,True,False,False,False
8.5,7.8,1.3,1,467,3.8,10.14,49.1578947368421,0.002136752136752137,0.15833333333333333,False,True,False,False,False,False,False,False,False,False,False,True
8.0,4.4,6.2,7,230,9.7,27.280000000000005,25.555555555555557,0.030303030303030304,0.4041666666666666,True,False,False,False,False,False,True,False,False,False,False,False
6.8,5.4,7.0,1,477,10.7,37.800000000000004,61.15384615384615,0.0020920502092050207,0.4458333333333333,False,False,False,False,False,True,True,False,False,False,False,False
3.1,6.8,6.9,3,201,17.8,46.92,49.024390243902445,0.01485148514851485,0.7416666666666667,True,False,False,False,False,False,False,True,False,False,False,False
7.2,0.0,4.9,3,553,8.4,0.0,67.43902439024392,0.005415162454873646,0.35000000000000003,False,False,False,False,False,True,False,False,True,False,False,False
7.0,5.3,4.9,1,204,8.4,25.970000000000002,25.5,0.004878048780487805,0.35000000000000003,False,True,False,False,False,False,False,False,False,False,False,True
4.8,6.2,8.7,6,162,18.5,53.94,27.931034482758623,0.03680981595092025,0.7708333333333334,False,True,False,False,False,False,False,False,False,False,True,False
5.5,8.1,3.9,2,253,8.3,31.589999999999996,38.92307692307692,0.007874015748031496,0.3458333333333334,False,False,False,False,True,False,False,False,False,False,False,True
6.7,3.7,7.5,0,579,18.8,27.75,75.1948051948052,0.0,0.7833333333333333,False,True,False,False,False,False,False,False,False,False,True,False
7.4,5.3,3.2,7,281,9.1,16.96,33.45238095238095,0.024822695035460994,0.37916666666666665,False,True,False,False,False,False,False,False,True,False,False,False
10.0,5.9,5.9,6,488,13.6,34.81,44.36363636363637,0.012269938650306749,0.5666666666666667,False,False,True,False,False,False,False,False,False,False,False,True
3.8,2.3,4.1,0,425,12.2,9.429999999999998,88.54166666666667,0.0,0.5083333333333333,False,True,False,False,False,False,False,False,False,True,False,False
6.7,4.9,1.4,3,472,20.5,6.86,61.298701298701296,0.006342494714587738,0.8541666666666666,True,False,False,False,False,False,False,False,True,False,False,False
8.2,7.9,4.9,6,506,15.0,38.71000000000001,55.00000000000001,0.011834319526627219,0.625,False,True,False,False,False,False,True,False,False,False,False,False
3.8,6.6,6.2,4,243,19.3,40.92,50.625,0.01639344262295082,0.8041666666666667,False,False,False,False,True,False,False,True,False,False,False,False
8.4,5.4,5.7,8,381,15.7,30.780000000000005,40.53191489361702,0.020942408376963352,0.6541666666666667,False,False,True,False,False,False,False,False,False,False,True,False
7.0,2.3,6.8,4,235,16.3,15.639999999999999,29.375,0.01694915254237288,0.6791666666666667,False,False,False,False,True,False,False,False,True,False,False,False
6.6,5.3,7.0,5,427,20.2,37.1,56.184210526315795,0.011682242990654205,0.8416666666666667,False,False,False,False,True,False,False,True,False,False,False,False
6.5,3.9,3.9,6,402,14.4,15.209999999999999,53.6,0.01488833746898263,0.6,False,False,True,False,False,False,False,False,False,True,False,False
6.6,2.9,3.2,1,251,18.1,9.28,33.026315789473685,0.003968253968253968,0.7541666666666668,True,False,False,False,False,False,True,False,False,False,False,False
6.3,5.6,7.1,1,301,18.7,39.76,41.23287671232877,0.0033112582781456954,0.7791666666666667,False,True,False,False,False,False,False,False,False,False,True,False
6.1,7.4,1.6,5,333,4.9,11.840000000000002,46.901408450704224,0.014970059880239521,0.2041666666666667,False,False,False,True,False,False,False,True,False,False,False,False
5.9,9.1,3.2,7,151,10.3,29.12,21.884057971014492,0.046052631578947366,0.4291666666666667,False,False,False,False,False,True,False,False,True,False,False,False
7.7,1.0,4.4,0,184,11.7,4.4,21.149425287356323,0.0,0.4875,False,False,True,False,False,False,True,False,False,False,False,False
4.5,7.8,4.4,4,364,3.4,34.32,66.18181818181819,0.010958904109589041,0.14166666666666666,False,False,False,False,False,True,False,True,False,False,False,False
6.4,10.0,3.3,6,296,14.4,33.0,40.0,0.020202020202020204,0.6,False,False,False,False,True,False,False,False,False,False,True,False
6.6,5.2,3.7,0,335,10.2,19.240000000000002,44.078947368421055,0.0,0.425,False,False,False,False,True,False,False,False,False,True,False,False
5.9,5.1,5.2,1,385,5.6,26.52,55.79710144927536,0.0025906735751295338,0.2333333333333333,False,False,False,False,True,False,True,False,False,False,False,False
7.9,1.9,0.9,2,187,0.0,1.71,21.01123595505618,0.010638297872340425,0.0,False,False,True,False,False,False,False,True,False,False,False,False
6.6,5.5,1.6,8,518,11.2,8.8,68.15789473684211,0.015414258188824663,0.4666666666666666,False,False,False,True,False,False,False,False,False,False,True,False
8.7,7.5,4.6,4,414,10.8,34.5,42.680412371134025,0.00963855421686747,0.45,False,False,False,False,True,False,False,True,False,False,False,False
5.3,5.5,0.0,0,478,16.0,0.0,75.87301587301587,0.0,0.6666666666666666,False,False,False,True,False,False,False,False,True,False,False,False
7.4,5.4,5.5,1,262,1.4,29.700000000000003,31.19047619047619,0.0038022813688212928,0.05833333333333333,False,False,False,False,True,False,False,False,False,True,False,False
6.3,6.6,5.1,3,359,26.2,33.66,49.178082191780824,0.008333333333333333,1.0916666666666666,False,False,True,False,False,False,False,False,False,False,True,False
7.9,4.2,4.8,3,334,8.0,20.16,37.52808988764045,0.008955223880597015,0.3333333333333333,False,False,False,True,False,False,False,False,False,False,False,True
3.1,2.1,7.8,5,271,8.6,16.38,66.09756097560977,0.01838235294117647,0.35833333333333334,False,False,False,False,False,True,False,False,True,False,False,False
6.8,7.3,5.0,2,480,29.8,36.5,61.53846153846154,0.004158004158004158,1.2416666666666667,False,True,False,False,False,False,False,True,False,False,False,False
6.5,5.5,5.1,0,459,10.6,28.049999999999997,61.2,0.0,0.44166666666666665,True,False,False,False,False,False,True,False,False,False,False,False
6.1,5.5,6.1,0,268,14.7,33.55,37.74647887323944,0.0,0.6124999999999999,False,False,False,True,False,False,False,False,True,False,False,False
5.9,3.7,5.7,2,460,4.7,21.090000000000003,66.66666666666666,0.004338394793926247,0.19583333333333333,False,False,False,False,False,True,True,False,False,False,False,False
4.2,8.3,8.1,3,567,15.5,67.23,109.03846153846153,0.00528169014084507,0.6458333333333334,False,False,False,False,True,False,False,False,False,False,False,True
8.7,3.7,0.5,3,496,0.2,1.85,51.134020618556704,0.006036217303822937,0.008333333333333333,False,False,False,False,False,True,False,False,False,True,False,False
7.9,6.9,7.2,2,426,12.6,49.68000000000001,47.86516853932584,0.00468384074941452,0.525,False,False,False,True,False,False,False,True,False,False,False,False
7.2,2.8,4.1,4,342,12.7,11.479999999999999,41.707317073170735,0.011661807580174927,0.5291666666666667,False,True,False,False,False,False,False,False,False,False,False,True
4.5,4.6,6.5,7,580,16.5,29.9,105.45454545454545,0.012048192771084338,0.6875,True,False,False,False,False,False,False,True,False,False,False,False
8.4,4.3,3.9,0,247,7.3,16.77,26.27659574468085,0.0,0.30416666666666664,False,False,False,False,True,False,False,True,False,False,False,False
10.0,3.1,6.3,0,239,0.0,19.53,21.727272727272727,0.0,0.0,False,False,False,True,False,False,False,False,False,True,False,False
6.2,6.6,7.4,5,258,6.4,48.839999999999996,35.833333333333336,0.019305019305019305,0.26666666666666666,True,False,False,False,False,False,False,False,False,True,False,False
6.5,4.4,3.2,0,649,14.9,14.080000000000002,86.53333333333333,0.0,0.6208333333333333,False,False,True,False,False,False,False,True,False,False,False,False
8.6,4.5,4.1,3,523,19.8,18.45,54.47916666666667,0.0057251908396946565,0.8250000000000001,False,False,False,False,False,True,False,False,False,False,False,True
8.9,3.0,4.1,2,424,20.6,12.299999999999999,42.82828282828282,0.004705882352941176,0.8583333333333334,False,False,True,False,False,False,False,True,False,False,False,False
8.4,5.0,5.0,3,303,12.0,25.0,32.234042553191486,0.009868421052631578,0.5,False,False,True,False,False,False,True,False,False,False,False,False
4.5,4.4,0.5,4,363,10.4,2.2,66.0,0.01098901098901099,0.43333333333333335,False,False,False,False,False,True,False,False,False,True,False,False
8.5,9.6,6.3,7,279,3.3,60.48,29.36842105263158,0.025,0.13749999999999998,False,False,False,False,True,False,False,False,False,False,True,False
2.1,9.3,1.7,2,397,19.0,15.81,128.06451612903226,0.005025125628140704,0.7916666666666666,False,False,False,True,False,False,False,False,False,False,False,True
3.5,2.4,2.0,4,233,10.1,4.8,51.77777777777778,0.017094017094017096,0.42083333333333334,False,True,False,False,False,False,False,False,False,False,True,False
4.3,4.6,3.7,6,355,14.4,17.02,66.9811320754717,0.016853932584269662,0.6,True,False,False,False,False,False,False,True,False,False,False,False
6.8,5.4,2.6,6,260,0.0,14.040000000000001,33.333333333333336,0.022988505747126436,0.0,False,False,False,True,False,False,False,False,False,False,True,False
6.7,4.9,2.9,11,400,18.7,14.21,51.94805194805195,0.02743142144638404,0.7791666666666667,False,False,False,False,True,False,False,False,False,True,False,False
8.5,4.6,4.4,5,452,32.9,20.24,47.578947368421055,0.011037527593818985,1.3708333333333333,False,False,False,True,False,False,False,True,False,False,False,False
5.3,3.0,5.1,5,352,18.4,15.299999999999999,55.87301587301587,0.014164305949008499,0.7666666666666666,False,False,False,True,False,False,False,False,True,False,False,False
8.3,7.5,4.4,5,356,6.8,33.0,38.27956989247311,0.014005602240896359,0.2833333333333333,False,False,False,True,False,False,False,False,False,False,True,False
5.9,5.1,8.0,6,116,7.8,40.8,16.81159420289855,0.05128205128205128,0.325,False,False,False,False,True,False,True,False,False,False,False,False
3.2,2.5,6.1,4,544,29.3,15.25,129.52380952380952,0.007339449541284404,1.2208333333333334,True,False,False,False,False,False,False,False,False,False,True,False
6.5,3.3,5.4,2,314,13.0,17.82,41.86666666666667,0.006349206349206349,0.5416666666666666,False,False,False,True,False,False,False,False,True,False,False,False
4.2,5.8,6.3,5,186,6.6,36.54,35.76923076923077,0.026737967914438502,0.27499999999999997,False,False,True,False,False,False,False,False,False,False,True,False
6.7,2.7,6.1,0,22,25.7,16.47,2.857142857142857,0.0,1.0708333333333333,False,False,False,False,True,False,False,False,False,True,False,False
5.7,7.0,4.8,0,173,0.0,33.6,25.82089552238806,0.0,0.0,False,True,False,False,False,False,True,False,False,False,False,False
8.7,2.6,6.8,2,57,22.0,17.68,5.876288659793815,0.034482758620689655,0.9166666666666666,False,False,False,False,False,True,False,False,False,False,False,True
9.1,9.3,0.0,6,374,18.8,0.0,37.02970297029703,0.016,0.7833333333333333,False,True,False,False,False,False,True,False,False,False,False,False
4.6,5.2,7.3,6,262,14.9,37.96,46.78571428571429,0.022813688212927757,0.6208333333333333,False,False,False,False,True,False,False,True,False,False,False,False
4.0,6.2,2.7,0,121,28.9,16.740000000000002,24.2,0.0,1.2041666666666666,False,False,False,False,False,True,True,False,False,False,False,False
5.1,4.3,5.2,4,548,13.2,22.36,89.8360655737705,0.007285974499089253,0.5499999999999999,True,False,False,False,False,False,True,False,False,False,False,False
5.2,5.6,4.8,3,476,10.1,26.88,76.77419354838709,0.006289308176100629,0.42083333333333334,False,False,False,False,True,False,False,False,False,True,False,False
5.6,2.8,6.2,6,208,14.2,17.36,31.515151515151516,0.028708133971291867,0.5916666666666667,False,False,False,False,False,True,False,False,False,False,False,True
9.4,4.3,4.5,6,120,9.1,19.349999999999998,11.538461538461538,0.049586776859504134,0.37916666666666665,False,True,False,False,False,False,True,False,False,False,False,False
5.3,2.6,1.3,8,198,13.0,3.3800000000000003,31.42857142857143,0.04020100502512563,0.5416666666666666,False,True,False,False,False,False,False,True,False,False,False,False
3.3,4.3,4.3,7,347,19.4,18.49,80.69767441860465,0.020114942528735632,0.8083333333333332,False,False,True,False,False,False,False,False,True,False,False,False
8.7,6.1,6.2,7,522,16.5,37.82,53.81443298969072,0.01338432122370937,0.6875,False,False,False,True,False,False,False,False,False,True,False,False
6.7,6.9,1.3,0,248,15.1,8.97,32.20779220779221,0.0,0.6291666666666667,False,False,False,True,False,False,False,False,False,False,True,False
7.0,4.9,5.2,5,387,10.1,25.480000000000004,48.375,0.01288659793814433,0.42083333333333334,True,False,False,False,False,False,True,False,False,False,False,False
3.4,4.9,1.4,3,226,19.8,6.86,51.36363636363636,0.013215859030837005,0.8250000000000001,False,False,False,False,True,False,False,False,True,False,False,False
4.0,3.8,6.5,5,387,10.2,24.7,77.4,0.01288659793814433,0.425,False,True,False,False,False,False,False,False,False,False,False,True
5.0,3.8,7.4,4,389,24.1,28.12,64.83333333333333,0.010256410256410256,1.0041666666666667,False,False,False,False,True,False,False,False,False,True,False,False
7.5,6.4,3.8,0,457,7.1,24.32,53.76470588235294,0.0,0.29583333333333334,False,False,True,False,False,False,False,False,True,False,False,False
7.4,6.5,7.4,4,208,6.2,48.1,24.76190476190476,0.019138755980861243,0.25833333333333336,False,False,False,False,False,True,True,False,False,False,False,False
5.8,10.0,2.7,0,426,15.4,27.0,62.64705882352941,0.0,0.6416666666666667,False,True,False,False,False,False,False,False,True,False,False,False
6.7,4.5,0.0,4,192,17.8,0.0,24.935064935064936,0.02072538860103627,0.7416666666666667,False,False,False,False,True,False,True,False,False,False,False,False
4.1,2.0,3.8,5,172,16.1,7.6,33.72549019607843,0.028901734104046242,0.6708333333333334,False,True,False,False,False,False,False,True,False,False,False,False
4.7,4.8,7.3,3,214,21.1,35.04,37.54385964912281,0.013953488372093023,0.8791666666666668,False,False,False,False,True,False,False,True,False,False,False,False
2.7,3.7,9.0,3,398,15.8,33.300000000000004,107.56756756756756,0.007518796992481203,0.6583333333333333,False,False,True,False,False,False,False,True,False,False,False,False
7.7,6.6,3.1,2,412,23.1,20.46,47.356321839080465,0.004842615012106538,0.9625,False,False,True,False,False,False,False,False,False,True,False,False
2.9,4.8,5.8,7,425,2.0,27.84,108.97435897435898,0.01643192488262911,0.08333333333333333,False,False,False,False,False,True,False,False,False,False,True,False
6.1,6.1,6.5,1,199,13.8,39.65,28.028169014084508,0.005,0.5750000000000001,True,False,False,False,False,False,True,False,False,False,False,False
3.3,5.2,6.6,2,263,12.0,34.32,61.162790697674424,0.007575757575757576,0.5,False,False,False,False,True,False,False,False,False,False,True,False
10.0,3.9,7.7,10,137,11.3,30.03,12.454545454545455,0.07246376811594203,0.4708333333333334,False,False,False,False,False,True,True,False,False,False,False,False
3.3,5.4,5.3,1,386,26.9,28.62,89.76744186046513,0.002583979328165375,1.1208333333333333,False,False,False,False,True,False,False,False,False,False,True,False
9.7,7.8,2.7,8,395,20.4,21.060000000000002,36.91588785046729,0.020202020202020204,0.85,False,False,False,False,False,True,False,False,True,False,False,False
6.2,7.8,8.5,1,414,19.2,66.3,57.5,0.0024096385542168677,0.7999999999999999,False,False,True,False,False,False,False,False,True,False,False,False
6.0,6.5,8.0,0,421,10.9,52.0,60.142857142857146,0.0,0.45416666666666666,False,False,False,False,False,True,True,False,False,False,False,False
6.2,7.5,4.2,4,265,3.9,31.5,36.80555555555556,0.015037593984962405,0.1625,False,False,False,False,False,True,False,False,True,False,False,False
7.9,7.6,4.4,3,430,9.4,33.44,48.31460674157303,0.0069605568445475635,0.39166666666666666,False,False,False,False,True,False,False,False,False,False,False,True
4.5,3.3,7.0,5,232,23.4,23.099999999999998,42.18181818181818,0.02145922746781116,0.975,False,False,False,False,False,True,False,False,True,False,False,False
6.3,4.3,1.9,10,455,12.7,8.17,62.328767123287676,0.021929824561403508,0.5291666666666667,False,True,False,False,False,False,False,False,False,False,True,False
7.2,2.7,8.6,7,673,6.5,23.22,82.07317073170732,0.010385756676557863,0.2708333333333333,False,False,False,True,False,False,False,False,False,True,False,False
4.8,4.8,6.5,3,351,10.2,31.2,60.51724137931035,0.008522727272727272,0.425,True,False,False,False,False,False,False,False,False,False,False,True
10.0,3.7,1.5,2,395,19.5,5.550000000000001,35.90909090909091,0.005050505050505051,0.8125,False,False,False,False,True,False,False,False,False,False,True,False
6.2,4.4,4.1,4,389,1.6,18.04,54.02777777777778,0.010256410256410256,0.06666666666666667,False,False,False,False,False,True,False,False,False,True,False,False
1.8,4.7,6.4,1,313,8.2,30.080000000000002,111.78571428571429,0.0031847133757961785,0.3416666666666666,False,False,False,True,False,False,False,False,False,False,True,False
9.1,5.4,5.1,4,574,15.3,27.54,56.831683168316836,0.006956521739130435,0.6375000000000001,False,False,True,False,False,False,False,True,False,False,False,False
7.5,7.0,3.8,3,713,4.0,26.599999999999998,83.88235294117646,0.004201680672268907,0.16666666666666666,False,False,False,False,True,False,True,False,False,False,False,False
6.5,1.7,2.4,6,453,20.7,4.08,60.4,0.013215859030837005,0.8624999999999999,False,True,False,False,False,False,False,False,False,True,False,False
6.3,5.3,3.5,4,355,25.9,18.55,48.63013698630137,0.011235955056179775,1.0791666666666666,False,False,False,False,False,True,True,False,False,False,False,False
9.1,4.5,5.1,9,87,19.2,22.95,8.613861386138614,0.10227272727272728,0.7999999999999999,False,False,True,False,False,False,False,False,False,False,False,True
7.0,3.0,3.4,8,210,25.3,10.2,26.25,0.037914691943127965,1.0541666666666667,False,False,False,False,True,False,False,False,True,False,False,False
7.1,7.5,5.4,3,412,12.0,40.5,50.8641975308642,0.007263922518159807,0.5,False,True,False,False,False,False,False,False,False,False,True,False
5.8,7.3,3.3,9,157,16.0,24.09,23.08823529411765,0.056962025316455694,0.6666666666666666,False,True,False,False,False,False,False,True,False,False,False,False
7.0,2.9,4.8,1,349,3.4,13.92,43.625,0.002857142857142857,0.14166666666666666,False,True,False,False,False,False,True,False,False,False,False,False
6.5,9.3,1.3,4,270,15.1,12.090000000000002,36.0,0.014760147601476014,0.6291666666666667,True,False,False,False,False,False,False,True,False,False,False,False
6.7,9.5,4.0,11,265,8.6,38.0,34.41558441558441,0.041353383458646614,0.35833333333333334,False,True,False,False,False,False,False,False,False,False,True,False
9.5,3.1,5.5,5,106,8.9,17.05,10.095238095238095,0.04672897196261682,0.37083333333333335,False,True,False,False,False,False,False,False,False,False,True,False
8.4,5.1,4.2,0,236,18.0,21.419999999999998,25.106382978723403,0.0,0.75,False,False,False,False,True,False,False,True,False,False,False,False
9.8,4.3,8.2,4,100,0.0,35.26,9.25925925925926,0.039603960396039604,0.0,False,False,True,False,False,False,False,False,True,False,False,False
5.3,6.1,8.0,4,120,0.0,48.8,19.047619047619047,0.03305785123966942,0.0,False,False,False,False,True,False,False,False,False,False,True,False
5.1,5.0,6.3,6,418,0.0,31.5,68.52459016393443,0.014319809069212411,0.0,False,True,False,False,False,False,True,False,False,False,False,False
7.3,7.6,2.6,4,510,25.6,19.759999999999998,61.44578313253012,0.007827788649706457,1.0666666666666667,False,False,False,False,False,True,False,False,False,True,False,False
4.9,6.8,5.5,3,231,19.3,37.4,39.152542372881356,0.01293103448275862,0.8041666666666667,False,False,False,False,False,True,False,True,False,False,False,False
4.4,3.4,7.8,5,465,7.6,26.52,86.1111111111111,0.01072961373390558,0.31666666666666665,False,True,False,False,False,False,False,False,False,False,False,True
9.4,4.8,3.8,3,64,19.8,18.24,6.153846153846153,0.046153846153846156,0.8250000000000001,False,False,False,True,False,False,False,False,True,False,False,False
6.5,7.0,5.2,0,231,7.9,36.4,30.8,0.0,0.32916666666666666,False,False,True,False,False,False,False,True,False,False,False,False
6.5,7.7,4.6,12,200,7.1,35.419999999999995,26.666666666666668,0.05970149253731343,0.29583333333333334,False,False,True,False,False,False,False,False,False,False,False,True
7.2,7.6,5.5,3,359,1.7,41.8,43.78048780487805,0.008333333333333333,0.07083333333333333,False,False,True,False,False,False,False,False,False,False,True,False
7.5,5.4,8.0,8,307,5.3,43.2,36.11764705882353,0.025974025974025976,0.22083333333333333,False,False,True,False,False,False,False,False,False,False,False,True
3.2,9.0,6.9,3,288,21.7,62.1,68.57142857142857,0.010380622837370242,0.9041666666666667,False,False,True,False,False,False,False,False,False,False,False,True
5.7,8.1,5.2,5,247,20.9,42.12,36.865671641791046,0.020161290322580645,0.8708333333333332,False,False,True,False,False,False,False,False,False,True,False,False
5.9,4.4,5.1,0,237,1.5,22.44,34.34782608695652,0.0,0.0625,False,False,True,False,False,False,False,False,False,False,False,True
9.6,5.4,3.8,7,444,15.5,20.52,41.88679245283019,0.015730337078651686,0.6458333333333334,False,False,False,False,True,False,False,False,False,False,True,False
6.5,8.3,8.9,7,154,9.8,73.87,20.533333333333335,0.04516129032258064,0.4083333333333334,False,False,True,False,False,False,False,False,False,False,False,True
0.4,6.6,7.9,4,342,17.4,52.14,244.2857142857143,0.011661807580174927,0.725,False,False,True,False,False,False,False,False,False,False,True,False
3.3,6.6,2.8,10,288,4.4,18.479999999999997,66.97674418604652,0.03460207612456748,0.18333333333333335,False,False,False,False,False,True,True,False,False,False,False,False
5.1,5.6,3.1,5,298,2.7,17.36,48.852459016393446,0.016722408026755852,0.1125,False,True,False,False,False,False,False,False,False,False,False,True
8.3,4.3,7.6,0,273,27.9,32.68,29.354838709677416,0.0,1.1624999999999999,True,False,False,False,False,False,False,True,False,False,False,False
7.8,4.2,7.0,3,0,14.3,29.400000000000002,0.0,3.0,0.5958333333333333,False,True,False,False,False,False,False,False,False,True,False,False
9.9,6.7,5.6,7,0,28.5,37.519999999999996,0.0,7.0,1.1875,False,True,False,False,False,False,False,False,False,False,False,True
3.9,1.8,4.3,1,269,10.8,7.74,54.897959183673464,0.003703703703703704,0.45,False,False,False,True,False,False,False,True,False,False,False,False
5.8,4.3,6.4,4,0,17.1,27.52,0.0,4.0,0.7125,False,False,True,False,False,False,False,True,False,False,False,False
6.2,8.1,5.6,4,96,6.8,45.35999999999999,13.333333333333332,0.041237113402061855,0.2833333333333333,False,False,False,False,True,False,False,True,False,False,False,False
3.4,7.0,6.6,3,508,15.7,46.199999999999996,115.45454545454544,0.005893909626719057,0.6541666666666667,False,False,True,False,False,False,False,False,False,True,False,False
5.1,3.0,3.6,0,343,9.1,10.8,56.22950819672131,0.0,0.37916666666666665,True,False,False,False,False,False,False,False,False,False,False,True
6.6,4.4,1.1,0,12,12.8,4.840000000000001,1.5789473684210527,0.0,0.5333333333333333,False,False,False,False,False,True,True,False,False,False,False,False
7.8,7.5,5.2,0,273,31.0,39.0,31.02272727272727,0.0,1.2916666666666667,False,False,False,False,True,False,False,False,False,False,True,False
2.7,7.2,1.2,6,111,21.7,8.64,30.0,0.05357142857142857,0.9041666666666667,False,False,False,False,False,True,False,False,True,False,False,False
5.8,2.3,6.6,2,319,8.1,15.179999999999998,46.911764705882355,0.00625,0.33749999999999997,False,True,False,False,False,False,True,False,False,False,False,False
8.7,8.5,4.8,5,117,10.6,40.8,12.061855670103094,0.0423728813559322,0.44166666666666665,True,False,False,False,False,False,False,False,False,False,False,True
7.0,3.1,5.6,7,230,13.2,17.36,28.75,0.030303030303030304,0.5499999999999999,False,False,False,False,True,False,False,False,True,False,False,False
3.2,8.0,4.9,5,381,9.6,39.2,90.71428571428571,0.013089005235602094,0.39999999999999997,False,False,True,False,False,False,False,False,False,False,True,False
8.6,2.0,8.7,4,503,3.3,17.4,52.395833333333336,0.007936507936507936,0.13749999999999998,False,True,False,False,False,False,False,False,True,False,False,False
4.0,4.6,4.8,4,156,8.3,22.08,31.2,0.025477707006369428,0.3458333333333334,False,False,True,False,False,False,False,False,True,False,False,False
2.9,8.0,4.2,8,161,26.5,33.6,41.282051282051285,0.04938271604938271,1.1041666666666667,False,False,False,True,False,False,True,False,False,False,False,False
4.6,6.3,1.4,2,385,3.4,8.819999999999999,68.75,0.0051813471502590676,0.14166666666666666,True,False,False,False,False,False,False,True,False,False,False,False
7.4,4.8,2.8,0,438,14.2,13.44,52.14285714285714,0.0,0.5916666666666667,False,False,True,False,False,False,False,False,False,False,False,True
5.9,5.6,2.1,4,453,30.9,11.76,65.65217391304347,0.00881057268722467,1.2874999999999999,False,False,False,False,True,False,False,False,False,True,False,False
7.7,3.6,7.4,3,387,8.5,26.64,44.48275862068966,0.007731958762886598,0.3541666666666667,False,True,False,False,False,False,False,False,False,True,False,False
5.5,8.2,4.2,5,671,26.1,34.44,103.23076923076923,0.00744047619047619,1.0875000000000001,False,False,False,False,False,True,False,True,False,False,False,False
4.7,8.2,3.3,0,206,23.0,27.059999999999995,36.14035087719298,0.0,0.9583333333333334,False,False,False,True,False,False,False,False,False,False,False,True
2.9,5.5,5.3,9,58,20.5,29.15,14.871794871794872,0.15254237288135594,0.8541666666666666,False,False,False,True,False,False,False,False,False,True,False,False
5.2,4.3,6.1,5,300,21.0,26.229999999999997,48.387096774193544,0.016611295681063124,0.875,False,False,True,False,False,False,False,True,False,False,False,False
4.4,4.4,3.4,4,681,20.0,14.96,126.1111111111111,0.005865102639296188,0.8333333333333334,False,False,False,True,False,False,False,True,False,False,False,False
4.2,3.4,1.9,4,144,24.9,6.46,27.69230769230769,0.027586206896551724,1.0374999999999999,False,False,False,True,False,False,True,False,False,False,False,False
7.1,4.0,0.7,4,251,24.1,2.8,30.987654320987655,0.015873015873015872,1.0041666666666667,False,False,True,False,False,False,False,False,False,False,False,True
5.5,5.4,8.1,0,498,13.3,43.74,76.61538461538461,0.0,0.5541666666666667,False,False,True,False,False,False,True,False,False,False,False,False
5.0,7.7,5.8,6,562,11.5,44.66,93.66666666666667,0.010657193605683837,0.4791666666666667,False,False,False,True,False,False,False,False,True,False,False,False
6.9,7.3,1.8,2,163,19.0,13.14,20.632911392405063,0.012195121951219513,0.7916666666666666,False,False,False,False,True,False,True,False,False,False,False,False
4.2,5.8,4.9,0,471,13.4,28.42,90.57692307692308,0.0,0.5583333333333333,False,True,False,False,False,False,False,True,False,False,False,False
5.2,4.1,6.4,7,279,4.5,26.24,45.0,0.025,0.1875,False,False,False,False,True,False,False,False,True,False,False,False
5.5,6.0,5.4,1,367,19.5,32.400000000000006,56.46153846153846,0.002717391304347826,0.8125,False,False,False,False,True,False,False,False,False,False,True,False
9.0,6.1,3.7,9,543,17.5,22.57,54.3,0.016544117647058824,0.7291666666666666,False,False,False,False,False,True,False,False,True,False,False,False
5.5,7.8,7.4,9,250,20.8,57.72,38.46153846153846,0.035856573705179286,0.8666666666666667,False,False,True,False,False,False,False,False,False,False,False,True
7.7,4.5,6.4,0,336,20.9,28.8,38.62068965517242,0.0,0.8708333333333332,True,False,False,False,False,False,False,False,False,False,True,False
6.3,2.7,1.1,4,260,16.6,2.9700000000000006,35.61643835616439,0.01532567049808429,0.6916666666666668,False,True,False,False,False,False,False,True,False,False,False,False
7.7,1.6,2.4,0,150,3.5,3.84,17.24137931034483,0.0,0.14583333333333334,False,False,False,False,True,False,False,False,False,True,False,False
10.0,5.4,5.2,7,426,0.0,28.080000000000002,38.72727272727273,0.01639344262295082,0.0,False,True,False,False,False,False,False,False,False,False,False,True
8.2,5.4,3.1,0,613,15.6,16.740000000000002,66.6304347826087,0.0,0.65,False,False,False,False,False,True,False,False,False,False,True,False
5.3,5.5,4.4,2,205,14.1,24.200000000000003,32.53968253968254,0.009708737864077669,0.5875,False,False,False,False,True,False,False,False,False,False,True,False
7.9,8.2,7.3,1,59,21.8,59.85999999999999,6.629213483146067,0.016666666666666666,0.9083333333333333,True,False,False,False,False,False,False,False,False,False,True,False
7.1,5.3,4.2,3,190,0.0,22.26,23.45679012345679,0.015706806282722512,0.0,False,True,False,False,False,False,False,False,True,False,False,False
10.0,7.1,4.1,8,297,16.7,29.109999999999996,27.0,0.026845637583892617,0.6958333333333333,False,False,True,False,False,False,True,False,False,False,False,False
6.2,6.1,5.8,5,135,5.3,35.379999999999995,18.75,0.03676470588235294,0.22083333333333333,True,False,False,False,False,False,False,False,True,False,False,False
8.4,5.3,6.4,1,455,18.3,33.92,48.40425531914894,0.0021929824561403508,0.7625000000000001,False,False,False,False,True,False,False,False,False,False,False,True
6.9,6.4,2.5,4,0,9.4,16.0,0.0,4.0,0.39166666666666666,False,False,False,False,True,False,True,False,False,False,False,False
1.7,6.5,6.6,0,470,10.4,42.9,174.07407407407408,0.0,0.43333333333333335,False,False,True,False,False,False,False,False,False,False,False,True
7.1,7.9,4.5,0,166,0.0,35.550000000000004,20.49382716049383,0.0,0.0,False,False,True,False,False,False,False,False,False,True,False,False
7.5,6.7,7.8,4,605,14.4,52.26,71.17647058823529,0.006600660066006601,0.6,True,False,False,False,False,False,False,False,False,False,False,True
5.1,2.0,3.0,6,252,26.0,6.0,41.31147540983607,0.023715415019762844,1.0833333333333333,False,False,False,False,False,True,False,False,False,False,False,True
7.9,4.5,4.5,3,274,10.1,20.25,30.786516853932582,0.01090909090909091,0.42083333333333334,False,False,False,True,False,False,False,False,False,True,False,False
4.5,8.1,4.0,9,494,8.8,32.4,89.81818181818181,0.01818181818181818,0.3666666666666667,True,False,False,False,False,False,False,False,True,False,False,False
7.5,5.9,8.0,2,331,7.4,47.2,38.94117647058823,0.006024096385542169,0.30833333333333335,False,True,False,False,False,False,False,False,False,True,False,False
7.6,6.9,6.5,0,524,4.0,44.85,60.93023255813954,0.0,0.16666666666666666,False,True,False,False,False,False,False,False,False,False,True,False
5.2,6.2,5.5,9,497,17.3,34.1,80.16129032258064,0.018072289156626505,0.7208333333333333,False,False,False,True,False,False,False,False,False,True,False,False
4.0,2.3,9.2,3,254,29.0,21.159999999999997,50.8,0.011764705882352941,1.2083333333333333,True,False,False,False,False,False,False,True,False,False,False,False
1.2,4.7,5.8,7,301,4.7,27.26,136.8181818181818,0.023178807947019868,0.19583333333333333,False,False,True,False,False,False,False,False,False,True,False,False
5.9,4.2,7.0,4,392,18.7,29.400000000000002,56.81159420289855,0.010178117048346057,0.7791666666666667,True,False,False,False,False,False,False,False,True,False,False,False
6.2,5.1,8.1,4,403,18.1,41.309999999999995,55.97222222222222,0.009900990099009901,0.7541666666666668,True,False,False,False,False,False,False,False,True,False,False,False
7.6,5.6,3.0,5,80,0.0,16.799999999999997,9.30232558139535,0.06172839506172839,0.0,False,False,False,False,False,True,False,False,False,True,False,False
5.7,4.5,1.1,7,53,5.6,4.95,7.91044776119403,0.12962962962962962,0.2333333333333333,False,False,False,True,False,False,False,False,False,False,True,False
9.2,5.3,7.8,2,237,16.4,41.339999999999996,23.23529411764706,0.008403361344537815,0.6833333333333332,False,False,False,True,False,False,False,False,False,True,False,False
5.2,2.7,1.6,2,262,18.1,4.32,42.25806451612903,0.0076045627376425855,0.7541666666666668,False,False,False,False,True,False,False,False,False,False,True,False
9.0,6.8,4.8,0,620,15.4,32.64,62.0,0.0,0.6416666666666667,False,False,True,False,False,False,False,False,False,True,False,False
5.6,4.5,5.2,2,222,14.4,23.400000000000002,33.63636363636364,0.008968609865470852,0.6,False,False,True,False,False,False,False,False,False,False,True,False
7.8,1.8,3.7,3,597,20.2,6.66,67.84090909090908,0.005016722408026756,0.8416666666666667,False,False,False,False,True,False,True,False,False,False,False,False
6.8,4.2,5.6,6,396,13.8,23.52,50.769230769230774,0.015113350125944584,0.5750000000000001,True,False,False,False,False,False,True,False,False,False,False,False
6.0,5.0,5.2,5,304,28.4,26.0,43.42857142857143,0.01639344262295082,1.1833333333333333,False,False,False,False,True,False,False,False,False,False,True,False
5.8,5.5,5.6,3,349,30.4,30.799999999999997,51.32352941176471,0.008571428571428572,1.2666666666666666,False,True,False,False,False,False,True,False,False,False,False,False
8.7,6.9,5.1,5,266,19.4,35.19,27.422680412371136,0.018726591760299626,0.8083333333333332,True,False,False,False,False,False,False,False,False,True,False,False
8.0,5.3,6.4,3,152,17.3,33.92,16.88888888888889,0.0196078431372549,0.7208333333333333,False,False,False,True,False,False,False,False,False,False,True,False
4.9,3.0,5.2,2,238,14.4,15.600000000000001,40.33898305084745,0.008368200836820083,0.6,False,False,False,False,False,True,False,False,False,False,False,True
7.0,2.4,2.5,2,299,15.5,6.0,37.375,0.006666666666666667,0.6458333333333334,False,False,True,False,False,False,False,False,False,True,False,False
5.6,3.0,5.4,4,61,2.5,16.200000000000003,9.242424242424242,0.06451612903225806,0.10416666666666667,False,False,True,False,False,False,False,False,False,False,True,False
4.9,5.0,4.0,5,393,21.6,20.0,66.61016949152543,0.012690355329949238,0.9,False,False,False,False,False,True,False,True,False,False,False,False
7.0,1.9,3.9,8,461,10.5,7.409999999999999,57.625,0.017316017316017316,0.4375,False,False,False,False,True,False,False,False,False,False,True,False
7.2,9.8,6.6,3,262,26.3,64.68,31.951219512195124,0.011406844106463879,1.0958333333333334,False,False,False,True,False,False,False,False,False,True,False,False
8.0,5.1,2.9,0,506,1.3,14.79,56.22222222222222,0.0,0.05416666666666667,False,False,False,False,False,True,False,True,False,False,False,False
6.8,7.6,4.4,3,624,19.9,33.44,80.0,0.0048,0.8291666666666666,True,False,False,False,False,False,False,False,False,False,False,True
6.0,9.1,6.8,5,140,15.4,61.879999999999995,20.0,0.03546099290780142,0.6416666666666667,False,False,False,False,False,True,False,False,True,False,False,False
2.4,4.3,6.6,0,524,9.0,28.38,154.11764705882354,0.0,0.375,False,False,True,False,False,False,True,False,False,False,False,False
8.7,7.8,3.0,1,501,15.4,23.4,51.649484536082475,0.00199203187250996,0.6416666666666667,True,False,False,False,False,False,False,False,True,False,False,False
5.6,7.4,1.6,1,432,17.6,11.840000000000002,65.45454545454545,0.0023094688221709007,0.7333333333333334,True,False,False,False,False,False,False,False,False,True,False,False
5.9,6.0,7.4,6,599,19.7,44.400000000000006,86.81159420289855,0.01,0.8208333333333333,False,True,False,False,False,False,False,False,False,False,False,True
7.2,2.3,6.3,2,459,19.9,14.489999999999998,55.97560975609757,0.004347826086956522,0.8291666666666666,False,False,False,True,False,False,True,False,False,False,False,False
10.0,7.6,5.5,8,452,0.0,41.8,41.09090909090909,0.017660044150110375,0.0,False,False,False,True,False,False,False,False,False,False,False,True
7.1,8.2,3.8,4,291,16.6,31.159999999999997,35.92592592592593,0.0136986301369863,0.6916666666666668,False,False,False,False,True,False,False,False,True,False,False,False
5.2,6.1,2.7,3,504,21.7,16.47,81.29032258064515,0.005940594059405941,0.9041666666666667,False,True,False,False,False,False,False,False,False,True,False,False
6.5,5.6,4.0,0,507,0.0,22.4,67.6,0.0,0.0,False,False,False,False,False,True,False,False,False,True,False,False
7.8,6.5,5.5,2,309,20.3,35.75,35.11363636363636,0.0064516129032258064,0.8458333333333333,False,False,True,False,False,False,False,False,True,False,False,False
8.1,5.1,0.9,2,85,3.2,4.59,9.340659340659341,0.023255813953488372,0.13333333333333333,True,False,False,False,False,False,False,False,False,False,True,False
8.3,4.5,8.0,5,0,10.0,36.0,0.0,5.0,0.4166666666666667,True,False,False,False,False,False,True,False,False,False,False,False
7.2,8.1,4.9,2,487,2.1,39.69,59.39024390243903,0.004098360655737705,0.08750000000000001,False,True,False,False,False,False,False,True,False,False,False,False
6.6,5.6,4.8,1,512,3.4,26.88,67.36842105263158,0.001949317738791423,0.14166666666666666,True,False,False,False,False,False,True,False,False,False,False,False
7.1,4.5,4.1,6,295,21.2,18.45,36.41975308641975,0.02027027027027027,0.8833333333333333,False,False,False,False,True,False,False,False,False,False,True,False
3.8,5.1,3.8,0,510,23.4,19.38,106.25,0.0,0.975,False,False,False,False,False,True,True,False,False,False,False,False
6.3,5.4,1.5,5,451,7.0,8.100000000000001,61.78082191780822,0.011061946902654867,0.2916666666666667,False,False,False,False,True,False,False,True,False,False,False,False
3.7,8.4,6.8,10,444,10.7,57.12,94.46808510638297,0.02247191011235955,0.4458333333333333,False,True,False,False,False,False,True,False,False,False,False,False
10.0,3.3,6.9,1,405,22.8,22.77,36.81818181818182,0.0024630541871921183,0.9500000000000001,False,False,False,False,False,True,False,False,False,False,False,True
5.8,8.7,3.5,3,92,22.1,30.449999999999996,13.529411764705882,0.03225806451612903,0.9208333333333334,False,True,False,False,False,False,False,False,False,False,False,True
3.5,6.7,1.5,4,262,10.5,10.05,58.22222222222222,0.015209125475285171,0.4375,False,False,False,False,False,True,True,False,False,False,False,False
6.7,7.5,6.7,5,393,15.2,50.25,51.03896103896104,0.012690355329949238,0.6333333333333333,True,False,False,False,False,False,False,False,False,False,True,False
7.2,4.4,3.6,4,45,7.4,15.840000000000002,5.487804878048781,0.08695652173913043,0.30833333333333335,False,False,False,False,True,False,False,False,False,False,False,True
5.4,6.2,4.9,8,277,16.6,30.380000000000003,43.28125,0.02877697841726619,0.6916666666666668,False,False,True,False,False,False,False,False,False,False,True,False
6.4,4.4,2.0,4,289,30.2,8.8,39.05405405405405,0.013793103448275862,1.2583333333333333,False,False,True,False,False,False,False,True,False,False,False,False
9.6,3.2,1.9,4,309,7.4,6.08,29.150943396226417,0.012903225806451613,0.30833333333333335,True,False,False,False,False,False,False,False,True,False,False,False
3.6,7.5,6.3,1,473,28.7,47.25,102.82608695652175,0.002109704641350211,1.1958333333333333,False,True,False,False,False,False,False,False,False,True,False,False
6.7,6.6,4.1,8,243,13.6,27.059999999999995,31.558441558441558,0.03278688524590164,0.5666666666666667,False,False,False,False,True,False,False,False,False,True,False,False
6.0,5.1,4.4,6,299,2.0,22.44,42.714285714285715,0.02,0.08333333333333333,False,False,False,False,True,False,True,False,False,False,False,False
5.6,7.8,3.2,6,435,12.2,24.96,65.9090909090909,0.013761467889908258,0.5083333333333333,True,False,False,False,False,False,False,False,False,True,False,False
5.0,4.8,4.5,8,234,3.2,21.599999999999998,39.0,0.03404255319148936,0.13333333333333333,False,False,False,True,False,False,False,False,False,False,False,True
2.5,5.3,1.7,5,230,2.0,9.01,65.71428571428571,0.021645021645021644,0.08333333333333333,False,False,False,False,False,True,False,False,False,True,False,False
8.1,7.1,2.4,1,235,4.8,17.04,25.824175824175825,0.00423728813559322,0.19999999999999998,True,False,False,False,False,False,False,True,False,False,False,False
5.8,4.8,3.8,1,388,24.0,18.24,57.05882352941177,0.002570694087403599,1.0,False,False,False,False,True,False,False,False,False,False,False,True
7.2,2.4,3.0,8,459,7.6,7.199999999999999,55.97560975609757,0.017391304347826087,0.31666666666666665,False,False,False,False,True,False,False,False,False,False,True,False
5.3,5.2,1.7,7,0,8.2,8.84,0.0,7.0,0.3416666666666666,True,False,False,False,False,False,False,False,False,False,True,False
6.4,3.6,2.8,6,156,14.0,10.08,21.08108108108108,0.03821656050955414,0.5833333333333334,False,False,True,False,False,False,True,False,False,False,False,False
6.0,6.5,4.8,4,511,9.0,31.2,73.0,0.0078125,0.375,True,False,False,False,False,False,False,True,False,False,False,False
7.7,1.6,10.0,4,276,14.4,16.0,31.724137931034484,0.01444043321299639,0.6,False,False,True,False,False,False,True,False,False,False,False,False
7.8,6.6,4.7,2,421,22.2,31.02,47.840909090909086,0.004739336492890996,0.9249999999999999,True,False,False,False,False,False,False,False,True,False,False,False
6.5,2.5,6.2,8,52,14.5,15.5,6.933333333333334,0.1509433962264151,0.6041666666666666,False,False,False,False,False,True,False,True,False,False,False,False
7.2,4.6,9.1,7,463,13.0,41.85999999999999,56.463414634146346,0.015086206896551725,0.5416666666666666,False,False,False,False,False,True,True,False,False,False,False,False
5.9,3.4,3.5,2,323,4.2,11.9,46.81159420289855,0.006172839506172839,0.17500000000000002,False,True,False,False,False,False,False,False,False,True,False,False
5.4,5.4,7.9,9,502,10.8,42.660000000000004,78.4375,0.017892644135188866,0.45,False,False,True,False,False,False,False,False,False,False,False,True
7.4,4.6,5.1,5,445,11.1,23.459999999999997,52.976190476190474,0.011210762331838564,0.46249999999999997,False,False,False,False,True,False,False,False,False,False,True,False
3.5,4.3,5.5,0,313,7.4,23.65,69.55555555555556,0.0,0.30833333333333335,False,False,True,False,False,False,False,False,False,False,False,True
3.8,6.5,6.5,1,454,20.9,42.25,94.58333333333334,0.002197802197802198,0.8708333333333332,True,False,False,False,False,False,False,False,False,False,True,False
5.8,3.1,3.3,1,383,17.2,10.23,56.32352941176471,0.0026041666666666665,0.7166666666666667,False,False,False,False,False,True,True,False,False,False,False,False
9.2,5.6,8.1,5,488,22.9,45.35999999999999,47.84313725490196,0.010224948875255624,0.9541666666666666,False,False,False,False,True,False,True,False,False,False,False,False
6.6,6.3,3.4,8,317,28.5,21.419999999999998,41.71052631578947,0.025157232704402517,1.1875,False,False,False,True,False,False,False,False,False,True,False,False
4.8,3.9,6.5,2,190,29.6,25.349999999999998,32.758620689655174,0.010471204188481676,1.2333333333333334,False,False,False,False,False,True,False,False,False,False,True,False
3.0,7.6,6.7,2,364,12.7,50.92,91.0,0.005479452054794521,0.5291666666666667,False,False,True,False,False,False,True,False,False,False,False,False
5.3,3.8,3.5,3,306,6.6,13.299999999999999,48.57142857142857,0.009771986970684038,0.27499999999999997,True,False,False,False,False,False,True,False,False,False,False,False
5.5,2.8,3.3,3,231,3.8,9.239999999999998,35.53846153846154,0.01293103448275862,0.15833333333333333,True,False,False,False,False,False,False,False,False,False,True,False
4.2,5.3,3.3,4,321,7.0,17.49,61.730769230769226,0.012422360248447204,0.2916666666666667,False,False,False,False,False,True,False,False,True,False,False,False
4.5,7.6,8.8,5,312,23.9,66.88,56.72727272727273,0.01597444089456869,0.9958333333333332,False,False,False,False,True,False,False,True,False,False,False,False
4.6,2.2,1.8,10,350,12.0,3.9600000000000004,62.50000000000001,0.02849002849002849,0.5,True,False,False,False,False,False,False,True,False,False,False,False
5.1,1.1,1.4,2,122,10.2,1.54,20.0,0.016260162601626018,0.425,False,True,False,False,False,False,False,False,True,False,False,False
5.3,7.6,3.5,5,236,9.8,26.599999999999998,37.46031746031746,0.02109704641350211,0.4083333333333334,False,True,False,False,False,False,False,False,True,False,False,False
9.7,5.3,7.0,6,197,8.5,37.1,18.411214953271028,0.030303030303030304,0.3541666666666667,False,False,False,False,False,True,False,False,True,False,False,False
7.3,4.6,5.1,2,231,7.8,23.459999999999997,27.831325301204817,0.008620689655172414,0.325,False,True,False,False,False,False,False,False,True,False,False,False
7.4,6.2,0.9,0,241,14.7,5.58,28.69047619047619,0.0,0.6124999999999999,False,False,False,False,True,False,False,True,False,False,False,False
7.6,6.0,2.0,5,88,20.5,12.0,10.232558139534884,0.056179775280898875,0.8541666666666666,False,False,False,False,True,False,True,False,False,False,False,False
6.0,3.4,3.2,2,595,19.2,10.88,85.0,0.003355704697986577,0.7999999999999999,True,False,False,False,False,False,False,False,False,False,True,False
5.7,5.6,1.7,3,147,14.1,9.52,21.940298507462686,0.02027027027027027,0.5875,False,False,False,False,False,True,False,False,True,False,False,False
6.4,8.0,6.8,6,431,14.5,54.4,58.24324324324324,0.013888888888888888,0.6041666666666666,False,False,False,False,True,False,False,True,False,False,False,False
8.2,6.6,2.9,6,298,1.9,19.139999999999997,32.391304347826086,0.020066889632107024,0.07916666666666666,False,False,True,False,False,False,False,False,False,False,True,False
6.0,2.7,6.5,5,460,9.8,17.55,65.71428571428571,0.010845986984815618,0.4083333333333334,False,False,False,True,False,False,True,False,False,False,False,False
2.5,7.9,0.5,5,386,17.7,3.95,110.28571428571429,0.012919896640826873,0.7374999999999999,False,True,False,False,False,False,False,False,False,False,False,True
4.1,7.8,5.2,2,687,20.6,40.56,134.7058823529412,0.0029069767441860465,0.8583333333333334,True,False,False,False,False,False,False,True,False,False,False,False
8.4,3.7,1.8,3,242,19.3,6.66,25.74468085106383,0.012345679012345678,0.8041666666666667,False,True,False,False,False,False,False,False,False,True,False,False
7.0,4.9,6.7,6,559,16.4,32.830000000000005,69.875,0.010714285714285714,0.6833333333333332,True,False,False,False,False,False,True,False,False,False,False,False
4.3,0.8,4.2,0,360,19.1,3.3600000000000003,67.9245283018868,0.0,0.7958333333333334,False,False,True,False,False,False,False,False,False,False,True,False
5.8,3.3,4.2,3,343,5.4,13.86,50.44117647058824,0.00872093023255814,0.225,False,False,False,False,False,True,False,False,False,False,True,False
10.0,1.9,4.3,4,235,0.0,8.17,21.363636363636363,0.01694915254237288,0.0,False,False,True,False,False,False,False,False,False,False,True,False
6.5,4.3,5.1,1,519,14.1,21.929999999999996,69.2,0.0019230769230769232,0.5875,True,False,False,False,False,False,False,False,False,False,False,True
6.3,6.6,5.7,5,603,22.0,37.62,82.6027397260274,0.008278145695364239,0.9166666666666666,False,False,True,False,False,False,False,False,False,False,True,False
5.1,4.9,6.7,4,533,12.8,32.830000000000005,87.37704918032787,0.00749063670411985,0.5333333333333333,False,False,False,False,True,False,False,False,False,False,False,True
5.0,6.2,2.6,6,200,7.0,16.12,33.333333333333336,0.029850746268656716,0.2916666666666667,True,False,False,False,False,False,False,True,False,False,False,False
4.4,4.1,2.2,3,152,10.5,9.02,28.148148148148145,0.0196078431372549,0.4375,True,False,False,False,False,False,False,True,False,False,False,False
5.1,7.6,4.4,3,359,20.2,33.44,58.852459016393446,0.008333333333333333,0.8416666666666667,False,False,False,False,True,False,False,False,False,False,True,False
7.1,6.3,6.5,4,252,9.0,40.949999999999996,31.11111111111111,0.015810276679841896,0.375,False,False,False,False,False,True,False,False,False,False,True,False
6.6,3.4,3.6,3,311,20.6,12.24,40.92105263157895,0.009615384615384616,0.8583333333333334,False,False,False,True,False,False,False,False,True,False,False,False
3.5,7.1,4.9,3,340,17.6,34.79,75.55555555555556,0.008797653958944282,0.7333333333333334,False,False,False,False,False,True,False,False,False,False,True,False
6.6,4.0,3.5,3,234,25.4,14.0,30.789473684210527,0.01276595744680851,1.0583333333333333,False,True,False,False,False,False,False,False,False,True,False,False
7.4,1.4,8.9,4,212,16.1,12.459999999999999,25.238095238095237,0.018779342723004695,0.6708333333333334,True,False,False,False,False,False,False,False,False,True,False,False
7.9,7.5,4.9,0,223,13.7,36.75,25.0561797752809,0.0,0.5708333333333333,False,False,True,False,False,False,False,False,True,False,False,False
8.7,5.0,4.5,5,437,22.6,22.5,45.05154639175258,0.01141552511415525,0.9416666666666668,False,False,False,False,False,True,False,False,True,False,False,False
7.0,6.3,1.1,5,610,11.8,6.930000000000001,76.25,0.008183306055646482,0.4916666666666667,False,False,False,False,True,False,False,False,False,False,False,True
8.8,5.8,3.1,2,311,0.0,17.98,31.734693877551017,0.00641025641025641,0.0,True,False,False,False,False,False,False,False,False,True,False,False
7.6,8.3,4.3,5,531,27.2,35.690000000000005,61.74418604651163,0.009398496240601503,1.1333333333333333,False,False,True,False,False,False,True,False,False,False,False,False
7.8,5.6,5.2,5,299,1.0,29.119999999999997,33.97727272727273,0.016666666666666666,0.041666666666666664,False,False,False,False,True,False,False,True,False,False,False,False
7.3,0.7,4.2,3,322,18.4,2.94,38.795180722891565,0.009287925696594427,0.7666666666666666,True,False,False,False,False,False,False,False,False,False,True,False
5.7,5.4,2.1,3,0,13.1,11.340000000000002,0.0,3.0,0.5458333333333333,False,False,False,False,True,False,False,True,False,False,False,False
8.2,3.8,6.5,4,228,9.5,24.7,24.782608695652176,0.017467248908296942,0.3958333333333333,True,False,False,False,False,False,False,False,False,True,False,False
5.0,4.0,6.1,2,548,17.4,24.4,91.33333333333333,0.0036429872495446266,0.725,False,False,False,False,False,True,False,False,False,False,True,False
8.9,3.0,3.1,6,243,0.0,9.3,24.545454545454543,0.02459016393442623,0.0,True,False,False,False,False,False,False,False,False,False,True,False
8.4,5.6,5.6,1,275,20.6,31.359999999999996,29.25531914893617,0.0036231884057971015,0.8583333333333334,False,False,False,True,False,False,False,False,False,False,True,False
3.8,3.9,4.1,2,335,8.0,15.989999999999998,69.79166666666667,0.005952380952380952,0.3333333333333333,False,False,False,False,True,False,False,False,False,False,True,False
6.4,4.0,2.5,8,449,12.5,10.0,60.67567567567567,0.017777777777777778,0.5208333333333334,False,True,False,False,False,False,True,False,False,False,False,False
7.2,6.0,2.5,5,276,11.6,15.0,33.65853658536586,0.018050541516245487,0.48333333333333334,False,False,False,False,True,False,False,False,False,False,True,False
6.7,6.1,3.8,1,177,12.5,23.179999999999996,22.987012987012985,0.0056179775280898875,0.5208333333333334,False,True,False,False,False,False,True,False,False,False,False,False
5.5,4.5,5.5,5,334,16.7,24.75,51.38461538461539,0.014925373134328358,0.6958333333333333,False,False,False,False,False,True,False,False,False,False,False,True
6.2,3.6,5.6,0,145,9.7,20.16,20.13888888888889,0.0,0.4041666666666666,False,False,False,False,False,True,False,False,False,False,True,False
3.5,6.7,6.2,3,391,4.7,41.54,86.88888888888889,0.007653061224489796,0.19583333333333333,True,False,False,False,False,False,True,False,False,False,False,False
6.7,4.6,7.9,1,596,1.8,36.339999999999996,77.4025974025974,0.0016750418760469012,0.075,False,False,False,False,True,False,False,False,False,False,False,True
3.4,6.4,7.4,7,548,9.3,47.36000000000001,124.54545454545453,0.012750455373406194,0.3875,False,True,False,False,False,False,False,False,False,True,False,False
5.0,5.9,6.3,4,452,10.4,37.17,75.33333333333333,0.008830022075055188,0.43333333333333335,False,False,True,False,False,False,False,False,True,False,False,False
6.1,3.8,4.9,3,556,11.7,18.62,78.30985915492958,0.005385996409335727,0.4875,False,True,False,False,False,False,False,True,False,False,False,False
6.2,6.2,6.0,1,385,8.0,37.2,53.47222222222222,0.0025906735751295338,0.3333333333333333,False,False,True,False,False,False,False,False,False,False,True,False
7.9,8.6,4.6,4,141,15.5,39.559999999999995,15.842696629213483,0.028169014084507043,0.6458333333333334,False,False,False,True,False,False,False,False,False,False,True,False
4.8,5.4,1.7,3,525,22.7,9.18,90.51724137931035,0.005703422053231939,0.9458333333333333,False,True,False,False,False,False,False,False,True,False,False,False
3.5,5.4,4.3,7,217,9.8,23.22,48.22222222222222,0.03211009174311927,0.4083333333333334,True,False,False,False,False,False,False,False,False,False,True,False
6.9,2.8,3.6,12,518,13.2,10.08,65.56962025316456,0.023121387283236993,0.5499999999999999,False,False,False,False,True,False,False,False,False,False,False,True
7.5,6.7,3.7,0,161,12.1,24.790000000000003,18.941176470588236,0.0,0.5041666666666667,False,True,False,False,False,False,False,False,False,False,True,False
1.0,2.9,6.2,12,342,15.9,17.98,171.0,0.03498542274052478,0.6625,False,False,False,False,False,True,False,False,True,False,False,False
6.4,4.8,5.2,1,422,1.7,24.96,57.027027027027025,0.002364066193853428,0.07083333333333333,False,False,False,True,False,False,False,False,False,False,True,False
8.8,8.3,2.8,2,209,14.4,23.240000000000002,21.326530612244895,0.009523809523809525,0.6,False,False,False,False,True,False,False,False,False,False,False,True
7.6,8.0,2.6,7,418,5.7,20.8,48.6046511627907,0.016706443914081145,0.23750000000000002,True,False,False,False,False,False,False,False,True,False,False,False
6.0,1.4,3.5,5,138,15.7,4.8999999999999995,19.714285714285715,0.03597122302158273,0.6541666666666667,False,False,True,False,False,False,False,False,True,False,False,False
5.5,1.8,10.0,5,78,4.5,18.0,12.0,0.06329113924050633,0.1875,False,False,True,False,False,False,False,False,False,False,False,True
7.7,3.7,6.4,1,623,22.2,23.680000000000003,71.60919540229885,0.0016025641025641025,0.9249999999999999,False,False,False,False,False,True,False,False,False,True,False,False
7.8,4.6,7.3,3,323,1.4,33.58,36.70454545454545,0.009259259259259259,0.05833333333333333,False,False,False,True,False,False,False,False,True,False,False,False
5.2,4.0,6.9,7,838,5.1,27.6,135.16129032258064,0.00834326579261025,0.2125,True,False,False,False,False,False,False,False,False,False,True,False
4.4,5.0,5.4,2,466,13.6,27.0,86.29629629629629,0.004282655246252677,0.5666666666666667,True,False,False,False,False,False,False,True,False,False,False,False
5.5,5.4,4.6,6,345,24.8,24.84,53.07692307692308,0.017341040462427744,1.0333333333333334,False,False,False,False,False,True,False,True,False,False,False,False
7.7,5.2,1.5,7,201,17.7,7.800000000000001,23.10344827586207,0.034653465346534656,0.7374999999999999,False,False,False,False,False,True,True,False,False,False,False,False
6.4,5.0,2.7,3,387,4.4,13.5,52.2972972972973,0.007731958762886598,0.18333333333333335,False,False,False,True,False,False,False,False,True,False,False,False
6.2,6.1,4.1,3,283,5.2,25.009999999999998,39.30555555555556,0.01056338028169014,0.21666666666666667,False,False,False,True,False,False,False,False,False,False,True,False
4.5,5.9,4.7,0,106,15.3,27.730000000000004,19.272727272727273,0.0,0.6375000000000001,False,False,False,True,False,False,False,False,False,False,True,False
4.5,3.7,5.5,0,519,17.2,20.35,94.36363636363636,0.0,0.7166666666666667,False,False,True,False,False,False,False,False,False,False,False,True
6.9,4.2,2.7,3,519,18.4,11.340000000000002,65.69620253164557,0.0057692307692307696,0.7666666666666666,False,False,False,False,False,True,False,True,False,False,False,False
8.1,2.1,5.4,5,142,3.8,11.340000000000002,15.604395604395606,0.03496503496503497,0.15833333333333333,False,False,False,True,False,False,False,True,False,False,False,False
5.7,10.0,5.7,0,158,7.6,57.0,23.582089552238806,0.0,0.31666666666666665,False,False,False,True,False,False,False,False,False,False,True,False
5.4,4.2,2.9,2,398,17.4,12.18,62.1875,0.005012531328320802,0.725,False,True,False,False,False,False,False,False,True,False,False,False
9.9,9.5,4.2,3,35,14.3,39.9,3.2110091743119265,0.08333333333333333,0.5958333333333333,False,False,False,False,False,True,False,False,False,True,False,False
9.7,4.6,4.8,3,459,31.3,22.08,42.89719626168225,0.006521739130434782,1.3041666666666667,True,False,False,False,False,False,False,False,False,True,False,False
5.0,3.2,3.7,4,173,14.5,11.840000000000002,28.833333333333332,0.022988505747126436,0.6041666666666666,True,False,False,False,False,False,False,False,False,False,False,True
4.0,5.7,8.2,2,383,19.6,46.739999999999995,76.6,0.005208333333333333,0.8166666666666668,False,False,False,False,False,True,True,False,False,False,False,False
5.0,4.5,4.3,3,346,11.2,19.349999999999998,57.666666666666664,0.008645533141210375,0.4666666666666666,False,False,True,False,False,False,True,False,False,False,False,False
7.3,7.5,6.8,8,365,25.3,51.0,43.97590361445783,0.02185792349726776,1.0541666666666667,False,False,False,False,True,False,False,False,False,True,False,False
4.6,7.1,4.9,4,409,22.3,34.79,73.03571428571429,0.00975609756097561,0.9291666666666667,False,False,False,True,False,False,False,False,False,False,True,False
5.5,7.6,5.9,5,358,23.6,44.84,55.07692307692308,0.013927576601671309,0.9833333333333334,True,False,False,False,False,False,False,False,False,False,True,False
7.2,4.8,6.0,3,499,14.9,28.799999999999997,60.85365853658537,0.006,0.6208333333333333,True,False,False,False,False,False,False,False,False,True,False,False
9.4,7.8,5.3,6,199,15.6,41.339999999999996,19.134615384615383,0.03,0.65,False,True,False,False,False,False,False,False,False,True,False,False
2.7,7.2,8.0,1,290,9.7,57.6,78.37837837837837,0.003436426116838488,0.4041666666666666,False,False,False,False,False,True,False,True,False,False,False,False
4.6,6.0,2.6,3,368,4.7,15.600000000000001,65.71428571428572,0.008130081300813009,0.19583333333333333,True,False,False,False,False,False,False,False,False,True,False,False
4.4,9.7,3.1,5,270,25.7,30.07,50.0,0.01845018450184502,1.0708333333333333,False,True,False,False,False,False,False,True,False,False,False,False
6.6,5.0,7.3,8,230,26.3,36.5,30.263157894736842,0.03463203463203463,1.0958333333333334,False,True,False,False,False,False,False,False,True,False,False,False
6.6,8.1,1.5,2,269,6.0,12.149999999999999,35.39473684210527,0.007407407407407408,0.25,False,False,False,False,False,True,False,False,True,False,False,False
4.4,5.4,4.1,2,564,14.4,22.14,104.44444444444444,0.0035398230088495575,0.6,False,True,False,False,False,False,False,False,False,True,False,False
8.6,4.4,1.0,4,356,9.1,4.4,37.083333333333336,0.011204481792717087,0.37916666666666665,False,False,False,False,False,True,False,False,False,False,True,False
5.5,6.5,2.8,5,233,21.5,18.2,35.84615384615385,0.021367521367521368,0.8958333333333334,False,False,True,False,False,False,False,False,False,False,False,True
5.4,4.5,5.0,6,565,1.3,22.5,88.28125,0.01060070671378092,0.05416666666666667,False,False,True,False,False,False,False,False,False,True,False,False
8.7,5.4,8.8,4,72,22.8,47.52000000000001,7.422680412371134,0.0547945205479452,0.9500000000000001,True,False,False,False,False,False,False,True,False,False,False,False
5.4,2.2,4.7,8,603,9.5,10.340000000000002,94.21875,0.013245033112582781,0.3958333333333333,False,True,False,False,False,False,True,False,False,False,False,False
5.1,6.9,1.5,0,177,28.1,10.350000000000001,29.016393442622952,0.0,1.1708333333333334,False,False,True,False,False,False,False,False,True,False,False,False
7.1,1.9,2.2,1,470,16.6,4.18,58.0246913580247,0.0021231422505307855,0.6916666666666668,False,False,False,True,False,False,False,False,True,False,False,False
9.0,5.4,3.6,5,633,15.9,19.44,63.3,0.007886435331230283,0.6625,False,False,False,True,False,False,False,False,True,False,False,False
5.7,7.8,5.9,5,225,18.7,46.02,33.582089552238806,0.022123893805309734,0.7791666666666667,True,False,False,False,False,False,False,False,False,False,False,True
7.7,5.4,6.5,6,445,18.3,35.1,51.14942528735632,0.013452914798206279,0.7625000000000001,False,False,False,False,False,True,True,False,False,False,False,False
9.0,4.9,3.7,3,424,15.3,18.130000000000003,42.4,0.007058823529411765,0.6375000000000001,False,False,False,False,True,False,False,False,False,True,False,False
8.4,5.3,4.4,7,312,2.3,23.32,33.191489361702125,0.022364217252396165,0.09583333333333333,True,False,False,False,False,False,False,False,False,False,False,True
5.7,3.6,4.7,2,318,9.2,16.92,47.46268656716418,0.006269592476489028,0.3833333333333333,False,True,False,False,False,False,True,False,False,False,False,False
5.4,3.6,7.2,1,335,4.1,25.92,52.34375,0.002976190476190476,0.1708333333333333,False,False,False,False,False,True,False,False,True,False,False,False
6.2,6.9,3.1,3,25,5.3,21.39,3.4722222222222223,0.11538461538461539,0.22083333333333333,False,True,False,False,False,False,False,False,False,False,True,False
7.5,5.4,4.3,5,257,19.9,23.22,30.235294117647058,0.01937984496124031,0.8291666666666666,True,False,False,False,False,False,False,False,True,False,False,False
8.3,7.2,4.1,0,547,18.4,29.52,58.817204301075265,0.0,0.7666666666666666,False,False,False,False,False,True,False,False,False,False,True,False
5.3,9.2,6.5,2,389,7.8,59.8,61.74603174603175,0.005128205128205128,0.325,False,False,False,True,False,False,False,False,False,False,True,False
9.2,4.7,5.1,5,378,23.8,23.97,37.05882352941177,0.013192612137203167,0.9916666666666667,False,False,False,True,False,False,False,False,False,False,True,False
4.6,5.6,2.1,3,293,6.0,11.76,52.32142857142858,0.01020408163265306,0.25,False,False,True,False,False,False,False,False,False,True,False,False
5.9,4.0,6.8,4,479,13.2,27.2,69.42028985507245,0.008333333333333333,0.5499999999999999,False,False,False,True,False,False,False,False,False,False,True,False
5.3,5.2,6.1,6,435,9.4,31.72,69.04761904761905,0.013761467889908258,0.39166666666666666,False,False,False,True,False,False,False,False,True,False,False,False
9.5,2.8,5.3,3,216,24.3,14.839999999999998,20.571428571428573,0.013824884792626729,1.0125,False,False,False,False,True,False,False,True,False,False,False,False
3.6,2.5,7.6,0,520,15.9,19.0,113.04347826086958,0.0,0.6625,False,False,True,False,False,False,False,False,False,False,True,False
6.3,6.5,4.0,2,215,19.3,26.0,29.45205479452055,0.009259259259259259,0.8041666666666667,False,False,False,True,False,False,False,False,False,False,False,True
5.7,4.4,4.5,0,189,15.0,19.8,28.208955223880597,0.0,0.625,True,False,False,False,False,False,False,False,True,False,False,False
5.6,3.7,4.1,0,417,14.9,15.17,63.18181818181819,0.0,0.6208333333333333,False,False,False,False,True,False,False,True,False,False,False,False
9.4,6.7,4.8,5,122,21.1,32.16,11.73076923076923,0.04065040650406504,0.8791666666666668,False,False,False,False,True,False,False,False,False,False,True,False
7.7,4.3,5.6,0,404,23.5,24.08,46.43678160919541,0.0,0.9791666666666666,False,False,False,False,False,True,True,False,False,False,False,False
5.3,8.7,1.4,9,285,4.8,12.179999999999998,45.23809523809524,0.03146853146853147,0.19999999999999998,False,True,False,False,False,False,False,False,False,False,False,True
2.7,7.4,6.6,7,21,26.0,48.839999999999996,5.675675675675675,0.3181818181818182,1.0833333333333333,True,False,False,False,False,False,False,False,False,False,True,False
4.9,7.5,5.0,8,435,11.2,37.5,73.72881355932203,0.01834862385321101,0.4666666666666666,True,False,False,False,False,False,False,False,False,True,False,False
3.3,5.0,5.9,3,275,11.4,29.5,63.95348837209303,0.010869565217391304,0.47500000000000003,False,False,False,False,True,False,False,False,False,False,True,False
8.2,6.4,3.0,6,180,10.9,19.200000000000003,19.565217391304348,0.03314917127071823,0.45416666666666666,False,False,True,False,False,False,False,True,False,False,False,False
6.6,6.9,8.6,1,431,8.7,59.34,56.71052631578948,0.0023148148148148147,0.3625,False,False,False,False,False,True,False,False,False,True,False,False
6.4,1.4,5.3,5,228,4.2,7.419999999999999,30.81081081081081,0.021834061135371178,0.17500000000000002,False,False,False,True,False,False,False,False,False,False,True,False
7.9,5.2,2.0,4,473,12.9,10.4,53.146067415730336,0.008438818565400843,0.5375,True,False,False,False,False,False,False,False,False,False,False,True
4.7,9.4,4.9,5,390,28.9,46.06,68.42105263157895,0.01278772378516624,1.2041666666666666,False,True,False,False,False,False,False,False,False,False,False,True
4.4,4.2,5.3,2,383,13.2,22.26,70.92592592592592,0.005208333333333333,0.5499999999999999,False,True,False,False,False,False,False,False,False,False,True,False
4.4,1.6,0.0,6,256,7.8,0.0,47.407407407407405,0.023346303501945526,0.325,False,False,False,False,False,True,False,False,False,False,True,False
3.5,3.7,3.1,1,0,24.8,11.47,0.0,1.0,1.0333333333333334,False,False,False,False,False,True,False,False,False,False,False,True
5.6,6.0,3.2,6,431,24.6,19.200000000000003,65.30303030303031,0.013888888888888888,1.0250000000000001,False,False,True,False,False,False,False,False,False,False,False,True
7.5,7.2,3.0,6,397,16.0,21.6,46.705882352941174,0.01507537688442211,0.6666666666666666,False,False,False,False,True,False,False,True,False,False,False,False
1.9,3.4,7.4,5,522,15.5,25.16,180.0,0.009560229445506692,0.6458333333333334,False,False,False,False,True,False,False,True,False,False,False,False
7.8,3.7,9.3,3,298,19.6,34.410000000000004,33.86363636363636,0.010033444816053512,0.8166666666666668,False,False,False,True,False,False,False,False,False,False,True,False
8.5,2.1,5.3,4,388,10.3,11.13,40.8421052631579,0.010282776349614395,0.4291666666666667,False,False,False,True,False,False,True,False,False,False,False,False
3.3,8.4,3.8,7,132,18.5,31.919999999999998,30.697674418604652,0.05263157894736842,0.7708333333333334,False,False,True,False,False,False,False,False,False,False,False,True
6.6,5.5,3.9,1,345,23.4,21.45,45.39473684210527,0.002890173410404624,0.975,False,True,False,False,False,False,False,False,True,False,False,False
10.0,4.9,2.6,2,604,16.7,12.740000000000002,54.90909090909091,0.003305785123966942,0.6958333333333333,False,False,False,False,False,True,True,False,False,False,False,False
8.9,2.5,5.2,5,326,11.4,13.0,32.92929292929293,0.01529051987767584,0.47500000000000003,False,False,False,False,False,True,True,False,False,False,False,False
7.0,5.4,6.1,6,166,17.6,32.94,20.75,0.03592814371257485,0.7333333333333334,False,False,False,False,True,False,False,False,False,False,False,True
5.0,6.8,6.6,5,193,11.9,44.879999999999995,32.166666666666664,0.02577319587628866,0.49583333333333335,False,True,False,False,False,False,False,False,False,True,False,False
10.0,4.7,3.5,4,323,13.9,16.45,29.363636363636363,0.012345679012345678,0.5791666666666667,False,False,False,True,False,False,False,False,False,False,True,False
7.2,6.2,4.4,2,21,29.4,27.280000000000005,2.5609756097560976,0.09090909090909091,1.2249999999999999,False,False,False,False,False,True,False,False,True,False,False,False
4.8,4.6,5.0,5,221,24.2,23.0,38.10344827586207,0.02252252252252252,1.0083333333333333,False,False,True,False,False,False,False,False,True,False,False,False
8.5,5.7,2.9,6,344,18.3,16.53,36.21052631578947,0.017391304347826087,0.7625000000000001,False,False,True,False,False,False,True,False,False,False,False,False
3.8,3.4,5.5,4,250,16.4,18.7,52.083333333333336,0.01593625498007968,0.6833333333333332,False,False,True,False,False,False,False,True,False,False,False,False
0.1,2.8,6.5,2,434,26.0,18.2,394.5454545454545,0.004597701149425287,1.0833333333333333,True,False,False,False,False,False,False,False,False,False,False,True
5.9,3.5,3.6,2,423,2.6,12.6,61.30434782608695,0.0047169811320754715,0.10833333333333334,False,False,False,True,False,False,False,False,False,False,True,False
7.6,1.2,2.7,2,33,27.2,3.24,3.8372093023255816,0.058823529411764705,1.1333333333333333,False,True,False,False,False,False,False,True,False,False,False,False
7.2,6.8,2.8,0,364,11.8,19.04,44.390243902439025,0.0,0.4916666666666667,True,False,False,False,False,False,False,False,False,False,False,True
5.1,5.0,6.1,2,202,16.1,30.5,33.114754098360656,0.009852216748768473,0.6708333333333334,False,False,True,False,False,False,False,True,False,False,False,False
6.5,7.0,2.6,5,425,14.2,18.2,56.666666666666664,0.011737089201877934,0.5916666666666667,False,False,False,False,False,True,False,False,True,False,False,False
5.7,4.4,5.7,4,506,14.7,25.080000000000002,75.52238805970148,0.007889546351084813,0.6124999999999999,False,False,True,False,False,False,False,False,False,False,False,True
7.0,10.0,6.0,2,302,11.1,60.0,37.75,0.006600660066006601,0.46249999999999997,False,False,True,False,False,False,False,False,False,True,False,False
6.6,4.4,1.4,0,314,19.7,6.16,41.31578947368421,0.0,0.8208333333333333,True,False,False,False,False,False,False,False,False,False,False,True
6.6,5.6,2.6,2,0,11.2,14.559999999999999,0.0,2.0,0.4666666666666666,False,False,True,False,False,False,False,False,False,True,False,False
6.6,3.8,6.5,5,443,13.8,24.7,58.28947368421053,0.01126126126126126,0.5750000000000001,False,False,False,True,False,False,False,False,True,False,False,False
6.8,4.8,1.2,0,452,9.2,5.76,57.94871794871795,0.0,0.3833333333333333,False,False,True,False,False,False,False,False,False,False,True,False
8.7,5.3,5.4,3,535,22.4,28.62,55.154639175257735,0.005597014925373134,0.9333333333333332,False,False,False,False,True,False,False,False,True,False,False,False
8.5,2.5,7.0,4,419,10.4,17.5,44.10526315789474,0.009523809523809525,0.43333333333333335,False,False,False,False,False,True,False,False,False,False,True,False
6.1,2.7,5.1,8,337,6.4,13.77,47.46478873239437,0.023668639053254437,0.26666666666666666,False,False,False,False,True,False,False,True,False,False,False,False
8.8,5.8,7.7,1,500,0.9,44.66,51.0204081632653,0.001996007984031936,0.0375,False,False,False,True,False,False,False,False,False,False,True,False
6.0,7.2,5.4,4,491,19.6,38.88,70.14285714285714,0.008130081300813009,0.8166666666666668,False,False,False,True,False,False,False,False,True,False,False,False
5.9,6.9,3.4,3,65,17.5,23.46,9.420289855072463,0.045454545454545456,0.7291666666666666,True,False,False,False,False,False,False,False,False,True,False,False
5.4,7.4,5.5,5,315,15.4,40.7,49.21875,0.015822784810126583,0.6416666666666667,False,False,False,True,False,False,False,False,False,False,False,True
5.9,4.6,1.3,7,135,24.3,5.9799999999999995,19.565217391304348,0.051470588235294115,1.0125,False,True,False,False,False,False,False,False,False,True,False,False
4.9,3.3,5.0,4,70,11.4,16.5,11.864406779661016,0.056338028169014086,0.47500000000000003,True,False,False,False,False,False,False,False,True,False,False,False
9.8,5.9,4.4,4,503,3.6,25.960000000000004,46.57407407407407,0.007936507936507936,0.15,False,False,True,False,False,False,False,False,False,True,False,False
8.4,8.4,5.2,4,0,9.3,43.68000000000001,0.0,4.0,0.3875,False,False,False,False,True,False,False,False,False,False,False,True
5.5,4.4,1.8,0,542,8.4,7.920000000000001,83.38461538461539,0.0,0.35000000000000003,False,False,False,False,False,True,False,False,False,False,False,True
3.8,5.4,1.7,3,390,14.8,9.18,81.25,0.0076726342710997444,0.6166666666666667,True,False,False,False,False,False,False,False,False,False,True,False
7.8,3.3,8.3,3,392,6.8,27.39,44.54545454545454,0.007633587786259542,0.2833333333333333,False,False,False,False,True,False,False,False,False,True,False,False
8.5,4.7,1.1,7,241,9.5,5.170000000000001,25.36842105263158,0.028925619834710745,0.3958333333333333,False,False,False,False,True,False,False,False,True,False,False,False
7.8,8.4,2.4,0,289,11.4,20.16,32.840909090909086,0.0,0.47500000000000003,False,False,False,True,False,False,False,False,False,True,False,False
4.5,4.3,5.1,4,179,6.1,21.929999999999996,32.54545454545455,0.022222222222222223,0.25416666666666665,False,False,False,False,False,True,False,False,True,False,False,False
6.0,10.0,5.5,6,244,13.6,55.0,34.857142857142854,0.024489795918367346,0.5666666666666667,False,True,False,False,False,False,False,False,False,False,True,False
6.9,3.3,4.4,4,33,0.4,14.52,4.177215189873418,0.11764705882352941,0.016666666666666666,False,False,False,False,True,False,False,False,False,False,True,False
1.8,6.1,4.0,6,556,4.4,24.4,198.57142857142858,0.010771992818671455,0.18333333333333335,False,True,False,False,False,False,True,False,False,False,False,False
5.0,4.7,3.8,4,439,16.9,17.86,73.16666666666667,0.00909090909090909,0.7041666666666666,False,False,False,True,False,False,False,False,False,False,False,True
5.9,4.3,6.5,0,423,17.1,27.95,61.30434782608695,0.0,0.7125,False,False,True,False,False,False,False,False,False,True,False,False
6.1,6.7,2.7,1,33,20.2,18.090000000000003,4.647887323943662,0.029411764705882353,0.8416666666666667,False,False,False,False,True,False,False,False,False,False,False,True
5.8,5.4,4.4,4,222,0.0,23.760000000000005,32.64705882352941,0.017937219730941704,0.0,False,False,False,True,False,False,False,False,False,True,False,False
6.0,4.4,5.7,6,324,29.4,25.080000000000002,46.285714285714285,0.018461538461538463,1.2249999999999999,False,True,False,False,False,False,False,False,True,False,False,False
6.9,6.0,7.5,6,564,8.9,45.0,71.39240506329114,0.010619469026548672,0.37083333333333335,False,False,False,True,False,False,False,True,False,False,False,False
8.4,8.8,4.5,4,450,2.1,39.6,47.87234042553191,0.008869179600886918,0.08750000000000001,False,False,False,False,False,True,False,False,True,False,False,False
8.2,3.4,3.2,2,80,0.0,10.88,8.695652173913045,0.024691358024691357,0.0,False,False,True,False,False,False,False,False,False,True,False,False
6.9,1.9,7.5,0,410,9.7,14.25,51.89873417721519,0.0,0.4041666666666666,True,False,False,False,False,False,False,False,True,False,False,False
7.4,4.8,5.0,4,228,13.7,24.0,27.142857142857142,0.017467248908296942,0.5708333333333333,False,False,True,False,False,False,True,False,False,False,False,False
5.0,3.7,5.5,8,363,7.8,20.35,60.5,0.02197802197802198,0.325,False,False,True,False,False,False,False,True,False,False,False,False
7.3,3.2,3.7,2,515,4.8,11.840000000000002,62.04819277108433,0.003875968992248062,0.19999999999999998,False,True,False,False,False,False,False,False,False,False,False,True
4.7,5.1,0.4,6,230,14.6,2.04,40.35087719298245,0.025974025974025976,0.6083333333333333,False,True,False,False,False,False,False,False,False,False,False,True
8.3,7.1,5.3,2,288,16.4,37.629999999999995,30.96774193548387,0.006920415224913495,0.6833333333333332,False,False,True,False,False,False,False,False,False,False,True,False
6.8,6.2,5.1,9,300,23.6,31.619999999999997,38.46153846153846,0.029900332225913623,0.9833333333333334,False,False,False,True,False,False,False,False,False,False,False,True
4.9,5.1,3.9,4,572,13.8,19.889999999999997,96.94915254237287,0.006980802792321117,0.5750000000000001,False,True,False,False,False,False,False,True,False,False,False,False
10.0,3.4,10.0,11,201,14.8,34.0,18.272727272727273,0.054455445544554455,0.6166666666666667,True,False,False,False,False,False,False,False,False,False,False,True
2.2,3.5,2.6,7,136,20.6,9.1,42.5,0.051094890510948905,0.8583333333333334,False,False,False,False,True,False,False,False,True,False,False,False
5.3,8.2,6.7,0,291,14.5,54.94,46.19047619047619,0.0,0.6041666666666666,False,False,True,False,False,False,False,False,True,False,False,False
5.4,8.8,4.5,1,30,29.7,39.6,4.6875,0.03225806451612903,1.2375,False,False,True,False,False,False,True,False,False,False,False,False
7.0,6.3,3.9,1,191,16.8,24.57,23.875,0.005208333333333333,0.7000000000000001,True,False,False,False,False,False,False,False,False,False,False,True
6.4,5.5,7.4,2,378,18.9,40.7,51.08108108108108,0.005277044854881266,0.7875,False,False,False,True,False,False,False,False,True,False,False,False
5.0,8.2,5.4,3,91,5.4,44.28,15.166666666666666,0.03260869565217391,0.225,False,False,True,False,False,False,False,False,False,True,False,False
8.0,9.1,5.1,1,620,19.0,46.41,68.88888888888889,0.001610305958132045,0.7916666666666666,True,False,False,False,False,False,False,False,False,True,False,False
5.3,3.5,3.6,0,466,16.3,12.6,73.96825396825398,0.0,0.6791666666666667,False,False,False,True,False,False,True,False,False,False,False,False
7.3,3.8,6.1,1,49,20.3,23.179999999999996,5.903614457831325,0.02,0.8458333333333333,False,False,False,False,False,True,True,False,False,False,False,False
6.6,6.6,3.3,2,276,22.0,21.779999999999998,36.31578947368421,0.007220216606498195,0.9166666666666666,True,False,False,False,False,False,False,False,False,False,False,True
5.5,3.4,4.7,5,97,16.8,15.98,14.923076923076923,0.05102040816326531,0.7000000000000001,False,False,True,False,False,False,False,False,True,False,False,False
5.8,5.3,6.3,3,27,5.0,33.39,3.9705882352941178,0.10714285714285714,0.20833333333333334,False,False,False,False,True,False,False,False,False,False,True,False
4.0,4.0,3.9,2,444,0.0,15.6,88.8,0.0044943820224719105,0.0,True,False,False,False,False,False,True,False,False,False,False,False
7.3,4.9,0.0,4,335,8.2,0.0,40.361445783132524,0.011904761904761904,0.3416666666666666,False,False,False,False,True,False,False,True,False,False,False,False
7.6,5.7,2.7,4,609,22.0,15.390000000000002,70.81395348837209,0.006557377049180328,0.9166666666666666,False,False,False,True,False,False,False,False,False,False,True,False
7.1,8.6,4.1,2,87,19.0,35.26,10.74074074074074,0.022727272727272728,0.7916666666666666,False,False,True,False,False,False,False,True,False,False,False,False
7.9,6.8,7.7,0,325,23.9,52.36,36.51685393258427,0.0,0.9958333333333332,False,False,False,False,True,False,True,False,False,False,False,False
1.7,7.1,2.0,4,149,26.7,14.2,55.18518518518518,0.02666666666666667,1.1125,False,True,False,False,False,False,False,False,False,False,True,False
4.6,5.4,7.5,3,54,31.6,40.5,9.642857142857144,0.05454545454545454,1.3166666666666667,True,False,False,False,False,False,False,True,False,False,False,False
6.4,2.9,4.8,4,308,8.3,13.92,41.62162162162162,0.012944983818770227,0.3458333333333334,False,False,False,True,False,False,False,False,False,False,False,True
8.1,5.0,3.0,6,428,3.1,15.0,47.032967032967036,0.013986013986013986,0.12916666666666668,True,False,False,False,False,False,False,True,False,False,False,False
8.1,6.0,6.4,5,225,0.0,38.400000000000006,24.725274725274726,0.022123893805309734,0.0,True,False,False,False,False,False,False,False,False,False,False,True
8.3,1.8,6.4,4,328,9.8,11.520000000000001,35.26881720430107,0.0121580547112462,0.4083333333333334,False,False,True,False,False,False,False,True,False,False,False,False
6.8,6.3,1.4,3,552,14.8,8.819999999999999,70.76923076923077,0.0054249547920434,0.6166666666666667,True,False,False,False,False,False,False,True,False,False,False,False
7.6,1.7,7.1,1,522,9.3,12.069999999999999,60.697674418604656,0.0019120458891013384,0.3875,True,False,False,False,False,False,True,False,False,False,False,False
3.7,3.7,1.7,5,495,13.7,6.29,105.31914893617021,0.010080645161290322,0.5708333333333333,False,True,False,False,False,False,False,False,False,True,False,False
7.0,4.5,4.8,1,335,15.7,21.599999999999998,41.875,0.002976190476190476,0.6541666666666667,True,False,False,False,False,False,False,False,False,False,True,False
7.7,5.4,5.2,8,37,20.0,28.080000000000002,4.252873563218391,0.21052631578947367,0.8333333333333334,False,True,False,False,False,False,False,False,False,False,False,True
7.0,7.8,3.1,6,141,6.0,24.18,17.625,0.04225352112676056,0.25,False,False,True,False,False,False,False,False,False,True,False,False
8.8,3.4,6.4,3,481,20.8,21.76,49.08163265306122,0.006224066390041493,0.8666666666666667,False,False,False,True,False,False,True,False,False,False,False,False
5.7,6.1,3.5,2,72,27.3,21.349999999999998,10.746268656716417,0.0273972602739726,1.1375,False,False,False,False,False,True,False,False,True,False,False,False
5.2,5.4,7.6,3,177,25.3,41.04,28.548387096774192,0.016853932584269662,1.0541666666666667,False,False,False,False,True,False,False,True,False,False,False,False
6.9,7.5,4.0,5,103,2.5,30.0,13.037974683544304,0.04807692307692308,0.10416666666666667,True,False,False,False,False,False,True,False,False,False,False,False
5.4,3.1,2.8,0,627,14.6,8.68,97.96875,0.0,0.6083333333333333,False,False,False,False,True,False,False,False,False,False,True,False
8.4,6.1,1.2,9,273,4.6,7.319999999999999,29.04255319148936,0.032846715328467155,0.19166666666666665,False,False,False,True,False,False,True,False,False,False,False,False
5.8,3.8,6.8,6,394,11.3,25.84,57.94117647058824,0.015189873417721518,0.4708333333333334,False,False,False,True,False,False,False,False,False,True,False,False
7.9,6.1,7.5,1,283,2.5,45.75,31.79775280898876,0.0035211267605633804,0.10416666666666667,False,False,True,False,False,False,False,False,False,False,False,True
7.1,1.5,0.9,5,312,1.5,1.35,38.51851851851852,0.01597444089456869,0.0625,False,False,True,False,False,False,False,False,False,False,True,False
5.2,5.1,4.3,0,266,2.0,21.929999999999996,42.90322580645161,0.0,0.08333333333333333,False,False,False,False,True,False,False,False,False,False,True,False
8.7,7.3,3.4,2,217,14.1,24.82,22.37113402061856,0.009174311926605505,0.5875,True,False,False,False,False,False,False,False,True,False,False,False
4.4,3.4,6.5,2,215,14.4,22.099999999999998,39.81481481481481,0.009259259259259259,0.6,True,False,False,False,False,False,False,False,False,False,True,False
7.3,7.7,4.7,6,375,10.5,36.190000000000005,45.18072289156626,0.015957446808510637,0.4375,False,False,False,True,False,False,False,False,False,True,False,False
4.9,3.9,0.0,4,542,9.7,0.0,91.86440677966101,0.007366482504604052,0.4041666666666666,True,False,False,False,False,False,False,False,True,False,False,False
4.4,2.1,5.6,0,416,22.3,11.76,77.03703703703704,0.0,0.9291666666666667,False,False,True,False,False,False,False,True,False,False,False,False
6.6,5.1,7.1,7,324,19.0,36.209999999999994,42.631578947368425,0.021538461538461538,0.7916666666666666,False,False,False,False,True,False,False,True,False,False,False,False
7.6,7.8,1.5,5,464,18.3,11.7,53.95348837209303,0.010752688172043012,0.7625000000000001,False,False,False,True,False,False,False,True,False,False,False,False
4.7,4.7,4.0,6,578,24.0,18.8,101.40350877192982,0.010362694300518135,1.0,False,False,True,False,False,False,False,True,False,False,False,False
7.9,6.9,0.9,0,217,0.7,6.210000000000001,24.382022471910112,0.0,0.029166666666666664,False,False,False,True,False,False,False,False,False,False,False,True
9.0,3.2,6.5,2,558,15.0,20.8,55.8,0.0035778175313059034,0.625,False,False,False,False,True,False,False,False,False,False,True,False
3.6,4.8,7.4,5,486,14.7,35.52,105.65217391304348,0.01026694045174538,0.6124999999999999,False,False,False,False,False,True,True,False,False,False,False,False
7.4,6.3,3.6,5,205,5.3,22.68,24.404761904761905,0.024271844660194174,0.22083333333333333,False,False,False,False,False,True,False,False,False,True,False,False
5.1,2.5,6.6,1,433,13.7,16.5,70.98360655737706,0.002304147465437788,0.5708333333333333,False,False,False,False,True,False,False,False,False,False,False,True
6.5,6.6,7.2,4,254,35.4,47.519999999999996,33.86666666666667,0.01568627450980392,1.4749999999999999,False,False,False,False,True,False,False,False,False,False,True,False
7.5,2.3,3.4,1,262,24.7,7.819999999999999,30.823529411764707,0.0038022813688212928,1.0291666666666666,False,False,False,True,False,False,False,True,False,False,False,False
5.4,10.0,2.9,0,299,14.4,29.0,46.71875,0.0,0.6,False,False,False,False,True,False,False,False,False,False,False,True
6.3,5.6,2.1,2,687,15.0,11.76,94.10958904109589,0.0029069767441860465,0.625,True,False,False,False,False,False,True,False,False,False,False,False
5.0,2.8,5.7,1,411,7.2,15.959999999999999,68.5,0.0024271844660194173,0.3,False,False,False,False,True,False,False,True,False,False,False,False
7.1,9.9,9.0,1,453,9.0,89.10000000000001,55.92592592592593,0.0022026431718061676,0.375,False,False,False,True,False,False,False,False,True,False,False,False
5.1,4.1,7.5,5,415,18.8,30.749999999999996,68.03278688524591,0.01201923076923077,0.7833333333333333,False,False,False,True,False,False,False,True,False,False,False,False
5.9,1.4,5.7,3,178,21.5,7.9799999999999995,25.79710144927536,0.01675977653631285,0.8958333333333334,False,False,True,False,False,False,False,False,False,False,True,False
6.2,5.8,1.1,4,379,27.5,6.38,52.638888888888886,0.010526315789473684,1.1458333333333333,False,False,False,False,False,True,False,False,False,False,False,True
4.5,5.1,0.0,0,132,14.6,0.0,24.0,0.0,0.6083333333333333,False,False,False,False,False,True,False,False,True,False,False,False
7.6,3.5,4.8,2,226,12.8,16.8,26.27906976744186,0.00881057268722467,0.5333333333333333,False,True,False,False,False,False,False,False,False,False,True,False
7.2,3.1,2.5,5,592,9.8,7.75,72.19512195121952,0.008431703204047217,0.4083333333333334,False,True,False,False,False,False,False,False,False,True,False,False
4.1,4.3,6.8,2,155,13.4,29.24,30.3921568627451,0.01282051282051282,0.5583333333333333,True,False,False,False,False,False,False,False,False,True,False,False
4.1,2.9,8.1,0,400,14.4,23.49,78.43137254901961,0.0,0.6,False,False,True,False,False,False,False,False,False,False,True,False
4.7,4.0,5.2,4,615,19.0,20.8,107.89473684210526,0.006493506493506494,0.7916666666666666,False,False,False,False,False,True,False,False,False,True,False,False
3.3,3.8,3.9,0,465,21.2,14.819999999999999,108.13953488372094,0.0,0.8833333333333333,False,False,False,True,False,False,False,False,False,True,False,False
4.9,6.7,6.3,4,420,12.5,42.21,71.1864406779661,0.009501187648456057,0.5208333333333334,False,True,False,False,False,False,False,False,False,True,False,False
7.7,5.6,6.1,4,470,17.7,34.16,54.02298850574713,0.008492569002123142,0.7374999999999999,False,True,False,False,False,False,False,False,False,False,True,False
7.5,2.5,3.4,0,584,11.8,8.5,68.70588235294117,0.0,0.4916666666666667,False,True,False,False,False,False,False,False,False,False,True,False
5.7,4.9,6.1,6,378,18.3,29.89,56.417910447761194,0.0158311345646438,0.7625000000000001,False,True,False,False,False,False,False,False,True,False,False,False
2.4,7.2,1.6,5,506,22.6,11.520000000000001,148.8235294117647,0.009861932938856016,0.9416666666666668,False,False,False,False,False,True,False,False,True,False,False,False
9.0,9.5,5.8,2,236,16.6,55.1,23.6,0.008438818565400843,0.6916666666666668,False,False,False,False,True,False,False,True,False,False,False,False
8.8,4.5,7.4,10,227,18.7,33.300000000000004,23.163265306122447,0.043859649122807015,0.7791666666666667,True,False,False,False,False,False,False,False,False,False,False,True
8.9,2.0,4.4,1,350,18.2,8.8,35.35353535353535,0.002849002849002849,0.7583333333333333,False,False,False,False,True,False,True,False,False,False,False,False
6.2,5.2,3.0,2,223,18.8,15.600000000000001,30.97222222222222,0.008928571428571428,0.7833333333333333,False,False,False,False,True,False,False,True,False,False,False,False
6.1,3.6,7.1,5,358,9.4,25.56,50.42253521126761,0.013927576601671309,0.39166666666666666,False,False,True,False,False,False,True,False,False,False,False,False
5.5,3.8,6.1,0,257,14.4,23.179999999999996,39.53846153846154,0.0,0.6,True,False,False,False,False,False,True,False,False,False,False,False
4.0,7.3,0.7,5,399,13.2,5.109999999999999,79.8,0.0125,0.5499999999999999,False,False,False,False,True,False,True,False,False,False,False,False
6.9,3.8,3.8,0,388,29.4,14.44,49.11392405063291,0.0,1.2249999999999999,False,False,False,True,False,False,False,False,False,False,True,False
6.0,8.1,7.2,8,521,21.8,58.32,74.42857142857143,0.01532567049808429,0.9083333333333333,False,False,False,True,False,False,True,False,False,False,False,False
6.1,6.0,8.8,0,241,14.1,52.800000000000004,33.943661971830984,0.0,0.5875,True,False,False,False,False,False,False,False,False,False,False,True
8.6,7.9,4.1,10,325,12.1,32.39,33.85416666666667,0.03067484662576687,0.5041666666666667,False,False,False,True,False,False,False,True,False,False,False,False
7.3,4.1,5.9,2,246,23.0,24.189999999999998,29.63855421686747,0.008097165991902834,0.9583333333333334,False,False,False,False,False,True,True,False,False,False,False,False
5.3,3.4,3.8,4,180,3.4,12.92,28.571428571428573,0.022099447513812154,0.14166666666666666,False,False,True,False,False,False,False,False,False,False,True,False
6.8,5.0,0.9,8,205,13.8,4.5,26.28205128205128,0.038834951456310676,0.5750000000000001,False,True,False,False,False,False,False,False,False,False,True,False
0.0,2.7,3.6,5,276,9.6,9.72,276.0,0.018050541516245487,0.39999999999999997,False,True,False,False,False,False,False,False,False,False,True,False
6.3,5.2,0.0,1,8,24.3,0.0,1.095890410958904,0.1111111111111111,1.0125,True,False,False,False,False,False,False,False,False,False,False,True
4.9,2.7,6.6,2,23,18.1,17.82,3.8983050847457625,0.08333333333333333,0.7541666666666668,False,False,False,True,False,False,False,False,False,False,True,False
6.4,8.3,7.6,4,565,5.6,63.080000000000005,76.35135135135135,0.007067137809187279,0.2333333333333333,False,False,False,False,True,False,False,False,False,False,True,False
6.3,5.1,2.8,0,394,15.5,14.279999999999998,53.97260273972603,0.0,0.6458333333333334,True,False,False,False,False,False,False,True,False,False,False,False
8.3,3.9,8.7,3,126,19.9,33.93,13.548387096774192,0.023622047244094488,0.8291666666666666,False,False,True,False,False,False,False,False,True,False,False,False
2.3,1.4,5.5,1,397,13.1,7.699999999999999,120.30303030303031,0.002512562814070352,0.5458333333333333,False,False,True,False,False,False,False,False,False,False,False,True
6.5,5.8,5.4,0,335,27.8,31.32,44.666666666666664,0.0,1.1583333333333334,True,False,False,False,False,False,False,False,False,False,False,True
7.4,8.2,4.7,2,286,22.0,38.54,34.047619047619044,0.006968641114982578,0.9166666666666666,False,False,True,False,False,False,True,False,False,False,False,False
4.2,7.4,4.7,5,624,19.3,34.78,120.0,0.008,0.8041666666666667,False,False,False,False,True,False,False,False,True,False,False,False
6.1,6.7,5.5,0,497,12.2,36.85,70.0,0.0,0.5083333333333333,True,False,False,False,False,False,False,False,False,False,False,True
5.6,8.5,3.3,6,312,23.1,28.049999999999997,47.27272727272727,0.019169329073482427,0.9625,True,False,False,False,False,False,True,False,False,False,False,False
4.8,7.0,5.3,6,302,21.2,37.1,52.06896551724138,0.019801980198019802,0.8833333333333333,False,True,False,False,False,False,False,False,True,False,False,False
7.8,9.1,2.3,0,544,14.1,20.929999999999996,61.81818181818181,0.0,0.5875,False,True,False,False,False,False,False,False,False,False,False,True
5.2,2.2,8.1,6,477,5.2,17.82,76.93548387096774,0.012552301255230125,0.21666666666666667,False,False,True,False,False,False,False,False,False,True,False,False
6.0,6.1,3.5,2,434,23.8,21.349999999999998,62.0,0.004597701149425287,0.9916666666666667,False,True,False,False,False,False,False,True,False,False,False,False
6.3,7.0,3.8,2,340,12.4,26.599999999999998,46.57534246575342,0.005865102639296188,0.5166666666666667,False,True,False,False,False,False,False,False,False,True,False,False
7.8,9.2,3.1,4,269,2.7,28.52,30.568181818181817,0.014814814814814815,0.1125,False,False,True,False,False,False,False,False,False,True,False,False
6.2,3.7,4.8,4,265,21.1,17.76,36.80555555555556,0.015037593984962405,0.8791666666666668,False,False,False,True,False,False,False,False,False,True,False,False
9.6,7.0,5.5,0,407,19.2,38.5,38.39622641509434,0.0,0.7999999999999999,False,False,False,False,True,False,False,False,True,False,False,False
9.7,5.7,6.6,0,444,23.3,37.62,41.49532710280374,0.0,0.9708333333333333,False,False,False,False,True,False,False,False,False,True,False,False
6.3,7.9,3.5,6,401,20.2,27.650000000000002,54.93150684931507,0.014925373134328358,0.8416666666666667,True,False,False,False,False,False,False,False,False,False,True,False
2.8,5.5,4.0,2,190,34.1,22.0,50.0,0.010471204188481676,1.4208333333333334,False,False,False,True,False,False,True,False,False,False,False,False
5.7,6.4,6.4,3,380,16.0,40.96000000000001,56.71641791044776,0.007874015748031496,0.6666666666666666,False,False,False,True,False,False,False,False,False,False,True,False
6.1,2.9,7.7,8,385,3.6,22.33,54.225352112676056,0.02072538860103627,0.15,False,False,False,True,False,False,False,False,False,False,False,True
5.7,7.6,3.3,0,388,11.3,25.08,57.91044776119403,0.0,0.4708333333333334,False,False,False,False,True,False,False,False,False,False,True,False
6.9,8.5,9.3,4,114,0.0,79.05000000000001,14.430379746835442,0.034782608695652174,0.0,False,False,False,True,False,False,False,True,False,False,False,False
8.2,5.4,5.2,0,586,25.1,28.080000000000002,63.69565217391305,0.0,1.0458333333333334,False,False,False,False,False,True,True,False,False,False,False,False
4.1,7.0,1.2,5,333,15.4,8.4,65.29411764705883,0.014970059880239521,0.6416666666666667,False,False,False,False,False,True,False,True,False,False,False,False
5.5,6.1,8.3,0,317,22.1,50.63,48.76923076923077,0.0,0.9208333333333334,False,True,False,False,False,False,False,False,False,False,True,False
7.8,5.5,2.1,3,136,8.9,11.55,15.454545454545453,0.021897810218978103,0.37083333333333335,False,False,False,False,False,True,False,False,False,True,False,False
4.0,7.6,6.2,6,217,8.5,47.12,43.4,0.027522935779816515,0.3541666666666667,False,False,True,False,False,False,False,True,False,False,False,False
5.4,7.2,4.4,1,341,19.1,31.680000000000003,53.28125,0.0029239766081871343,0.7958333333333334,True,False,False,False,False,False,False,False,True,False,False,False
7.9,4.2,5.4,8,172,4.5,22.680000000000003,19.325842696629213,0.046242774566473986,0.1875,False,False,False,True,False,False,False,False,True,False,False,False
8.2,5.1,2.7,0,463,22.5,13.77,50.32608695652174,0.0,0.9375,True,False,False,False,False,False,False,False,False,True,False,False
7.2,6.0,7.7,1,184,10.3,46.2,22.439024390243905,0.005405405405405406,0.4291666666666667,False,True,False,False,False,False,True,False,False,False,False,False
6.5,5.5,4.3,4,384,24.9,23.65,51.2,0.01038961038961039,1.0374999999999999,True,False,False,False,False,False,False,False,False,True,False,False
6.5,1.4,4.8,4,557,10.0,6.72,74.26666666666667,0.007168458781362007,0.4166666666666667,False,True,False,False,False,False,False,False,False,False,True,False
6.1,6.0,6.9,0,522,15.0,41.400000000000006,73.52112676056339,0.0,0.625,True,False,False,False,False,False,True,False,False,False,False,False
6.7,2.7,4.9,6,407,25.3,13.230000000000002,52.857142857142854,0.014705882352941176,1.0541666666666667,True,False,False,False,False,False,False,False,False,True,False,False
4.9,5.6,7.8,6,442,18.6,43.68,74.91525423728812,0.013544018058690745,0.775,False,False,False,False,False,True,False,True,False,False,False,False
8.0,5.4,4.6,2,134,0.0,24.84,14.88888888888889,0.014814814814814815,0.0,False,False,False,False,False,True,False,False,True,False,False,False
7.1,4.6,7.2,3,0,5.9,33.12,0.0,3.0,0.24583333333333335,True,False,False,False,False,False,False,False,False,False,False,True
9.0,4.0,3.2,3,349,15.9,12.8,34.9,0.008571428571428572,0.6625,False,False,False,False,True,False,False,False,False,False,True,False
5.6,6.3,3.6,3,180,14.5,22.68,27.272727272727273,0.016574585635359115,0.6041666666666666,False,False,False,False,False,True,True,False,False,False,False,False
10.0,2.8,0.1,1,573,19.7,0.27999999999999997,52.09090909090909,0.0017421602787456446,0.8208333333333333,False,False,True,False,False,False,True,False,False,False,False,False
3.5,2.4,8.1,3,198,0.0,19.439999999999998,44.0,0.01507537688442211,0.0,True,False,False,False,False,False,False,False,False,True,False,False
4.3,5.9,4.0,3,353,14.0,23.6,66.60377358490567,0.00847457627118644,0.5833333333333334,False,False,False,False,False,True,True,False,False,False,False,False
4.0,7.2,4.9,5,52,4.5,35.28,10.4,0.09433962264150944,0.1875,True,False,False,False,False,False,False,False,True,False,False,False
3.8,5.9,3.2,11,87,12.7,18.880000000000003,18.125,0.125,0.5291666666666667,False,False,False,False,True,False,False,False,True,False,False,False
4.8,6.6,6.8,4,223,15.1,44.879999999999995,38.44827586206897,0.017857142857142856,0.6291666666666667,False,False,False,False,False,True,False,False,False,False,False,True
8.0,4.8,6.0,4,123,16.9,28.799999999999997,13.666666666666666,0.03225806451612903,0.7041666666666666,False,False,False,False,True,False,False,False,False,False,True,False
10.0,3.9,4.6,5,464,3.5,17.939999999999998,42.18181818181818,0.010752688172043012,0.14583333333333334,True,False,False,False,False,False,True,False,False,False,False,False
7.3,6.4,3.6,4,192,11.9,23.040000000000003,23.132530120481924,0.02072538860103627,0.49583333333333335,False,False,False,True,False,False,True,False,False,False,False,False
7.8,7.3,7.6,4,81,18.7,55.48,9.204545454545453,0.04878048780487805,0.7791666666666667,False,True,False,False,False,False,True,False,False,False,False,False
5.9,4.5,7.2,0,337,14.4,32.4,48.84057971014492,0.0,0.6,False,False,False,True,False,False,True,False,False,False,False,False
8.0,2.1,6.5,2,0,0.0,13.65,0.0,2.0,0.0,False,True,False,False,False,False,False,True,False,False,False,False
3.4,6.3,4.3,2,283,12.5,27.09,64.31818181818181,0.007042253521126761,0.5208333333333334,False,True,False,False,False,False,False,True,False,False,False,False
6.3,1.6,4.6,5,517,15.2,7.359999999999999,70.82191780821918,0.009652509652509652,0.6333333333333333,False,False,False,False,True,False,False,False,False,False,True,False
6.9,4.4,4.2,5,344,14.2,18.480000000000004,43.54430379746835,0.014492753623188406,0.5916666666666667,False,False,False,False,True,False,False,False,False,True,False,False
8.1,6.9,5.6,4,406,22.0,38.64,44.61538461538462,0.009828009828009828,0.9166666666666666,False,False,False,False,False,True,False,False,True,False,False,False
6.3,4.9,4.2,3,401,5.9,20.580000000000002,54.93150684931507,0.007462686567164179,0.24583333333333335,False,True,False,False,False,False,False,True,False,False,False,False
5.4,5.8,0.1,5,244,0.0,0.58,38.125,0.02040816326530612,0.0,False,False,True,False,False,False,False,False,False,False,False,True
7.8,4.4,4.0,7,496,10.3,17.6,56.36363636363636,0.014084507042253521,0.4291666666666667,False,False,False,True,False,False,False,False,False,False,False,True
5.0,1.2,8.8,8,516,6.1,10.56,86.0,0.015473887814313346,0.25416666666666665,False,False,False,False,True,False,False,False,False,False,True,False
6.0,8.5,0.0,0,205,19.5,0.0,29.285714285714285,0.0,0.8125,False,False,True,False,False,False,False,False,False,False,False,True
4.5,6.0,7.2,5,274,2.4,43.2,49.81818181818182,0.01818181818181818,0.09999999999999999,False,False,True,False,False,False,False,False,False,True,False,False
5.0,6.1,5.1,0,506,14.4,31.109999999999996,84.33333333333333,0.0,0.6,False,False,False,True,False,False,False,False,False,True,False,False
5.5,3.5,5.1,0,304,15.5,17.849999999999998,46.76923076923077,0.0,0.6458333333333334,False,False,False,True,False,False,False,True,False,False,False,False
5.8,2.0,7.0,4,316,13.7,14.0,46.470588235294116,0.012618296529968454,0.5708333333333333,False,False,False,True,False,False,False,False,False,False,True,False
6.8,6.5,5.2,4,327,31.2,33.800000000000004,41.92307692307693,0.012195121951219513,1.3,False,False,True,False,False,False,False,False,True,False,False,False
5.9,6.9,5.7,5,190,12.6,39.330000000000005,27.53623188405797,0.02617801047120419,0.525,True,False,False,False,False,False,False,False,False,False,True,False
5.1,6.2,4.0,7,535,5.1,24.8,87.70491803278689,0.013059701492537313,0.2125,False,True,False,False,False,False,False,False,True,False,False,False
10.0,5.6,4.3,5,269,15.8,24.08,24.454545454545453,0.018518518518518517,0.6583333333333333,False,True,False,False,False,False,False,True,False,False,False,False
7.5,2.0,5.0,3,474,13.5,10.0,55.76470588235294,0.00631578947368421,0.5625,False,False,False,True,False,False,False,False,True,False,False,False
5.8,4.4,4.2,0,275,4.5,18.480000000000004,40.44117647058824,0.0,0.1875,True,False,False,False,False,False,False,False,True,False,False,False
4.6,8.2,6.4,4,236,15.0,52.48,42.142857142857146,0.016877637130801686,0.625,False,False,True,False,False,False,False,False,True,False,False,False
4.0,5.3,6.6,5,449,13.5,34.98,89.8,0.011111111111111112,0.5625,False,True,False,False,False,False,False,False,False,False,True,False
5.9,4.0,10.0,4,523,15.1,40.0,75.79710144927536,0.007633587786259542,0.6291666666666667,True,False,False,False,False,False,True,False,False,False,False,False
3.9,4.1,6.3,8,173,23.4,25.83,35.306122448979586,0.04597701149425287,0.975,False,False,False,True,False,False,False,False,False,False,False,True
4.2,9.0,1.3,1,269,20.5,11.700000000000001,51.730769230769226,0.003703703703703704,0.8541666666666666,False,True,False,False,False,False,True,False,False,False,False,False
7.3,6.9,3.8,5,517,8.1,26.22,62.28915662650602,0.009652509652509652,0.33749999999999997,False,False,False,True,False,False,False,True,False,False,False,False
4.3,0.9,6.4,7,328,11.9,5.760000000000001,61.88679245283019,0.02127659574468085,0.49583333333333335,False,False,False,False,True,False,False,False,False,True,False,False
4.2,3.0,1.3,5,239,1.6,3.9000000000000004,45.96153846153846,0.020833333333333332,0.06666666666666667,False,False,False,False,True,False,True,False,False,False,False,False
5.9,10.0,7.5,0,420,31.2,75.0,60.869565217391305,0.0,1.3,False,False,True,False,False,False,False,False,False,False,True,False
8.5,2.7,3.8,9,312,3.9,10.26,32.8421052631579,0.02875399361022364,0.1625,False,True,False,False,False,False,False,False,False,False,True,False
5.6,5.8,6.1,2,122,11.6,35.379999999999995,18.484848484848484,0.016260162601626018,0.48333333333333334,False,True,False,False,False,False,False,False,False,True,False,False
9.6,1.4,7.9,5,84,6.8,11.06,7.9245283018867925,0.058823529411764705,0.2833333333333333,False,False,True,False,False,False,False,False,False,True,False,False
8.9,7.3,1.0,6,675,6.8,7.3,68.18181818181817,0.008875739644970414,0.2833333333333333,False,True,False,False,False,False,False,False,True,False,False,False
5.4,3.9,4.0,1,351,28.2,15.6,54.84375,0.002840909090909091,1.175,False,False,False,True,False,False,False,False,False,False,False,True
4.9,2.0,6.2,2,519,14.8,12.4,87.96610169491525,0.0038461538461538464,0.6166666666666667,False,False,False,False,True,False,False,False,False,False,False,True
4.7,6.8,3.6,2,271,15.8,24.48,47.54385964912281,0.007352941176470588,0.6583333333333333,False,False,False,False,False,True,False,False,False,False,True,False
8.1,5.0,1.6,4,180,9.7,8.0,19.78021978021978,0.022099447513812154,0.4041666666666666,False,True,False,False,False,False,False,False,False,False,False,True
10.0,3.2,5.2,5,295,19.0,16.64,26.818181818181817,0.016891891891891893,0.7916666666666666,False,True,False,False,False,False,True,False,False,False,False,False
7.2,8.4,5.8,0,218,13.9,48.72,26.58536585365854,0.0,0.5791666666666667,False,False,False,False,True,False,True,False,False,False,False,False
8.0,5.8,4.1,0,669,31.7,23.779999999999998,74.33333333333333,0.0,1.3208333333333333,True,False,False,False,False,False,False,True,False,False,False,False
9.1,2.8,1.6,0,668,7.9,4.4799999999999995,66.13861386138615,0.0,0.32916666666666666,False,False,False,False,True,False,False,False,False,False,True,False
6.3,5.1,1.0,0,625,9.2,5.1,85.61643835616438,0.0,0.3833333333333333,False,False,False,True,False,False,False,False,False,True,False,False
9.3,3.4,5.7,4,225,26.4,19.38,21.844660194174757,0.017699115044247787,1.0999999999999999,True,False,False,False,False,False,False,True,False,False,False,False
6.8,6.5,5.2,0,186,18.8,33.800000000000004,23.846153846153847,0.0,0.7833333333333333,True,False,False,False,False,False,False,True,False,False,False,False
5.9,5.7,5.7,3,0,4.0,32.49,0.0,3.0,0.16666666666666666,False,True,False,False,False,False,False,False,True,False,False,False
2.6,8.7,5.7,3,283,0.9,49.589999999999996,78.61111111111111,0.01056338028169014,0.0375,False,False,True,False,False,False,False,False,False,False,False,True
8.4,4.7,6.9,2,124,23.4,32.43,13.191489361702127,0.016,0.975,False,False,False,False,False,True,False,False,False,False,True,False
8.0,7.8,6.8,0,296,21.9,53.04,32.888888888888886,0.0,0.9125,False,True,False,False,False,False,False,True,False,False,False,False
8.0,6.8,4.1,7,268,15.4,27.879999999999995,29.77777777777778,0.026022304832713755,0.6416666666666667,False,False,False,True,False,False,True,False,False,False,False,False
10.0,4.2,5.2,6,526,18.3,21.840000000000003,47.81818181818182,0.011385199240986717,0.7625000000000001,True,False,False,False,False,False,False,False,False,False,False,True
5.5,0.0,5.1,2,475,9.1,0.0,73.07692307692308,0.004201680672268907,0.37916666666666665,False,False,False,True,False,False,False,False,False,False,True,False
7.7,5.2,4.0,4,0,20.4,20.8,0.0,4.0,0.85,False,False,False,False,False,True,False,False,False,False,False,True
8.6,3.3,2.9,5,536,9.8,9.569999999999999,55.833333333333336,0.00931098696461825,0.4083333333333334,False,False,False,True,False,False,True,False,False,False,False,False
8.5,6.6,7.0,5,111,13.6,46.199999999999996,11.68421052631579,0.044642857142857144,0.5666666666666667,False,False,False,False,False,True,True,False,False,False,False,False
7.4,6.3,3.6,7,191,9.4,22.68,22.738095238095237,0.036458333333333336,0.39166666666666666,False,True,False,False,False,False,False,False,True,False,False,False
6.4,7.1,4.5,1,110,7.2,31.95,14.864864864864865,0.009009009009009009,0.3,False,True,False,False,False,False,False,False,False,True,False,False
9.0,3.7,4.1,7,225,13.7,15.17,22.5,0.030973451327433628,0.5708333333333333,True,False,False,False,False,False,False,False,True,False,False,False
7.3,6.3,9.2,4,360,19.0,57.959999999999994,43.373493975903614,0.0110803324099723,0.7916666666666666,False,False,False,True,False,False,False,False,False,False,True,False
6.7,1.9,5.5,8,195,14.4,10.45,25.324675324675326,0.04081632653061224,0.6,False,True,False,False,False,False,False,False,False,False,True,False
7.8,5.4,5.7,5,287,8.8,30.780000000000005,32.61363636363636,0.017361111111111112,0.3666666666666667,False,False,False,False,False,True,False,False,False,True,False,False
7.9,3.2,7.5,10,551,12.6,24.0,61.91011235955056,0.018115942028985508,0.525,False,True,False,False,False,False,False,False,False,False,False,True
5.4,1.9,7.1,4,0,29.0,13.489999999999998,0.0,4.0,1.2083333333333333,False,False,False,True,False,False,True,False,False,False,False,False
9.0,6.7,1.6,3,309,9.1,10.72,30.9,0.00967741935483871,0.37916666666666665,False,False,False,True,False,False,False,False,False,False,True,False
4.9,4.3,5.1,0,398,13.6,21.929999999999996,67.45762711864407,0.0,0.5666666666666667,False,False,False,False,True,False,False,False,False,True,False,False
6.6,1.9,5.1,0,486,4.3,9.69,63.94736842105264,0.0,0.17916666666666667,False,False,False,True,False,False,False,False,False,False,True,False
5.2,6.0,5.2,3,403,28.1,31.200000000000003,65.0,0.007425742574257425,1.1708333333333334,False,False,True,False,False,False,False,False,True,False,False,False
7.0,5.9,3.2,4,298,19.1,18.880000000000003,37.25,0.013377926421404682,0.7958333333333334,False,False,False,True,False,False,False,True,False,False,False,False
6.7,2.1,2.7,7,218,8.3,5.670000000000001,28.31168831168831,0.0319634703196347,0.3458333333333334,False,True,False,False,False,False,False,False,False,False,True,False
8.5,3.4,7.0,0,262,20.8,23.8,27.57894736842105,0.0,0.8666666666666667,False,False,False,False,False,True,False,False,True,False,False,False
7.0,5.9,4.6,0,13,27.7,27.14,1.625,0.0,1.1541666666666666,False,False,True,False,False,False,False,False,False,True,False,False
5.7,3.1,6.5,0,606,21.0,20.150000000000002,90.44776119402985,0.0,0.875,False,False,False,True,False,False,False,False,True,False,False,False
7.3,5.3,3.6,2,44,23.3,19.08,5.301204819277108,0.044444444444444446,0.9708333333333333,True,False,False,False,False,False,False,False,False,False,False,True
5.6,3.4,4.8,5,456,10.3,16.32,69.0909090909091,0.010940919037199124,0.4291666666666667,False,True,False,False,False,False,False,False,False,True,False,False
7.4,6.0,3.8,2,339,17.4,22.799999999999997,40.357142857142854,0.0058823529411764705,0.725,False,False,False,True,False,False,False,False,False,False,True,False
2.3,5.4,3.6,5,16,17.0,19.44,4.848484848484849,0.29411764705882354,0.7083333333333334,False,True,False,False,False,False,True,False,False,False,False,False
7.1,3.2,1.6,2,247,7.6,5.120000000000001,30.49382716049383,0.008064516129032258,0.31666666666666665,False,False,False,False,True,False,False,False,False,True,False,False
7.0,4.5,4.8,5,364,16.4,21.599999999999998,45.5,0.0136986301369863,0.6833333333333332,False,True,False,False,False,False,False,False,False,False,True,False
7.7,3.1,4.3,5,186,12.0,13.33,21.379310344827587,0.026737967914438502,0.5,False,False,False,True,False,False,False,True,False,False,False,False
7.8,6.7,8.2,1,86,6.7,54.94,9.772727272727272,0.011494252873563218,0.2791666666666667,False,True,False,False,False,False,False,False,False,False,True,False
3.9,3.5,3.5,10,625,16.6,12.25,127.55102040816325,0.01597444089456869,0.6916666666666668,False,False,False,False,False,True,False,False,True,False,False,False
8.4,3.7,9.0,5,494,11.9,33.300000000000004,52.5531914893617,0.010101010101010102,0.49583333333333335,False,False,False,True,False,False,False,False,False,True,False,False
7.0,5.2,5.1,0,307,19.0,26.52,38.375,0.0,0.7916666666666666,False,True,False,False,False,False,False,False,False,True,False,False
2.2,6.6,4.1,1,404,5.5,27.059999999999995,126.25,0.0024691358024691358,0.22916666666666666,False,True,False,False,False,False,False,False,False,True,False,False
3.2,8.6,2.1,0,137,15.0,18.06,32.61904761904762,0.0,0.625,True,False,False,False,False,False,True,False,False,False,False,False
6.4,7.0,3.8,3,496,21.0,26.599999999999998,67.02702702702702,0.006036217303822937,0.875,False,False,True,False,False,False,True,False,False,False,False,False
5.3,6.9,1.7,2,156,10.4,11.73,24.761904761904763,0.012738853503184714,0.43333333333333335,True,False,False,False,False,False,False,False,False,True,False,False
8.6,6.8,4.5,2,409,26.0,30.599999999999998,42.60416666666667,0.004878048780487805,1.0833333333333333,False,False,False,False,False,True,False,False,False,False,False,True
5.9,5.7,0.9,2,426,0.0,5.13,61.7391304347826,0.00468384074941452,0.0,False,False,False,False,False,True,False,False,True,False,False,False
3.7,6.7,4.1,2,109,4.3,27.47,23.19148936170213,0.01818181818181818,0.17916666666666667,False,False,False,False,False,True,True,False,False,False,False,False
5.4,5.7,9.2,2,78,25.7,52.44,12.1875,0.02531645569620253,1.0708333333333333,False,False,False,False,True,False,False,False,False,False,False,True
2.5,6.3,8.0,6,364,14.4,50.4,104.0,0.01643835616438356,0.6,False,False,True,False,False,False,True,False,False,False,False,False
6.6,5.8,2.5,0,477,18.2,14.5,62.76315789473684,0.0,0.7583333333333333,False,False,True,False,False,False,False,False,False,True,False,False
4.3,6.7,5.8,5,352,21.0,38.86,66.41509433962264,0.014164305949008499,0.875,False,True,False,False,False,False,False,False,False,True,False,False
4.9,8.4,4.4,3,338,4.7,36.96000000000001,57.28813559322033,0.008849557522123894,0.19583333333333333,False,False,True,False,False,False,False,False,False,True,False,False
9.3,6.1,0.0,11,376,15.5,0.0,36.50485436893204,0.029177718832891247,0.6458333333333334,False,False,False,False,False,True,False,False,False,True,False,False
6.2,2.1,3.8,6,290,20.3,7.9799999999999995,40.27777777777778,0.020618556701030927,0.8458333333333333,False,False,True,False,False,False,True,False,False,False,False,False
3.3,7.3,3.6,0,474,14.4,26.28,110.23255813953489,0.0,0.6,True,False,False,False,False,False,False,False,True,False,False,False
7.9,7.4,3.2,6,284,12.9,23.680000000000003,31.91011235955056,0.021052631578947368,0.5375,False,False,True,False,False,False,False,False,True,False,False,False
9.2,2.8,4.8,5,224,8.7,13.44,21.96078431372549,0.022222222222222223,0.3625,False,False,False,False,True,False,False,False,False,False,True,False
6.0,6.7,8.3,0,485,3.6,55.61000000000001,69.28571428571429,0.0,0.15,False,False,True,False,False,False,False,False,False,False,True,False
6.7,6.2,2.1,0,68,21.3,13.020000000000001,8.831168831168831,0.0,0.8875000000000001,True,False,False,False,False,False,False,False,False,True,False,False
6.1,1.5,5.6,0,386,32.7,8.399999999999999,54.36619718309859,0.0,1.3625,True,False,False,False,False,False,False,False,True,False,False,False
5.4,6.6,4.1,7,468,7.0,27.059999999999995,73.125,0.014925373134328358,0.2916666666666667,False,True,False,False,False,False,False,False,False,True,False,False
6.4,2.3,3.1,1,338,10.6,7.13,45.67567567567567,0.0029498525073746312,0.44166666666666665,True,False,False,False,False,False,False,False,True,False,False,False
5.2,4.7,4.4,3,481,24.5,20.680000000000003,77.58064516129032,0.006224066390041493,1.0208333333333333,False,False,False,False,False,True,False,False,False,True,False,False
6.2,5.1,3.7,6,272,9.3,18.87,37.77777777777778,0.02197802197802198,0.3875,False,False,False,True,False,False,False,False,False,False,False,True
8.6,4.8,5.0,3,331,17.8,24.0,34.47916666666667,0.009036144578313253,0.7416666666666667,True,False,False,False,False,False,False,True,False,False,False,False
5.7,4.4,5.0,5,495,14.1,22.0,73.88059701492537,0.010080645161290322,0.5875,True,False,False,False,False,False,False,True,False,False,False,False
8.4,6.9,1.3,3,366,4.2,8.97,38.93617021276596,0.008174386920980926,0.17500000000000002,False,False,False,False,False,True,True,False,False,False,False,False
8.6,3.2,3.1,5,421,9.2,9.920000000000002,43.85416666666667,0.011848341232227487,0.3833333333333333,False,True,False,False,False,False,True,False,False,False,False,False
5.1,5.8,1.0,2,177,3.9,5.8,29.016393442622952,0.011235955056179775,0.1625,True,False,False,False,False,False,False,False,False,False,True,False
5.2,4.2,5.8,2,166,14.0,24.36,26.774193548387096,0.011976047904191617,0.5833333333333334,False,False,True,False,False,False,False,True,False,False,False,False
7.9,5.8,7.4,4,272,0.0,42.92,30.56179775280899,0.014652014652014652,0.0,False,False,False,False,False,True,False,True,False,False,False,False
7.2,5.4,2.4,10,498,27.8,12.96,60.73170731707317,0.02004008016032064,1.1583333333333334,False,False,False,False,True,False,True,False,False,False,False,False
5.7,7.3,4.9,0,495,10.2,35.77,73.88059701492537,0.0,0.425,False,False,False,True,False,False,False,True,False,False,False,False
9.4,4.7,5.1,2,375,11.3,23.97,36.05769230769231,0.005319148936170213,0.4708333333333334,True,False,False,False,False,False,False,False,False,False,False,True
4.4,6.1,5.1,6,353,30.1,31.109999999999996,65.37037037037037,0.01694915254237288,1.2541666666666667,False,False,False,True,False,False,False,False,False,False,False,True
8.1,8.6,4.1,6,290,3.3,35.26,31.86813186813187,0.020618556701030927,0.13749999999999998,False,True,False,False,False,False,False,False,False,False,False,True
5.6,4.6,4.1,3,353,15.5,18.859999999999996,53.484848484848484,0.00847457627118644,0.6458333333333334,False,False,False,True,False,False,False,True,False,False,False,False
8.7,0.4,7.7,4,0,19.8,3.08,0.0,4.0,0.8250000000000001,True,False,False,False,False,False,False,False,True,False,False,False
3.9,5.5,3.1,0,234,4.6,17.05,47.755102040816325,0.0,0.19166666666666665,False,False,True,False,False,False,False,False,False,True,False,False
4.1,5.7,3.9,9,250,14.4,22.23,49.01960784313726,0.035856573705179286,0.6,False,False,False,False,False,True,False,True,False,False,False,False
5.2,4.6,6.3,2,326,19.2,28.979999999999997,52.58064516129032,0.0061162079510703364,0.7999999999999999,False,True,False,False,False,False,False,False,False,False,False,True
6.1,8.9,8.5,8,447,17.2,75.65,62.95774647887324,0.017857142857142856,0.7166666666666667,False,False,True,False,False,False,False,False,False,True,False,False
3.1,5.7,4.6,5,199,13.6,26.22,48.53658536585366,0.025,0.5666666666666667,False,False,False,False,False,True,False,False,True,False,False,False
4.3,6.9,5.5,7,489,18.2,37.95,92.26415094339623,0.014285714285714285,0.7583333333333333,False,False,False,True,False,False,False,False,False,False,True,False
5.1,4.8,3.0,10,133,2.3,14.399999999999999,21.803278688524593,0.07462686567164178,0.09583333333333333,True,False,False,False,False,False,False,False,False,False,True,False
10.0,7.6,7.3,1,324,11.9,55.48,29.454545454545453,0.003076923076923077,0.49583333333333335,False,False,False,False,True,False,False,False,False,True,False,False
4.6,3.4,5.3,0,193,20.5,18.02,34.464285714285715,0.0,0.8541666666666666,False,True,False,False,False,False,False,False,False,True,False,False
4.6,8.1,2.4,3,323,32.2,19.439999999999998,57.67857142857143,0.009259259259259259,1.3416666666666668,False,True,False,False,False,False,False,False,True,False,False,False
6.1,2.5,3.7,5,343,8.2,9.25,48.30985915492958,0.014534883720930232,0.3416666666666666,False,False,True,False,False,False,False,False,False,True,False,False
6.4,4.2,7.1,3,289,2.5,29.82,39.05405405405405,0.010344827586206896,0.10416666666666667,True,False,False,False,False,False,False,False,False,False,False,True
8.2,5.4,5.2,2,296,22.6,28.080000000000002,32.173913043478265,0.006734006734006734,0.9416666666666668,True,False,False,False,False,False,False,False,False,True,False,False
8.3,8.0,4.2,4,409,19.4,33.6,43.97849462365591,0.00975609756097561,0.8083333333333332,False,True,False,False,False,False,False,True,False,False,False,False
6.6,4.0,4.0,5,569,18.3,16.0,74.86842105263159,0.008771929824561403,0.7625000000000001,False,False,False,True,False,False,False,False,False,True,False,False
6.3,4.0,3.2,0,72,23.3,12.8,9.863013698630137,0.0,0.9708333333333333,False,False,False,True,False,False,False,False,False,False,True,False
5.7,7.7,4.7,4,175,13.4,36.190000000000005,26.119402985074625,0.022727272727272728,0.5583333333333333,True,False,False,False,False,False,False,False,False,False,False,True
5.9,5.1,6.6,1,382,22.7,33.66,55.362318840579704,0.0026109660574412533,0.9458333333333333,False,True,False,False,False,False,False,True,False,False,False,False
4.5,4.4,1.4,7,317,21.7,6.16,57.63636363636363,0.0220125786163522,0.9041666666666667,False,False,False,True,False,False,False,False,False,False,True,False
8.1,6.9,5.1,2,403,24.6,35.19,44.285714285714285,0.0049504950495049506,1.0250000000000001,False,False,False,False,False,True,False,False,True,False,False,False
4.9,5.2,4.4,7,236,4.4,22.880000000000003,40.0,0.029535864978902954,0.18333333333333335,True,False,False,False,False,False,False,False,False,False,False,True
8.7,5.2,4.3,1,354,21.5,22.36,36.49484536082475,0.0028169014084507044,0.8958333333333334,False,False,False,False,False,True,False,False,False,True,False,False
7.5,7.0,3.1,0,91,12.4,21.7,10.705882352941176,0.0,0.5166666666666667,False,False,True,False,False,False,False,False,True,False,False,False
4.3,5.3,7.7,0,384,15.8,40.81,72.45283018867924,0.0,0.6583333333333333,False,True,False,False,False,False,False,True,False,False,False,False
4.6,5.7,1.5,4,208,0.0,8.55,37.142857142857146,0.019138755980861243,0.0,False,True,False,False,False,False,True,False,False,False,False,False
6.6,7.3,3.5,5,408,12.4,25.55,53.684210526315795,0.012224938875305624,0.5166666666666667,False,False,True,False,False,False,False,True,False,False,False,False
4.7,7.0,2.8,4,162,14.8,19.599999999999998,28.421052631578945,0.024539877300613498,0.6166666666666667,False,False,False,False,False,True,False,False,False,False,True,False
9.6,2.1,8.3,9,637,16.6,17.430000000000003,60.09433962264151,0.014106583072100314,0.6916666666666668,False,True,False,False,False,False,True,False,False,False,False,False
5.3,3.8,3.1,5,612,18.6,11.78,97.14285714285714,0.008156606851549755,0.775,False,False,False,False,False,True,False,False,True,False,False,False
8.5,7.4,4.5,3,632,11.9,33.300000000000004,66.52631578947368,0.004739336492890996,0.49583333333333335,False,False,False,True,False,False,False,True,False,False,False,False
4.5,5.3,1.5,0,306,5.2,7.949999999999999,55.63636363636363,0.0,0.21666666666666667,False,False,False,False,False,True,True,False,False,False,False,False
5.0,5.9,6.1,8,110,6.8,35.99,18.333333333333332,0.07207207207207207,0.2833333333333333,True,False,False,False,False,False,False,False,True,False,False,False
7.5,2.3,2.0,4,211,20.5,4.6,24.823529411764707,0.018867924528301886,0.8541666666666666,False,False,False,False,False,True,False,False,True,False,False,False
6.9,8.3,4.4,5,365,38.0,36.52,46.20253164556962,0.01366120218579235,1.5833333333333333,False,False,False,False,True,False,False,True,False,False,False,False
7.3,6.3,1.2,4,464,11.4,7.56,55.90361445783132,0.008602150537634409,0.47500000000000003,True,False,False,False,False,False,False,False,False,True,False,False
4.5,5.7,6.8,3,123,11.9,38.76,22.363636363636363,0.024193548387096774,0.49583333333333335,True,False,False,False,False,False,False,False,False,True,False,False
6.7,7.2,3.0,0,198,13.8,21.6,25.714285714285715,0.0,0.5750000000000001,False,False,False,False,True,False,False,False,False,False,True,False
3.4,10.0,3.7,2,414,16.2,37.0,94.09090909090908,0.004819277108433735,0.6749999999999999,True,False,False,False,False,False,False,False,False,True,False,False
3.5,6.2,4.0,0,333,19.7,24.8,74.0,0.0,0.8208333333333333,False,False,True,False,False,False,False,True,False,False,False,False
7.5,6.7,6.5,3,199,8.5,43.550000000000004,23.41176470588235,0.015,0.3541666666666667,False,True,False,False,False,False,False,True,False,False,False,False
7.7,8.1,1.0,7,191,26.7,8.1,21.95402298850575,0.036458333333333336,1.1125,False,True,False,False,False,False,True,False,False,False,False,False
6.0,5.2,2.5,12,0,0.0,13.0,0.0,12.0,0.0,False,False,True,False,False,False,False,True,False,False,False,False
9.0,3.6,5.9,0,337,2.0,21.240000000000002,33.7,0.0,0.08333333333333333,False,False,False,False,False,True,False,False,False,False,False,True
7.8,5.4,4.8,0,532,29.2,25.92,60.454545454545446,0.0,1.2166666666666666,False,False,False,True,False,False,False,False,False,False,True,False
6.9,1.4,3.7,4,77,11.1,5.18,9.746835443037975,0.05128205128205128,0.46249999999999997,False,False,False,False,False,True,False,True,False,False,False,False
6.7,5.2,1.6,0,41,13.1,8.32,5.324675324675325,0.0,0.5458333333333333,False,True,False,False,False,False,False,False,False,True,False,False
4.3,3.2,3.8,9,320,17.9,12.16,60.37735849056604,0.028037383177570093,0.7458333333333332,False,False,True,False,False,False,False,False,True,False,False,False
5.0,7.9,7.4,4,350,8.4,58.46000000000001,58.333333333333336,0.011396011396011397,0.35000000000000003,False,False,True,False,False,False,False,False,False,False,False,True
3.7,6.2,5.3,3,191,13.4,32.86,40.638297872340424,0.015625,0.5583333333333333,False,False,False,True,False,False,False,False,False,False,True,False
8.7,7.9,1.2,1,275,17.2,9.48,28.350515463917528,0.0036231884057971015,0.7166666666666667,True,False,False,False,False,False,False,False,False,True,False,False
2.1,2.2,4.0,5,460,14.8,8.8,148.38709677419354,0.010845986984815618,0.6166666666666667,False,False,False,True,False,False,False,False,True,False,False,False
3.0,6.5,4.9,4,430,26.3,31.85,107.5,0.009280742459396751,1.0958333333333334,False,False,False,True,False,False,False,False,False,False,True,False
5.4,4.7,4.7,6,286,16.7,22.090000000000003,44.6875,0.020905923344947737,0.6958333333333333,False,False,True,False,False,False,False,False,False,True,False,False
6.5,5.9,6.6,4,198,23.2,38.94,26.4,0.020100502512562814,0.9666666666666667,False,False,True,False,False,False,True,False,False,False,False,False
6.5,7.3,7.0,3,473,27.7,51.1,63.06666666666667,0.006329113924050633,1.1541666666666666,False,True,False,False,False,False,False,False,False,False,False,True
6.9,10.0,10.0,3,627,15.6,100.0,79.36708860759494,0.004777070063694267,0.65,True,False,False,False,False,False,False,False,False,False,True,False
6.2,7.4,5.0,1,233,0.3,37.0,32.36111111111111,0.004273504273504274,0.012499999999999999,True,False,False,False,False,False,True,False,False,False,False,False
10.0,6.5,0.1,12,251,36.1,0.65,22.818181818181817,0.047619047619047616,1.5041666666666667,False,False,False,True,False,False,False,True,False,False,False,False
5.8,5.8,1.6,7,535,12.4,9.28,78.67647058823529,0.013059701492537313,0.5166666666666667,False,True,False,False,False,False,False,False,True,False,False,False
4.5,3.4,5.2,2,302,14.4,17.68,54.90909090909091,0.006600660066006601,0.6,False,True,False,False,False,False,True,False,False,False,False,False
7.7,6.9,5.5,4,431,14.5,37.95,49.54022988505748,0.009259259259259259,0.6041666666666666,False,True,False,False,False,False,False,True,False,False,False,False
8.4,10.0,0.4,6,397,15.4,4.0,42.234042553191486,0.01507537688442211,0.6416666666666667,False,False,True,False,False,False,False,False,False,False,False,True
5.5,7.2,2.7,6,225,6.3,19.44,34.61538461538461,0.02654867256637168,0.2625,False,False,True,False,False,False,False,False,False,False,False,True
7.3,9.6,2.1,3,361,18.1,20.16,43.493975903614455,0.008287292817679558,0.7541666666666668,True,False,False,False,False,False,False,True,False,False,False,False
6.0,5.1,5.1,4,63,16.4,26.009999999999998,9.0,0.0625,0.6833333333333332,False,False,False,False,False,True,False,False,False,True,False,False
5.1,7.7,1.9,7,334,22.4,14.629999999999999,54.75409836065574,0.020895522388059702,0.9333333333333332,False,True,False,False,False,False,False,False,False,False,False,True
8.6,7.5,0.4,5,276,8.0,3.0,28.75,0.018050541516245487,0.3333333333333333,False,False,True,False,False,False,False,False,False,False,True,False
5.0,4.7,4.5,9,354,3.1,21.150000000000002,59.0,0.02535211267605634,0.12916666666666668,False,True,False,False,False,False,False,False,False,False,True,False
8.1,4.0,3.7,1,253,4.4,14.8,27.802197802197803,0.003937007874015748,0.18333333333333335,False,False,False,True,False,False,False,False,False,True,False,False
4.7,4.1,6.4,4,482,12.7,26.24,84.56140350877193,0.008281573498964804,0.5291666666666667,True,False,False,False,False,False,False,False,False,False,False,True
5.4,4.6,7.1,7,437,24.4,32.66,68.28125,0.01598173515981735,1.0166666666666666,False,False,False,False,False,True,False,False,False,False,True,False
5.1,3.6,6.5,6,446,15.4,23.400000000000002,73.11475409836066,0.013422818791946308,0.6416666666666667,False,False,False,True,False,False,False,False,True,False,False,False
4.9,3.1,2.7,9,128,19.4,8.370000000000001,21.694915254237287,0.06976744186046512,0.8083333333333332,True,False,False,False,False,False,False,False,True,False,False,False
7.8,5.2,3.7,4,226,20.0,19.240000000000002,25.68181818181818,0.01762114537444934,0.8333333333333334,False,False,True,False,False,False,False,False,False,False,True,False
7.5,4.3,10.0,0,327,0.0,43.0,38.470588235294116,0.0,0.0,False,False,True,False,False,False,False,False,False,False,True,False
3.6,6.4,4.6,3,422,18.6,29.439999999999998,91.73913043478261,0.0070921985815602835,0.775,False,True,False,False,False,False,False,False,False,False,False,True
7.6,3.0,6.2,3,278,8.8,18.6,32.32558139534884,0.010752688172043012,0.3666666666666667,True,False,False,False,False,False,False,False,False,True,False,False
5.5,2.5,4.9,0,0,5.2,12.25,0.0,0.0,0.21666666666666667,False,False,False,True,False,False,False,False,False,False,True,False
5.9,5.7,4.1,2,342,19.0,23.369999999999997,49.565217391304344,0.0058309037900874635,0.7916666666666666,False,False,False,True,False,False,True,False,False,False,False,False
6.6,7.1,7.3,6,274,17.9,51.83,36.05263157894737,0.02181818181818182,0.7458333333333332,False,True,False,False,False,False,False,False,True,False,False,False
1.8,4.9,2.4,4,475,14.4,11.76,169.64285714285717,0.008403361344537815,0.6,False,True,False,False,False,False,False,False,False,False,True,False
4.8,7.2,4.4,0,449,15.1,31.680000000000003,77.41379310344828,0.0,0.6291666666666667,False,False,False,True,False,False,False,False,False,True,False,False
7.0,1.5,3.6,2,232,7.7,5.4,29.0,0.008583690987124463,0.32083333333333336,False,False,False,True,False,False,True,False,False,False,False,False
7.0,6.1,5.5,8,316,14.4,33.55,39.5,0.025236593059936908,0.6,False,False,True,False,False,False,True,False,False,False,False,False
6.9,2.9,4.7,1,46,18.3,13.63,5.822784810126582,0.02127659574468085,0.7625000000000001,True,False,False,False,False,False,True,False,False,False,False,False
6.0,6.9,6.8,8,499,14.3,46.92,71.28571428571429,0.016,0.5958333333333333,False,False,False,False,True,False,False,True,False,False,False,False
4.3,7.2,0.0,0,47,11.6,0.0,8.867924528301888,0.0,0.48333333333333334,True,False,False,False,False,False,False,False,True,False,False,False
0.6,4.0,5.4,2,529,11.2,21.6,330.625,0.0037735849056603774,0.4666666666666666,False,False,True,False,False,False,False,False,False,False,False,True
6.6,8.2,4.8,8,457,11.9,39.35999999999999,60.131578947368425,0.017467248908296942,0.49583333333333335,True,False,False,False,False,False,False,False,False,False,True,False
9.0,3.1,3.8,7,327,24.0,11.78,32.7,0.021341463414634148,1.0,False,False,False,False,True,False,False,False,False,True,False,False
6.1,5.1,2.5,3,574,15.3,12.75,80.84507042253522,0.0052173913043478265,0.6375000000000001,False,False,False,False,False,True,False,False,True,False,False,False
4.5,6.7,7.6,0,325,14.5,50.92,59.09090909090909,0.0,0.6041666666666666,False,True,False,False,False,False,False,True,False,False,False,False
4.6,2.8,4.8,3,405,17.4,13.44,72.32142857142857,0.007389162561576354,0.725,True,False,False,False,False,False,False,False,True,False,False,False
5.1,3.8,7.2,3,393,12.5,27.36,64.42622950819673,0.007614213197969543,0.5208333333333334,False,False,False,False,True,False,False,False,False,False,True,False
7.9,4.1,4.7,6,181,17.5,19.27,20.337078651685392,0.03296703296703297,0.7291666666666666,False,False,True,False,False,False,False,False,False,False,True,False
7.9,7.7,8.6,5,167,0.8,66.22,18.764044943820224,0.02976190476190476,0.03333333333333333,False,False,True,False,False,False,True,False,False,False,False,False
7.6,2.3,2.8,3,556,9.7,6.4399999999999995,64.65116279069768,0.005385996409335727,0.4041666666666666,False,False,True,False,False,False,False,False,False,False,False,True
3.7,9.2,5.1,1,493,22.3,46.919999999999995,104.8936170212766,0.0020242914979757085,0.9291666666666667,True,False,False,False,False,False,False,False,False,False,True,False
7.8,4.5,5.8,1,261,14.2,26.099999999999998,29.659090909090907,0.003816793893129771,0.5916666666666667,True,False,False,False,False,False,False,False,False,True,False,False
5.6,3.6,3.7,4,480,8.9,13.32,72.72727272727273,0.008316008316008316,0.37083333333333335,False,True,False,False,False,False,False,True,False,False,False,False
8.6,6.5,4.1,4,276,5.4,26.65,28.75,0.01444043321299639,0.225,False,False,False,False,False,True,True,False,False,False,False,False
10.0,3.0,2.6,6,247,31.2,7.800000000000001,22.454545454545453,0.024193548387096774,1.3,False,True,False,False,False,False,False,False,False,False,True,False
6.2,6.0,3.5,3,148,17.5,21.0,20.555555555555554,0.020134228187919462,0.7291666666666666,False,False,False,True,False,False,False,False,False,False,True,False
4.9,7.2,3.8,8,217,10.0,27.36,36.77966101694915,0.03669724770642202,0.4166666666666667,False,True,False,False,False,False,True,False,False,False,False,False
7.5,5.4,3.2,5,101,19.7,17.28,11.882352941176471,0.049019607843137254,0.8208333333333333,False,False,True,False,False,False,False,False,True,False,False,False
8.0,7.7,5.6,0,208,10.0,43.12,23.11111111111111,0.0,0.4166666666666667,False,False,False,True,False,False,False,False,True,False,False,False
6.3,7.7,8.4,2,404,5.3,64.68,55.34246575342466,0.0049382716049382715,0.22083333333333333,False,False,False,False,True,False,False,True,False,False,False,False
8.9,6.0,5.7,4,47,27.4,34.2,4.747474747474747,0.08333333333333333,1.1416666666666666,False,False,False,False,False,True,False,False,True,False,False,False
7.8,6.6,5.3,4,290,28.0,34.98,32.95454545454545,0.013745704467353952,1.1666666666666667,False,False,False,False,False,True,False,False,False,False,False,True
5.7,10.0,5.5,0,385,20.1,55.0,57.46268656716418,0.0,0.8375,False,True,False,False,False,False,False,True,False,False,False,False
5.4,2.6,4.6,4,571,0.0,11.959999999999999,89.21875,0.006993006993006993,0.0,False,False,False,False,False,True,False,False,False,True,False,False
7.1,4.5,4.6,5,422,8.9,20.7,52.098765432098766,0.01182033096926714,0.37083333333333335,False,False,True,False,False,False,False,True,False,False,False,False
8.4,2.7,1.5,6,262,22.4,4.050000000000001,27.872340425531913,0.022813688212927757,0.9333333333333332,True,False,False,False,False,False,False,False,True,False,False,False
3.9,6.7,6.2,4,386,28.7,41.54,78.77551020408163,0.0103359173126615,1.1958333333333333,False,False,False,False,False,True,False,False,False,True,False,False
8.1,0.1,5.4,3,192,15.4,0.54,21.0989010989011,0.015544041450777202,0.6416666666666667,True,False,False,False,False,False,True,False,False,False,False,False
6.0,6.6,6.6,7,266,0.0,43.559999999999995,38.0,0.026217228464419477,0.0,False,True,False,False,False,False,False,False,False,False,True,False
6.4,4.3,1.9,6,0,5.1,8.17,0.0,6.0,0.2125,False,False,False,False,True,False,True,False,False,False,False,False
10.0,3.8,4.9,12,401,24.8,18.62,36.45454545454545,0.029850746268656716,1.0333333333333334,False,False,False,False,False,True,False,False,True,False,False,False
6.5,8.9,4.5,7,257,16.9,40.050000000000004,34.266666666666666,0.027131782945736434,0.7041666666666666,False,False,False,False,True,False,False,False,False,False,True,False
5.2,5.0,3.8,4,271,22.5,19.0,43.70967741935484,0.014705882352941176,0.9375,True,False,False,False,False,False,False,False,False,False,True,False
7.9,4.0,5.8,6,429,14.4,23.2,48.20224719101123,0.013953488372093023,0.6,True,False,False,False,False,False,False,False,True,False,False,False
1.9,4.3,6.5,4,601,15.9,27.95,207.24137931034483,0.006644518272425249,0.6625,False,False,False,True,False,False,False,True,False,False,False,False
3.7,4.0,0.0,2,200,22.0,0.0,42.5531914893617,0.009950248756218905,0.9166666666666666,False,False,False,False,True,False,True,False,False,False,False,False
6.2,4.5,3.2,3,351,5.3,14.4,48.75,0.008522727272727272,0.22083333333333333,False,False,False,False,True,False,False,False,True,False,False,False
8.4,7.4,5.3,1,298,6.4,39.22,31.702127659574465,0.0033444816053511705,0.26666666666666666,False,False,False,False,False,True,False,False,False,False,False,True
6.1,3.5,6.3,6,455,29.4,22.05,64.08450704225352,0.013157894736842105,1.2249999999999999,False,False,False,False,False,True,False,False,False,False,True,False
6.5,2.3,5.6,5,308,15.8,12.879999999999999,41.06666666666667,0.016181229773462782,0.6583333333333333,False,False,True,False,False,False,True,False,False,False,False,False
8.0,8.5,3.8,2,370,16.0,32.3,41.111111111111114,0.005390835579514825,0.6666666666666666,False,False,True,False,False,False,False,False,False,True,False,False
3.0,3.8,4.9,4,147,4.8,18.62,36.75,0.02702702702702703,0.19999999999999998,False,False,False,False,False,True,False,False,False,True,False,False
6.3,6.3,5.4,0,134,20.2,34.02,18.356164383561644,0.0,0.8416666666666667,False,True,False,False,False,False,False,False,False,False,True,False
6.4,2.9,3.9,0,94,16.4,11.309999999999999,12.702702702702702,0.0,0.6833333333333332,True,False,False,False,False,False,False,False,False,True,False,False
4.6,6.2,7.8,10,490,25.7,48.36,87.5,0.020366598778004074,1.0708333333333333,False,False,False,True,False,False,False,False,False,True,False,False
7.0,5.7,5.5,2,223,8.0,31.35,27.875,0.008928571428571428,0.3333333333333333,True,False,False,False,False,False,False,False,False,True,False,False
6.4,3.6,3.9,1,202,15.9,14.04,27.297297297297295,0.0049261083743842365,0.6625,True,False,False,False,False,False,False,False,False,False,True,False
5.7,7.3,6.0,8,273,1.0,43.8,40.74626865671642,0.029197080291970802,0.041666666666666664,True,False,False,False,False,False,False,False,False,False,False,True
9.7,2.1,1.9,0,20,28.1,3.9899999999999998,1.869158878504673,0.0,1.1708333333333334,False,False,False,False,True,False,True,False,False,False,False,False
5.5,6.6,7.4,4,327,9.1,48.839999999999996,50.30769230769231,0.012195121951219513,0.37916666666666665,False,False,True,False,False,False,False,False,False,False,True,False
5.3,3.0,4.2,0,485,22.0,12.600000000000001,76.98412698412699,0.0,0.9166666666666666,False,False,True,False,False,False,False,False,True,False,False,False
7.9,8.4,5.5,3,349,9.7,46.2,39.21348314606741,0.008571428571428572,0.4041666666666666,False,False,True,False,False,False,False,False,False,True,False,False
6.1,6.4,6.1,0,273,6.7,39.04,38.45070422535211,0.0,0.2791666666666667,False,False,False,False,False,True,False,True,False,False,False,False
5.1,6.3,2.4,3,45,4.3,15.12,7.3770491803278695,0.06521739130434782,0.17916666666666667,False,False,False,False,False,True,False,False,False,True,False,False
5.1,5.1,6.1,9,289,2.2,31.109999999999996,47.37704918032787,0.03103448275862069,0.09166666666666667,False,False,False,True,False,False,False,False,False,True,False,False
5.3,6.2,5.0,0,138,14.4,31.0,21.904761904761905,0.0,0.6,False,False,False,True,False,False,False,False,True,False,False,False
1.6,5.9,4.3,6,743,5.8,25.37,285.7692307692308,0.008064516129032258,0.24166666666666667,True,False,False,False,False,False,False,False,True,False,False,False
5.8,5.2,3.8,6,180,21.1,19.759999999999998,26.47058823529412,0.03314917127071823,0.8791666666666668,False,True,False,False,False,False,True,False,False,False,False,False
9.7,5.4,3.6,3,358,16.4,19.44,33.45794392523365,0.008356545961002786,0.6833333333333332,False,False,False,True,False,False,False,True,False,False,False,False
5.1,4.6,8.0,8,499,19.6,36.8,81.8032786885246,0.016,0.8166666666666668,False,False,False,False,False,True,True,False,False,False,False,False
6.6,6.4,6.1,3,314,8.5,39.04,41.31578947368421,0.009523809523809525,0.3541666666666667,False,False,False,False,False,True,False,False,True,False,False,False
5.7,5.7,3.0,6,19,13.9,17.1,2.835820895522388,0.3,0.5791666666666667,False,True,False,False,False,False,False,False,False,True,False,False
5.7,3.6,5.6,2,356,17.8,20.16,53.134328358208954,0.0056022408963585435,0.7416666666666667,False,False,True,False,False,False,False,False,False,True,False,False
4.1,4.3,3.4,3,125,14.4,14.62,24.50980392156863,0.023809523809523808,0.6,True,False,False,False,False,False,False,False,False,False,True,False
8.4,9.5,3.8,5,412,17.5,36.1,43.82978723404255,0.012106537530266344,0.7291666666666666,False,False,False,False,True,False,True,False,False,False,False,False
8.0,9.5,4.3,2,388,5.7,40.85,43.111111111111114,0.005141388174807198,0.23750000000000002,False,False,False,True,False,False,True,False,False,False,False,False
2.5,1.7,5.0,5,357,18.8,8.5,102.0,0.013966480446927373,0.7833333333333333,False,True,False,False,False,False,False,False,True,False,False,False
6.2,5.2,5.1,3,599,16.3,26.52,83.19444444444444,0.005,0.6791666666666667,True,False,False,False,False,False,True,False,False,False,False,False
8.4,6.1,6.2,4,448,20.0,37.82,47.659574468085104,0.008908685968819599,0.8333333333333334,True,False,False,False,False,False,False,False,False,False,True,False
5.5,5.7,7.4,5,221,11.2,42.18000000000001,34.0,0.02252252252252252,0.4666666666666666,False,True,False,False,False,False,False,True,False,False,False,False
6.7,1.0,5.7,0,262,26.9,5.7,34.02597402597402,0.0,1.1208333333333333,False,False,True,False,False,False,False,False,False,False,False,True
5.9,4.7,2.9,0,391,14.9,13.63,56.666666666666664,0.0,0.6208333333333333,False,False,False,False,False,True,False,True,False,False,False,False
3.2,3.2,3.5,4,511,14.6,11.200000000000001,121.66666666666666,0.0078125,0.6083333333333333,False,False,False,False,True,False,False,True,False,False,False,False
8.6,2.2,2.9,6,368,9.9,6.38,38.333333333333336,0.016260162601626018,0.41250000000000003,False,False,False,False,False,True,False,False,False,False,True,False
4.3,9.7,1.0,0,469,25.1,9.7,88.49056603773585,0.0,1.0458333333333334,False,False,False,True,False,False,False,False,True,False,False,False
5.4,6.1,2.9,0,533,1.2,17.689999999999998,83.28125,0.0,0.049999999999999996,False,False,False,True,False,False,False,False,True,False,False,False
9.7,8.9,7.0,6,126,23.6,62.300000000000004,11.77570093457944,0.047244094488188976,0.9833333333333334,False,False,False,False,False,True,True,False,False,False,False,False
5.8,5.5,6.2,1,525,17.3,34.1,77.20588235294117,0.0019011406844106464,0.7208333333333333,False,False,False,True,False,False,False,False,False,False,False,True
5.1,4.6,3.7,5,403,12.6,17.02,66.06557377049181,0.012376237623762377,0.525,False,False,True,False,False,False,True,False,False,False,False,False
8.1,5.5,6.6,3,608,25.2,36.3,66.81318681318682,0.0049261083743842365,1.05,False,False,False,False,True,False,False,False,False,True,False,False
7.3,8.0,6.7,5,556,12.0,53.6,66.98795180722891,0.008976660682226212,0.5,False,False,False,False,False,True,False,True,False,False,False,False
3.9,4.9,4.9,2,604,21.7,24.010000000000005,123.26530612244898,0.003305785123966942,0.9041666666666667,False,False,True,False,False,False,False,False,True,False,False,False
9.9,4.3,2.7,2,325,4.0,11.61,29.81651376146789,0.006134969325153374,0.16666666666666666,True,False,False,False,False,False,False,False,False,True,False,False
5.8,5.4,1.8,3,542,2.1,9.72,79.70588235294117,0.0055248618784530384,0.08750000000000001,False,True,False,False,False,False,False,True,False,False,False,False
2.9,5.3,2.6,0,385,27.5,13.78,98.71794871794872,0.0,1.1458333333333333,True,False,False,False,False,False,False,False,True,False,False,False
7.3,7.8,1.1,5,294,0.0,8.58,35.42168674698795,0.01694915254237288,0.0,False,True,False,False,False,False,False,False,False,False,True,False
5.5,4.1,6.5,0,823,23.2,26.65,126.61538461538461,0.0,0.9666666666666667,False,False,True,False,False,False,True,False,False,False,False,False
6.0,5.3,0.2,5,191,10.8,1.06,27.285714285714285,0.026041666666666668,0.45,False,False,False,False,True,False,False,True,False,False,False,False
5.7,8.7,4.1,2,388,24.4,35.669999999999995,57.91044776119403,0.005141388174807198,1.0166666666666666,False,False,True,False,False,False,True,False,False,False,False,False
4.3,4.4,6.9,7,78,7.3,30.360000000000003,14.716981132075473,0.08860759493670886,0.30416666666666664,False,False,False,False,True,False,False,False,False,False,False,True
7.0,4.2,5.5,1,424,22.4,23.1,53.0,0.002352941176470588,0.9333333333333332,False,False,False,False,False,True,False,False,False,True,False,False
4.8,10.0,7.3,11,254,8.9,73.0,43.793103448275865,0.043137254901960784,0.37083333333333335,False,True,False,False,False,False,True,False,False,False,False,False
9.0,6.7,4.1,0,383,15.2,27.47,38.3,0.0,0.6333333333333333,False,False,False,False,False,True,False,True,False,False,False,False
3.5,6.4,4.2,7,246,14.4,26.880000000000003,54.666666666666664,0.02834008097165992,0.6,False,False,False,False,False,True,False,False,True,False,False,False
7.1,8.1,4.1,6,108,0.0,33.209999999999994,13.333333333333334,0.05504587155963303,0.0,False,False,False,False,False,True,False,False,False,False,False,True
4.9,6.5,3.4,2,552,18.1,22.099999999999998,93.5593220338983,0.003616636528028933,0.7541666666666668,False,False,True,False,False,False,False,False,False,False,False,True
8.2,2.7,4.9,6,389,8.2,13.230000000000002,42.28260869565218,0.015384615384615385,0.3416666666666666,True,False,False,False,False,False,False,True,False,False,False,False
5.1,7.3,9.3,4,492,11.0,67.89,80.65573770491804,0.008113590263691683,0.4583333333333333,False,False,False,True,False,False,False,False,False,False,False,True
8.6,3.8,4.6,8,278,3.3,17.479999999999997,28.958333333333336,0.02867383512544803,0.13749999999999998,False,False,False,False,True,False,False,False,True,False,False,False
9.6,6.9,5.4,4,299,0.0,37.260000000000005,28.20754716981132,0.013333333333333334,0.0,False,False,False,False,False,True,False,False,False,False,True,False
2.8,3.0,6.2,5,303,15.4,18.6,79.73684210526316,0.01644736842105263,0.6416666666666667,False,False,False,True,False,False,False,False,True,False,False,False
8.1,6.6,5.5,5,413,10.1,36.3,45.38461538461539,0.012077294685990338,0.42083333333333334,False,False,True,False,False,False,False,True,False,False,False,False
8.1,4.6,2.4,7,376,8.4,11.04,41.31868131868132,0.01856763925729443,0.35000000000000003,False,False,False,True,False,False,False,False,False,False,True,False
6.6,3.1,6.9,6,433,17.2,21.39,56.973684210526315,0.013824884792626729,0.7166666666666667,False,False,False,False,True,False,False,True,False,False,False,False
8.1,6.4,3.1,3,249,20.9,19.840000000000003,27.362637362637365,0.012,0.8708333333333332,False,False,True,False,False,False,False,False,False,False,True,False
9.7,3.4,7.5,5,655,26.7,25.5,61.214953271028044,0.007621951219512195,1.1125,False,False,False,True,False,False,False,False,False,True,False,False
6.4,3.7,5.4,7,550,11.6,19.980000000000004,74.32432432432432,0.012704174228675136,0.48333333333333334,True,False,False,False,False,False,False,False,True,False,False,False
7.5,6.5,4.3,5,341,5.0,27.95,40.11764705882353,0.014619883040935672,0.20833333333333334,False,False,False,False,False,True,True,False,False,False,False,False
6.5,5.4,2.9,3,396,0.7,15.66,52.8,0.007556675062972292,0.029166666666666664,False,False,False,True,False,False,False,True,False,False,False,False
2.9,2.6,5.8,0,364,20.3,15.08,93.33333333333333,0.0,0.8458333333333333,False,False,False,False,True,False,False,True,False,False,False,False
6.8,3.6,5.8,4,609,14.9,20.88,78.07692307692308,0.006557377049180328,0.6208333333333333,False,True,False,False,False,False,False,False,False,False,True,False
7.4,6.8,2.3,4,168,8.0,15.639999999999999,20.0,0.023668639053254437,0.3333333333333333,False,False,False,False,False,True,False,False,False,False,False,True
4.6,0.5,1.3,2,339,0.0,0.65,60.53571428571429,0.0058823529411764705,0.0,False,True,False,False,False,False,False,False,False,False,True,False
5.8,8.1,4.6,6,303,7.3,37.26,44.55882352941177,0.019736842105263157,0.30416666666666664,False,False,False,True,False,False,False,False,False,False,False,True
5.5,3.5,5.4,5,268,26.6,18.900000000000002,41.23076923076923,0.01858736059479554,1.1083333333333334,False,False,False,False,True,False,False,False,False,False,True,False
7.4,4.9,5.3,2,380,14.7,25.970000000000002,45.238095238095234,0.005249343832020997,0.6124999999999999,False,True,False,False,False,False,False,False,True,False,False,False
7.0,6.9,7.1,1,185,11.4,48.99,23.125,0.005376344086021506,0.47500000000000003,False,False,False,False,False,True,False,True,False,False,False,False
7.5,5.7,2.9,7,385,9.2,16.53,45.294117647058826,0.018134715025906734,0.3833333333333333,False,False,True,False,False,False,True,False,False,False,False,False
4.2,3.0,5.5,5,563,0.5,16.5,108.26923076923076,0.008865248226950355,0.020833333333333332,False,False,False,False,True,False,False,False,False,False,True,False
5.1,6.6,2.9,6,519,16.1,19.139999999999997,85.08196721311477,0.011538461538461539,0.6708333333333334,False,True,False,False,False,False,True,False,False,False,False,False
7.0,5.6,2.1,0,141,22.1,11.76,17.625,0.0,0.9208333333333334,False,False,False,False,False,True,False,False,False,True,False,False
3.8,6.3,7.9,4,295,6.5,49.77,61.458333333333336,0.013513513513513514,0.2708333333333333,False,False,True,False,False,False,False,True,False,False,False,False
6.3,6.4,2.0,3,483,13.8,12.8,66.16438356164383,0.006198347107438017,0.5750000000000001,False,True,False,False,False,False,False,True,False,False,False,False
6.8,4.8,4.8,6,374,3.7,23.04,47.94871794871795,0.016,0.15416666666666667,False,False,False,False,False,True,True,False,False,False,False,False
7.9,2.7,4.0,8,208,10.9,10.8,23.370786516853933,0.03827751196172249,0.45416666666666666,False,False,False,False,False,True,False,False,False,True,False,False
6.3,7.5,5.2,6,212,31.5,39.0,29.04109589041096,0.028169014084507043,1.3125,False,False,False,False,True,False,True,False,False,False,False,False
5.9,7.8,6.7,2,363,12.5,52.26,52.60869565217391,0.005494505494505495,0.5208333333333334,True,False,False,False,False,False,False,False,False,False,True,False
6.7,5.6,5.9,5,392,24.0,33.04,50.90909090909091,0.01272264631043257,1.0,True,False,False,False,False,False,True,False,False,False,False,False
8.3,4.8,4.7,8,227,28.3,22.56,24.408602150537632,0.03508771929824561,1.1791666666666667,False,False,False,False,True,False,False,False,True,False,False,False
6.8,6.2,3.0,0,673,17.4,18.6,86.28205128205128,0.0,0.725,False,False,False,True,False,False,False,False,False,True,False,False
4.5,2.9,1.8,2,224,13.7,5.22,40.72727272727273,0.008888888888888889,0.5708333333333333,False,False,False,False,True,False,False,False,False,True,False,False
8.0,5.5,7.0,8,84,7.1,38.5,9.333333333333334,0.09411764705882353,0.29583333333333334,True,False,False,False,False,False,False,True,False,False,False,False
5.8,7.6,3.5,4,725,16.2,26.599999999999998,106.61764705882354,0.005509641873278237,0.6749999999999999,False,False,True,False,False,False,False,False,False,True,False,False
4.0,8.2,5.6,5,589,11.4,45.919999999999995,117.8,0.00847457627118644,0.47500000000000003,True,False,False,False,False,False,False,False,False,False,False,True
8.5,4.4,8.0,9,112,11.4,35.2,11.789473684210526,0.07964601769911504,0.47500000000000003,False,False,False,True,False,False,False,True,False,False,False,False
3.6,7.8,4.3,5,482,12.6,33.54,104.78260869565219,0.010351966873706004,0.525,False,False,False,False,False,True,False,False,True,False,False,False
2.6,3.8,2.9,9,252,17.0,11.02,70.0,0.03557312252964427,0.7083333333333334,False,False,False,False,True,False,False,False,True,False,False,False
5.2,6.2,0.9,5,21,19.1,5.58,3.3870967741935485,0.22727272727272727,0.7958333333333334,False,False,False,False,True,False,False,False,False,False,True,False
6.0,5.2,5.0,0,79,7.7,26.0,11.285714285714286,0.0,0.32083333333333336,False,False,True,False,False,False,False,False,False,True,False,False
4.6,7.3,4.9,1,252,29.0,35.77,45.0,0.003952569169960474,1.2083333333333333,True,False,False,False,False,False,False,False,True,False,False,False
8.8,2.7,3.9,1,223,2.8,10.530000000000001,22.755102040816325,0.004464285714285714,0.11666666666666665,False,False,True,False,False,False,False,False,False,True,False,False
7.4,5.6,2.1,4,470,18.6,11.76,55.95238095238095,0.008492569002123142,0.775,True,False,False,False,False,False,False,True,False,False,False,False
7.5,4.5,4.4,7,701,19.0,19.8,82.47058823529412,0.009971509971509971,0.7916666666666666,True,False,False,False,False,False,False,False,False,True,False,False
6.5,5.4,6.7,1,485,20.7,36.18000000000001,64.66666666666667,0.00205761316872428,0.8624999999999999,False,False,True,False,False,False,True,False,False,False,False,False
4.4,6.6,3.6,2,25,22.1,23.759999999999998,4.62962962962963,0.07692307692307693,0.9208333333333334,False,False,False,False,True,False,True,False,False,False,False,False
4.6,8.4,4.0,1,504,14.4,33.6,90.0,0.0019801980198019802,0.6,False,False,False,False,False,True,False,False,True,False,False,False
9.0,5.9,3.5,1,230,20.7,20.650000000000002,23.0,0.004329004329004329,0.8624999999999999,False,False,True,False,False,False,False,False,False,False,False,True
2.9,5.7,3.1,5,248,14.4,17.67,63.58974358974359,0.020080321285140562,0.6,False,True,False,False,False,False,False,False,True,False,False,False
8.2,5.5,5.8,0,213,9.0,31.9,23.15217391304348,0.0,0.375,False,False,False,True,False,False,True,False,False,False,False,False
5.0,3.5,6.4,1,453,18.1,22.400000000000002,75.5,0.0022026431718061676,0.7541666666666668,False,False,False,False,False,True,False,False,False,True,False,False
6.3,6.6,3.8,4,383,25.9,25.08,52.465753424657535,0.010416666666666666,1.0791666666666666,False,False,False,True,False,False,False,True,False,False,False,False
6.1,8.2,1.9,5,492,5.2,15.579999999999998,69.29577464788733,0.010141987829614604,0.21666666666666667,False,True,False,False,False,False,False,True,False,False,False,False
3.0,3.1,5.0,0,367,17.1,15.5,91.75,0.0,0.7125,False,False,False,True,False,False,False,True,False,False,False,False
5.5,4.9,8.7,4,201,27.5,42.63,30.923076923076923,0.019801980198019802,1.1458333333333333,False,False,False,True,False,False,False,False,False,False,False,True
5.5,2.1,2.0,2,555,9.6,4.2,85.38461538461539,0.0035971223021582736,0.39999999999999997,False,False,False,False,True,False,False,False,False,True,False,False
6.8,3.8,2.7,4,313,8.5,10.26,40.12820512820513,0.012738853503184714,0.3541666666666667,False,False,False,False,False,True,True,False,False,False,False,False
3.5,10.0,2.3,3,262,11.8,23.0,58.22222222222222,0.011406844106463879,0.4916666666666667,False,False,False,False,False,True,True,False,False,False,False,False
5.2,6.6,4.0,0,265,14.4,26.4,42.74193548387097,0.0,0.6,False,False,False,False,True,False,False,False,True,False,False,False
5.2,5.6,3.6,4,467,8.3,20.16,75.32258064516128,0.008547008547008548,0.3458333333333334,False,True,False,False,False,False,False,False,False,False,True,False
8.1,5.7,4.3,1,562,17.1,24.509999999999998,61.75824175824176,0.0017761989342806395,0.7125,False,False,True,False,False,False,False,False,False,True,False,False
4.4,4.3,0.0,4,408,16.3,0.0,75.55555555555556,0.009779951100244499,0.6791666666666667,False,True,False,False,False,False,False,False,True,False,False,False
8.8,5.9,9.4,0,357,24.2,55.46000000000001,36.42857142857142,0.0,1.0083333333333333,True,False,False,False,False,False,False,False,False,False,False,True
4.3,7.6,3.0,3,491,5.5,22.799999999999997,92.64150943396227,0.006097560975609756,0.22916666666666666,False,False,False,False,False,True,False,False,False,True,False,False
3.7,8.0,1.5,4,270,8.3,12.0,57.4468085106383,0.014760147601476014,0.3458333333333334,False,True,False,False,False,False,True,False,False,False,False,False
5.7,2.0,3.8,7,173,10.7,7.6,25.82089552238806,0.040229885057471264,0.4458333333333333,False,False,False,False,False,True,False,False,False,False,True,False
5.1,6.3,5.0,5,426,14.6,31.5,69.8360655737705,0.0117096018735363,0.6083333333333333,False,False,False,False,False,True,True,False,False,False,False,False
8.8,2.7,4.5,0,252,30.0,12.15,25.71428571428571,0.0,1.25,False,True,False,False,False,False,True,False,False,False,False,False
3.8,9.4,4.1,0,194,14.4,38.54,40.41666666666667,0.0,0.6,True,False,False,False,False,False,False,False,False,True,False,False
4.6,5.7,5.7,2,260,17.7,32.49,46.42857142857143,0.007662835249042145,0.7374999999999999,False,True,False,False,False,False,False,False,False,True,False,False
3.1,3.4,4.3,5,0,17.8,14.62,0.0,5.0,0.7416666666666667,False,False,False,False,False,True,True,False,False,False,False,False
9.3,6.7,2.9,4,422,15.5,19.43,40.970873786407765,0.009456264775413711,0.6458333333333334,False,True,False,False,False,False,False,False,False,False,False,True
7.3,5.8,7.9,1,375,21.3,45.82,45.18072289156626,0.0026595744680851063,0.8875000000000001,False,False,False,False,True,False,False,False,False,True,False,False
2.9,4.6,5.6,5,634,26.8,25.759999999999998,162.56410256410257,0.007874015748031496,1.1166666666666667,True,False,False,False,False,False,False,False,False,False,False,True
8.1,7.5,3.3,3,79,14.7,24.75,8.681318681318682,0.0375,0.6124999999999999,False,False,True,False,False,False,False,False,False,False,True,False
5.5,5.1,6.1,9,638,20.7,31.109999999999996,98.15384615384616,0.014084507042253521,0.8624999999999999,False,False,False,True,False,False,False,False,True,False,False,False
9.1,7.7,5.0,6,422,23.9,38.5,41.78217821782178,0.014184397163120567,0.9958333333333332,False,False,False,False,True,False,True,False,False,False,False,False
5.0,6.8,4.2,6,642,11.7,28.56,107.0,0.00933125972006221,0.4875,False,True,False,False,False,False,False,False,False,False,False,True
4.5,1.7,3.1,3,592,21.0,5.27,107.63636363636364,0.00505902192242833,0.875,False,False,True,False,False,False,False,False,False,False,False,True
5.3,4.0,4.6,3,64,13.1,18.4,10.158730158730158,0.046153846153846156,0.5458333333333333,False,False,True,False,False,False,False,False,False,False,True,False
9.4,8.4,3.8,7,336,18.2,31.919999999999998,32.30769230769231,0.020771513353115726,0.7583333333333333,False,False,False,False,False,True,False,False,False,True,False,False
6.7,0.9,4.5,11,167,16.6,4.05,21.68831168831169,0.06547619047619048,0.6916666666666668,False,False,True,False,False,False,False,False,False,False,False,True
7.7,2.4,3.2,5,347,17.8,7.68,39.88505747126437,0.014367816091954023,0.7416666666666667,False,False,False,False,False,True,False,False,False,False,False,True
3.1,3.4,4.3,5,324,25.3,14.62,79.02439024390245,0.015384615384615385,1.0541666666666667,False,True,False,False,False,False,True,False,False,False,False,False
7.0,6.8,7.4,6,449,5.4,50.32,56.125,0.013333333333333334,0.225,False,True,False,False,False,False,False,False,False,False,True,False
5.8,5.8,6.4,0,593,13.8,37.12,87.20588235294117,0.0,0.5750000000000001,False,False,False,False,False,True,False,False,False,False,True,False
5.6,4.5,9.1,0,318,2.2,40.949999999999996,48.18181818181819,0.0,0.09166666666666667,False,False,True,False,False,False,False,False,False,False,True,False
1.2,4.1,5.2,0,527,22.2,21.32,239.54545454545453,0.0,0.9249999999999999,False,False,False,True,False,False,False,False,False,True,False,False
0.6,6.2,5.7,4,204,8.1,35.34,127.5,0.01951219512195122,0.33749999999999997,False,False,False,False,True,False,False,False,True,False,False,False
6.2,6.0,8.7,2,280,18.0,52.199999999999996,38.888888888888886,0.0071174377224199285,0.75,False,True,False,False,False,False,False,False,False,False,False,True
6.5,7.9,3.1,5,554,10.1,24.490000000000002,73.86666666666666,0.009009009009009009,0.42083333333333334,False,False,False,False,False,True,False,False,False,False,True,False
3.6,7.0,1.1,8,407,29.6,7.700000000000001,88.47826086956522,0.0196078431372549,1.2333333333333334,False,False,False,True,False,False,False,False,False,True,False,False
8.0,6.9,5.2,3,386,0.0,35.88,42.888888888888886,0.007751937984496124,0.0,False,True,False,False,False,False,False,False,True,False,False,False
9.1,5.5,7.9,0,275,10.0,43.45,27.22772277227723,0.0,0.4166666666666667,True,False,False,False,False,False,False,True,False,False,False,False
7.9,0.0,5.0,1,142,11.5,0.0,15.95505617977528,0.006993006993006993,0.4791666666666667,False,False,False,False,True,False,False,False,False,False,False,True
10.0,8.0,3.6,5,142,17.4,28.8,12.909090909090908,0.03496503496503497,0.725,False,False,False,False,True,False,False,False,True,False,False,False
10.0,6.9,6.0,1,655,10.0,41.400000000000006,59.54545454545455,0.001524390243902439,0.4166666666666667,False,False,True,False,False,False,False,False,True,False,False,False
9.3,7.4,4.7,6,594,2.7,34.78,57.66990291262135,0.010084033613445379,0.1125,False,False,False,False,True,False,False,False,False,False,False,True
9.6,6.0,5.6,7,143,22.3,33.599999999999994,13.49056603773585,0.04861111111111111,0.9291666666666667,False,False,True,False,False,False,False,False,True,False,False,False
6.3,10.0,4.0,2,194,14.4,40.0,26.575342465753426,0.010256410256410256,0.6,False,False,False,True,False,False,False,True,False,False,False,False
4.3,7.1,2.1,9,513,19.0,14.91,96.79245283018868,0.017509727626459144,0.7916666666666666,True,False,False,False,False,False,False,False,False,False,True,False
